path,label,defect_type,corrupt,width,height,mode,format,brightness,contrast,sharpness,md5,aspect,area
data/raw/normal/free__exp0_num_743.jpg,normal,free,False,240,289,L,JPEG,54.87902069091797,11.913874626159668,603.8302001953125,b3243285a1d730efb3daf6f019b6af3b,0.8304498269896193,69360
data/raw/normal/free__exp1_num_10181.jpg,normal,free,False,494,361,L,JPEG,74.55763244628906,26.1185359954834,108.15412902832031,9fd32a0185143c31d4f7e7e7e9bccb73,1.368421052631579,178334
data/raw/normal/free__exp1_num_10334.jpg,normal,free,False,511,321,L,JPEG,63.75688171386719,15.949447631835938,70.2354736328125,21fbd7fc47dd3d026845865471b364b5,1.5919003115264798,164031
data/raw/normal/free__exp1_num_106151.jpg,normal,free,False,248,359,L,JPEG,64.10321807861328,24.54078483581543,203.5123748779297,09839899f6b198f53e102451ffaf1cd6,0.6908077994428969,89032
data/raw/normal/free__exp1_num_106729.jpg,normal,free,False,254,347,L,JPEG,64.99226379394531,19.564430236816406,283.4439697265625,00b6110704734138d67a71b1912b6450,0.7319884726224783,88138
data/raw/normal/free__exp1_num_10903.jpg,normal,free,False,506,347,L,JPEG,53.34775161743164,18.926851272583008,97.85450744628906,719372aa51c19414965e83b57626f968,1.45821325648415,175582
data/raw/normal/free__exp1_num_110086.jpg,normal,free,False,603,248,L,JPEG,51.519866943359375,12.168252944946289,99.672607421875,c74f9672e4c8cf130388718867145aac,2.431451612903226,149544
data/raw/normal/free__exp1_num_11276.jpg,normal,free,False,473,360,L,JPEG,48.99945831298828,15.94975757598877,224.18959045410156,bcbc1f6196bdb7df5a4fcd8e21f3fecd,1.3138888888888889,170280
data/raw/normal/free__exp1_num_114376.jpg,normal,free,False,256,369,L,JPEG,71.78910827636719,19.47458267211914,294.4334716796875,4ddee430f6d2c98e3b8fcf2032a18e0d,0.6937669376693767,94464
data/raw/normal/free__exp1_num_116270.jpg,normal,free,False,598,259,L,JPEG,69.66893768310547,16.88668441772461,211.3955535888672,fe4b6f9122c9223ea8f46a44693fd9e8,2.3088803088803087,154882
data/raw/normal/free__exp1_num_116949.jpg,normal,free,False,295,296,L,JPEG,59.08784866333008,13.56312370300293,191.61810302734375,92e6fa6464ec95c947af905e560e37ef,0.9966216216216216,87320
data/raw/normal/free__exp1_num_118871.jpg,normal,free,False,585,253,L,JPEG,75.3218994140625,18.146114349365234,190.27444458007812,4be37d408266fdbaf271f0bda8548130,2.3122529644268774,148005
data/raw/normal/free__exp1_num_126299.jpg,normal,free,False,298,334,L,JPEG,53.53520584106445,12.868245124816895,129.8878631591797,f52435497b97c97fc72ec52b4c0b64c8,0.8922155688622755,99532
data/raw/normal/free__exp1_num_126795.jpg,normal,free,False,304,342,L,JPEG,58.99048614501953,13.838828086853027,246.27769470214844,c31b6a864197329e7282b212a7254d1c,0.8888888888888888,103968
data/raw/normal/free__exp1_num_127649.jpg,normal,free,False,294,337,L,JPEG,56.975929260253906,15.898540496826172,142.64938354492188,31ffcd856292187f39f2192fe28ffb91,0.8724035608308606,99078
data/raw/normal/free__exp1_num_128075.jpg,normal,free,False,309,332,L,JPEG,53.62482833862305,12.452371597290039,169.34616088867188,a49f1073e55a5598bc820c2c7b32dbb6,0.9307228915662651,102588
data/raw/normal/free__exp1_num_129580.jpg,normal,free,False,246,357,L,JPEG,76.05785369873047,17.547277450561523,326.51654052734375,ab1ace5bdbe299380013bd54dff48899,0.6890756302521008,87822
data/raw/normal/free__exp1_num_13526.jpg,normal,free,False,505,323,L,JPEG,59.05426788330078,13.911178588867188,147.30252075195312,d69a59665b555721f9e43d7020899630,1.563467492260062,163115
data/raw/normal/free__exp1_num_138599.jpg,normal,free,False,601,248,L,JPEG,61.855289459228516,15.445465087890625,153.2213592529297,dff5a2f326f7d36fc491e8f0e7734d34,2.4233870967741935,149048
data/raw/normal/free__exp1_num_143147.jpg,normal,free,False,603,254,L,JPEG,63.46950149536133,14.72668743133545,160.91531372070312,62e9d98302d3f2ba97401179cf093dbf,2.374015748031496,153162
data/raw/normal/free__exp1_num_144162.jpg,normal,free,False,592,246,L,JPEG,67.31372833251953,17.8175048828125,158.4454803466797,21701736d8a16e489ba978a84aa37e82,2.4065040650406506,145632
data/raw/normal/free__exp1_num_147928.jpg,normal,free,False,601,244,L,JPEG,78.81262969970703,21.214439392089844,280.868408203125,838f379a17877ada96b0682c31a4b041,2.4631147540983607,146644
data/raw/normal/free__exp1_num_148923.jpg,normal,free,False,590,235,L,JPEG,69.8314208984375,14.713696479797363,118.30619049072266,f5cb3082a32e24425801bb038e27ac20,2.5106382978723403,138650
data/raw/normal/free__exp1_num_154549.jpg,normal,free,False,192,309,L,JPEG,79.7577896118164,16.70340347290039,390.8116149902344,e36c93b598092044ed70e0374e70c2c1,0.6213592233009708,59328
data/raw/normal/free__exp1_num_157166.jpg,normal,free,False,195,319,L,JPEG,76.51384735107422,12.150962829589844,203.5230255126953,20449b83ee072048e3b2856fa7c817a7,0.6112852664576802,62205
data/raw/normal/free__exp1_num_157675.jpg,normal,free,False,182,319,L,JPEG,63.727962493896484,10.07437801361084,214.7230987548828,55921213575e1bc6b4481e0aa3e1d7a6,0.5705329153605015,58058
data/raw/normal/free__exp1_num_16503.jpg,normal,free,False,529,315,L,JPEG,61.5744514465332,17.324235916137695,103.15961456298828,01a2ea357f2a7a2a29bfba34ddd49a49,1.6793650793650794,166635
data/raw/normal/free__exp1_num_165362.jpg,normal,free,False,192,318,L,JPEG,84.86671447753906,15.044940948486328,338.4664306640625,d6e7fa236062643d881b71ca45dbb415,0.6037735849056604,61056
data/raw/normal/free__exp1_num_166172.jpg,normal,free,False,187,324,L,JPEG,69.18785858154297,11.871342658996582,238.8243865966797,b0649fac8c6b64dca623e6ccbc305cf2,0.5771604938271605,60588
data/raw/normal/free__exp1_num_174647.jpg,normal,free,False,192,314,L,JPEG,93.26008605957031,17.056489944458008,347.3365478515625,da7db5fe4288979510ef4ed8b9f3f2ef,0.6114649681528662,60288
data/raw/normal/free__exp1_num_177906.jpg,normal,free,False,190,307,L,JPEG,98.04507446289062,16.771259307861328,640.8159790039062,e7517a9bc9be30136d4a8e321bc26e58,0.6188925081433225,58330
data/raw/normal/free__exp1_num_178453.jpg,normal,free,False,190,321,L,JPEG,72.44239807128906,14.061174392700195,327.3484191894531,f636684f1f9d039ae5fb5ac3b81499a1,0.5919003115264797,60990
data/raw/normal/free__exp1_num_180298.jpg,normal,free,False,188,326,L,JPEG,61.80477523803711,11.343835830688477,232.59413146972656,95b5bd9dfcf9e8392846914f59cee139,0.5766871165644172,61288
data/raw/normal/free__exp1_num_180836.jpg,normal,free,False,198,319,L,JPEG,72.46638488769531,14.7994384765625,205.37884521484375,d723df7a79b3d5a6e3684636abc68ae0,0.6206896551724138,63162
data/raw/normal/free__exp1_num_1810.jpg,normal,free,False,237,272,L,JPEG,52.304264068603516,9.834342002868652,97.69552612304688,b544b9d10e3b2baec64f75a5d7115d4c,0.8713235294117647,64464
data/raw/normal/free__exp1_num_18129.jpg,normal,free,False,512,319,L,JPEG,62.759944915771484,15.322072982788086,140.06161499023438,fe21d5bcea592aeb66f133dcf53cb8f5,1.6050156739811912,163328
data/raw/normal/free__exp1_num_183137.jpg,normal,free,False,193,317,L,JPEG,95.88652038574219,18.350143432617188,502.27142333984375,fe621688c936f7b77c1be82250e07ba6,0.6088328075709779,61181
data/raw/normal/free__exp1_num_183798.jpg,normal,free,False,191,317,L,JPEG,85.74139404296875,16.664106369018555,351.3811950683594,edfcb98c726ca5ee3083cfc35d36a9c4,0.6025236593059937,60547
data/raw/normal/free__exp1_num_187505.jpg,normal,free,False,196,320,L,JPEG,83.07200622558594,17.816112518310547,250.81800842285156,30f8d737c2b4cbe5466d113175f5e7c8,0.6125,62720
data/raw/normal/free__exp1_num_192126.jpg,normal,free,False,195,312,L,JPEG,96.27700805664062,20.241666793823242,458.9222412109375,3cf0210136d2ae484344aba3dd97ad65,0.625,60840
data/raw/normal/free__exp1_num_193104.jpg,normal,free,False,180,317,L,JPEG,97.52600860595703,17.234289169311523,394.5339660644531,08bbab5afa488c63c49be95f0bfee983,0.5678233438485805,57060
data/raw/normal/free__exp1_num_195647.jpg,normal,free,False,189,313,L,JPEG,87.89643096923828,14.06078815460205,271.3680419921875,8d3d05d21ae40e2e00a11a27d644b4a0,0.6038338658146964,59157
data/raw/normal/free__exp1_num_19695.jpg,normal,free,False,509,321,L,JPEG,59.82240676879883,13.399924278259277,132.8525848388672,72c0bdf6957f04203319c100c0c82171,1.5856697819314642,163389
data/raw/normal/free__exp1_num_2038.jpg,normal,free,False,502,368,L,JPEG,65.63629150390625,21.4420108795166,118.88322448730469,bc4382318eb3831eabf03f09467915f2,1.3641304347826086,184736
data/raw/normal/free__exp1_num_240048.jpg,normal,free,False,264,360,L,JPEG,73.1878662109375,22.073850631713867,273.2227783203125,9f9677d0cc252a8343d6df54d2a400e1,0.7333333333333333,95040
data/raw/normal/free__exp1_num_241352.jpg,normal,free,False,208,266,L,JPEG,57.3787956237793,13.280804634094238,188.7718505859375,e45fe496324a20fdacd85b5401cd6b7a,0.7819548872180451,55328
data/raw/normal/free__exp1_num_245763.jpg,normal,free,False,211,248,L,JPEG,66.04190826416016,16.641544342041016,359.3238525390625,b34207df44140762bdaf3e511bdbe98c,0.8508064516129032,52328
data/raw/normal/free__exp1_num_246296.jpg,normal,free,False,220,269,L,JPEG,71.06986999511719,17.065673828125,343.4030456542969,853c4ea83a1b4a18554e12ecf8a218c5,0.8178438661710037,59180
data/raw/normal/free__exp1_num_251427.jpg,normal,free,False,217,246,L,JPEG,69.29097747802734,22.85649299621582,356.3525695800781,d4e424a5fba491c3793efa7201e4ca74,0.8821138211382114,53382
data/raw/normal/free__exp1_num_255641.jpg,normal,free,False,261,361,L,JPEG,70.94489288330078,15.968399047851562,256.9772033691406,19dc358f78f3b51ac652980bdf313230,0.7229916897506925,94221
data/raw/normal/free__exp1_num_256261.jpg,normal,free,False,265,375,L,JPEG,62.930084228515625,18.318681716918945,229.40859985351562,6f83546fc35a00e99195183dc1d8da5b,0.7066666666666667,99375
data/raw/normal/free__exp1_num_257103.jpg,normal,free,False,218,273,L,JPEG,64.31881713867188,20.456581115722656,269.6372375488281,c1eedd9709e8c2cdc06a988ca1a84dae,0.7985347985347986,59514
data/raw/normal/free__exp1_num_257630.jpg,normal,free,False,238,337,L,JPEG,66.69673156738281,23.105609893798828,158.406005859375,18f6e182ea9db5cc3958a2df0d90c417,0.7062314540059347,80206
data/raw/normal/free__exp1_num_258819.jpg,normal,free,False,217,259,L,JPEG,60.67035675048828,18.096946716308594,329.86212158203125,3de1116d8f870c8f7da70c24f44d9929,0.8378378378378378,56203
data/raw/normal/free__exp1_num_260482.jpg,normal,free,False,218,262,L,JPEG,65.25418090820312,18.855405807495117,409.3689880371094,5f3af07ba24cf352c9bf7c5c319b094e,0.8320610687022901,57116
data/raw/normal/free__exp1_num_260927.jpg,normal,free,False,217,266,L,JPEG,65.90386962890625,14.079777717590332,285.9236755371094,ea1b24abe0171f71c868d65740cdf904,0.8157894736842105,57722
data/raw/normal/free__exp1_num_2610.jpg,normal,free,False,121,283,L,JPEG,67.02660369873047,15.423677444458008,324.7404479980469,03ae0d81899cccc45481a454c4956150,0.4275618374558304,34243
data/raw/normal/free__exp1_num_261937.jpg,normal,free,False,218,273,L,JPEG,68.02782440185547,21.16880989074707,414.6290588378906,1f2aafec6a3f3b1f3919c6a19e6e8550,0.7985347985347986,59514
data/raw/normal/free__exp1_num_262216.jpg,normal,free,False,267,377,L,JPEG,65.81580352783203,21.77189826965332,217.7964630126953,cf24c8ce3a61831a33ec10b467a546a3,0.7082228116710876,100659
data/raw/normal/free__exp1_num_262642.jpg,normal,free,False,265,381,L,JPEG,72.07916259765625,18.36773109436035,271.7232360839844,a4eb37991b7ac3541a424e46d5ac410c,0.6955380577427821,100965
data/raw/normal/free__exp1_num_263839.jpg,normal,free,False,269,371,L,JPEG,71.2297134399414,23.234092712402344,256.4189453125,967fdd46807a392d78d6803f4fb79d95,0.7250673854447439,99799
data/raw/normal/free__exp1_num_264189.jpg,normal,free,False,269,373,L,JPEG,66.03546142578125,17.51569366455078,181.2892303466797,62a6c3915616926958f4354117a0ac78,0.7211796246648794,100337
data/raw/normal/free__exp1_num_266278.jpg,normal,free,False,215,249,L,JPEG,66.53062438964844,15.46275806427002,299.32666015625,06122787eb02960701781bc3c0eba95c,0.8634538152610441,53535
data/raw/normal/free__exp1_num_266790.jpg,normal,free,False,217,266,L,JPEG,65.64746856689453,16.979143142700195,245.97254943847656,cafdbc2c9063d4a8d6a86e31127f924d,0.8157894736842105,57722
data/raw/normal/free__exp1_num_269086.jpg,normal,free,False,216,277,L,JPEG,63.26432418823242,14.106759071350098,258.1144714355469,5a673a9a618d8aea069d7fec494e9254,0.779783393501805,59832
data/raw/normal/free__exp1_num_269626.jpg,normal,free,False,219,265,L,JPEG,60.31673812866211,16.24839973449707,236.36007690429688,f4ed85390110852f97ae3041648089fb,0.8264150943396227,58035
data/raw/normal/free__exp1_num_270550.jpg,normal,free,False,245,330,L,JPEG,62.16324234008789,18.337785720825195,198.48704528808594,71383a64aca1dc685b15bbbd3f29044f,0.7424242424242424,80850
data/raw/normal/free__exp1_num_270753.jpg,normal,free,False,221,281,L,JPEG,76.52043914794922,22.958871841430664,431.9154052734375,e0598217ce7c2b7c7d3679575d2e5a93,0.7864768683274022,62101
data/raw/normal/free__exp1_num_275371.jpg,normal,free,False,259,373,L,JPEG,74.24579620361328,23.499980926513672,300.8648681640625,36e6f16ff00c976693e0b941e589dc74,0.6943699731903485,96607
data/raw/normal/free__exp1_num_275662.jpg,normal,free,False,268,362,L,JPEG,72.98785400390625,18.435997009277344,252.2361297607422,f614b1d8cb5d2accef679bc39d376eee,0.7403314917127072,97016
data/raw/normal/free__exp1_num_276985.jpg,normal,free,False,261,365,L,JPEG,74.4710464477539,17.151363372802734,232.401123046875,ef27ef0d43c1aca0a1f29e63aa2ca395,0.7150684931506849,95265
data/raw/normal/free__exp1_num_278570.jpg,normal,free,False,266,363,L,JPEG,75.06449127197266,23.107847213745117,429.2474670410156,d5d046402a0be9b9e0af089019c0c267,0.7327823691460055,96558
data/raw/normal/free__exp1_num_279090.jpg,normal,free,False,269,375,L,JPEG,67.24919128417969,22.053848266601562,238.20521545410156,c204cc56e0cfd13722dc000ba984b280,0.7173333333333334,100875
data/raw/normal/free__exp1_num_280205.jpg,normal,free,False,254,351,L,JPEG,67.02166748046875,21.92877197265625,343.50799560546875,b40f45c22e3053671d651ab3d18b4059,0.7236467236467237,89154
data/raw/normal/free__exp1_num_280939.jpg,normal,free,False,236,359,L,JPEG,53.54228973388672,18.913311004638672,139.25384521484375,52b18a73385ed2da89b909ab7d82edb4,0.6573816155988857,84724
data/raw/normal/free__exp1_num_282886.jpg,normal,free,False,254,354,L,JPEG,54.400028228759766,20.765783309936523,140.3687286376953,12f9237313945c634f1f109866f00145,0.7175141242937854,89916
data/raw/normal/free__exp1_num_283203.jpg,normal,free,False,246,283,L,JPEG,58.415122985839844,17.32627296447754,168.1229248046875,ba09e82a8bd29b00a88782e95e0aa831,0.8692579505300353,69618
data/raw/normal/free__exp1_num_284841.jpg,normal,free,False,247,353,L,JPEG,53.637611389160156,18.569143295288086,162.6453399658203,bca12f204cc93d35679e18292df9b48f,0.6997167138810199,87191
data/raw/normal/free__exp1_num_286232.jpg,normal,free,False,283,343,L,JPEG,61.57163619995117,15.923785209655762,157.7708282470703,4bf285744d82f7e119b278ea5053a545,0.8250728862973761,97069
data/raw/normal/free__exp1_num_289590.jpg,normal,free,False,304,337,L,JPEG,52.920875549316406,13.702801704406738,130.61512756347656,b52fedcacf3e6399ea82ad5830116187,0.9020771513353115,102448
data/raw/normal/free__exp1_num_290047.jpg,normal,free,False,309,343,L,JPEG,58.009037017822266,13.685458183288574,261.69171142578125,4ac02a81053c1e19554d30f907554eda,0.9008746355685131,105987
data/raw/normal/free__exp1_num_292087.jpg,normal,free,False,289,328,L,JPEG,60.60762405395508,12.832180976867676,256.4658203125,88d4664847dc9d9dd2a2a7e4a34b5c6d,0.8810975609756098,94792
data/raw/normal/free__exp1_num_293254.jpg,normal,free,False,292,323,L,JPEG,52.05955505371094,14.458963394165039,144.5242919921875,74fd89dd13952d1d9caa61d95925946b,0.9040247678018576,94316
data/raw/normal/free__exp1_num_293709.jpg,normal,free,False,296,332,L,JPEG,54.294986724853516,12.21114730834961,186.24609375,853d96b999cd1a1dd8341318fc7bdff7,0.891566265060241,98272
data/raw/normal/free__exp1_num_29469.jpg,normal,free,False,525,320,L,JPEG,67.84588623046875,19.89992332458496,113.60780334472656,db4a7c545714043594bbefa980309adf,1.640625,168000
data/raw/normal/free__exp1_num_296631.jpg,normal,free,False,308,350,L,JPEG,55.665138244628906,15.659826278686523,156.1162109375,c910f5ac72a722b18b8cb8e33a1630ef,0.88,107800
data/raw/normal/free__exp1_num_297276.jpg,normal,free,False,311,345,L,JPEG,57.28893280029297,15.088973045349121,295.7588806152344,db59bfc18a7ebff24911d2bc582ffd01,0.9014492753623189,107295
data/raw/normal/free__exp1_num_299713.jpg,normal,free,False,218,266,L,JPEG,65.23213195800781,18.281618118286133,349.9327392578125,3517d81dfd99f006b5993fd7a6e70c0b,0.8195488721804511,57988
data/raw/normal/free__exp1_num_301474.jpg,normal,free,False,360,360,L,JPEG,66.8408432006836,16.94868278503418,157.6925506591797,60431c457499b55471626dff78f423e4,1.0,129600
data/raw/normal/free__exp1_num_304293.jpg,normal,free,False,307,324,L,JPEG,64.3410415649414,18.760196685791016,125.19120025634766,ca4de97155f65369877c5d4b206e81cd,0.9475308641975309,99468
data/raw/normal/free__exp1_num_304672.jpg,normal,free,False,309,306,L,JPEG,67.3101806640625,17.378751754760742,148.76478576660156,de5d24f15129443b92926fe42bb3d357,1.0098039215686274,94554
data/raw/normal/free__exp1_num_304836.jpg,normal,free,False,206,267,L,JPEG,60.13644790649414,16.0069637298584,185.29083251953125,b1553a3d603fd8bb1eafd83d4467de22,0.7715355805243446,55002
data/raw/normal/free__exp1_num_306425.jpg,normal,free,False,209,262,L,JPEG,66.22285461425781,16.081268310546875,337.9583740234375,bbfb16757b76d103faf1c1da1285452b,0.7977099236641222,54758
data/raw/normal/free__exp1_num_306586.jpg,normal,free,False,348,365,L,JPEG,70.13262939453125,17.320541381835938,93.9310302734375,0e139e7a5d14717c6cb3300654775bbc,0.9534246575342465,127020
data/raw/normal/free__exp1_num_308806.jpg,normal,free,False,357,358,L,JPEG,75.42244720458984,21.33904266357422,219.5684814453125,c65f5f4e9446ca4290e9861bf7eac8f7,0.9972067039106145,127806
data/raw/normal/free__exp1_num_309352.jpg,normal,free,False,362,362,L,JPEG,65.77404022216797,19.071455001831055,76.02669525146484,f05f4f3c3e014b80502f382d69a148b9,1.0,131044
data/raw/normal/free__exp1_num_309648.jpg,normal,free,False,218,270,L,JPEG,62.675655364990234,19.369226455688477,399.267578125,f61c97c35e384ff240c5cc03071e6dae,0.8074074074074075,58860
data/raw/normal/free__exp1_num_31106.jpg,normal,free,False,122,281,L,JPEG,66.90409088134766,17.55548858642578,470.7228698730469,9e9f4efbbef4feab4f4560f879ab3c14,0.43416370106761565,34282
data/raw/normal/free__exp1_num_311322.jpg,normal,free,False,220,268,L,JPEG,75.67542266845703,23.954891204833984,625.39404296875,f9df7e44f6f319ac4a8c68e501a47f3c,0.8208955223880597,58960
data/raw/normal/free__exp1_num_313835.jpg,normal,free,False,247,368,L,JPEG,66.43666076660156,24.82105827331543,226.21937561035156,23bbb1e56e12e5ad88187a5a3ab23162,0.6711956521739131,90896
data/raw/normal/free__exp1_num_314979.jpg,normal,free,False,201,269,L,JPEG,67.996337890625,17.983121871948242,461.23883056640625,f994b75bf2ec9c872365d868e8e15353,0.7472118959107806,54069
data/raw/normal/free__exp1_num_316333.jpg,normal,free,False,364,357,L,JPEG,74.56123352050781,21.97743034362793,230.05789184570312,9cd768848ff84f91b33b36432269c566,1.0196078431372548,129948
data/raw/normal/free__exp1_num_316698.jpg,normal,free,False,348,364,L,JPEG,70.46166229248047,18.426677703857422,92.5134048461914,5daee89b1b9686a9da763415ea468535,0.9560439560439561,126672
data/raw/normal/free__exp1_num_317560.jpg,normal,free,False,372,353,L,JPEG,71.19825744628906,22.03631591796875,181.1171112060547,97c813e2b01f4bc46c07912fb418dca4,1.0538243626062322,131316
data/raw/normal/free__exp1_num_317885.jpg,normal,free,False,360,364,L,JPEG,69.14320373535156,20.278661727905273,86.07562255859375,fcd09337a346c3b484710c93384c93e6,0.989010989010989,131040
data/raw/normal/free__exp1_num_319321.jpg,normal,free,False,363,358,L,JPEG,69.41519165039062,20.392414093017578,248.43714904785156,5014c975307bf5764affed303c3f6c9d,1.0139664804469273,129954
data/raw/normal/free__exp1_num_319420.jpg,normal,free,False,222,274,L,JPEG,65.5483169555664,19.780681610107422,297.83807373046875,6f597dd11236d60ddf8165d4b555fd91,0.8102189781021898,60828
data/raw/normal/free__exp1_num_319680.jpg,normal,free,False,349,362,L,JPEG,66.30272674560547,18.058752059936523,92.53117370605469,6860b75731d06160cf9e2500a5c47d22,0.9640883977900553,126338
data/raw/normal/free__exp1_num_320441.jpg,normal,free,False,359,368,L,JPEG,74.288818359375,23.033205032348633,269.831787109375,a77a034cf1399fbe2ee9a569ffef7c57,0.9755434782608695,132112
data/raw/normal/free__exp1_num_320808.jpg,normal,free,False,359,358,L,JPEG,68.25797271728516,18.498502731323242,88.92632293701172,1a1d209900fecbf00ddade5065a406e9,1.0027932960893855,128522
data/raw/normal/free__exp1_num_320895.jpg,normal,free,False,359,358,L,JPEG,67.89480590820312,18.471160888671875,89.9589614868164,5f87850380065170fe5c4accd0ce3196,1.0027932960893855,128522
data/raw/normal/free__exp1_num_323319.jpg,normal,free,False,219,272,L,JPEG,58.955108642578125,15.109787940979004,219.0332794189453,17b10bc40463e3fbbc7bddbe02a74e47,0.8051470588235294,59568
data/raw/normal/free__exp1_num_326586.jpg,normal,free,False,374,348,L,JPEG,70.1236801147461,20.097227096557617,198.35931396484375,7b5283cd2cd8b8a3ee287feba347c51a,1.0747126436781609,130152
data/raw/normal/free__exp1_num_326904.jpg,normal,free,False,355,362,L,JPEG,66.87984466552734,17.96478271484375,86.14082336425781,b419eb06fd75141de75c1ee55f7a4d9b,0.9806629834254144,128510
data/raw/normal/free__exp1_num_329206.jpg,normal,free,False,374,358,L,JPEG,62.38482666015625,17.67857551574707,163.79457092285156,0b3c55c20c41822b6f7e53f4cb215e7a,1.0446927374301676,133892
data/raw/normal/free__exp1_num_331931.jpg,normal,free,False,352,355,L,JPEG,70.24327850341797,19.494592666625977,180.69049072265625,6c468a2f7e2ff376282a56e1013e80fd,0.9915492957746479,124960
data/raw/normal/free__exp1_num_332686.jpg,normal,free,False,309,351,L,JPEG,58.894081115722656,18.778514862060547,160.10617065429688,bd08608dd762bc7c7f6fd1f3a30cbc3c,0.8803418803418803,108459
data/raw/normal/free__exp1_num_337646.jpg,normal,free,False,484,384,L,JPEG,62.631134033203125,24.900146484375,295.56097412109375,0f64a886e5c11bef01bda06ca6a8ad7e,1.2604166666666667,185856
data/raw/normal/free__exp1_num_338856.jpg,normal,free,False,492,373,L,JPEG,65.53656768798828,24.2825927734375,273.0913391113281,1a7f7fe17b355357a2ce908b69ce04b9,1.3190348525469169,183516
data/raw/normal/free__exp1_num_34078.jpg,normal,free,False,523,318,L,JPEG,55.982147216796875,16.045270919799805,69.71282196044922,7a965bc94a5bc1e942ce912069fb6d43,1.6446540880503144,166314
data/raw/normal/free__exp1_num_342849.jpg,normal,free,False,517,370,L,JPEG,68.4966049194336,23.843299865722656,85.0101547241211,cd19f016e24dbc9d0c1116aa6e0d9fd2,1.3972972972972972,191290
data/raw/normal/free__exp1_num_344557.jpg,normal,free,False,501,359,L,JPEG,50.349708557128906,15.757451057434082,88.0016860961914,935785e3afe4d732f5629f68bea2967d,1.3955431754874652,179859
data/raw/normal/free__exp1_num_349824.jpg,normal,free,False,481,364,L,JPEG,62.80675506591797,23.978713989257812,322.4961242675781,a63f7c029e37f79af5b119986f505271,1.3214285714285714,175084
data/raw/normal/free__exp1_num_3504.jpg,normal,free,False,127,271,L,JPEG,68.67786407470703,20.823030471801758,298.5661926269531,d473ef3d3c657e04001c866d08123d7c,0.46863468634686345,34417
data/raw/normal/free__exp1_num_351039.jpg,normal,free,False,490,355,L,JPEG,69.4223861694336,26.671585083007812,300.795654296875,b046c5469ebb2d945153b35127ff1ba6,1.380281690140845,173950
data/raw/normal/free__exp1_num_351427.jpg,normal,free,False,509,357,L,JPEG,70.900146484375,25.956417083740234,78.9775161743164,0fe0264daf3d565d1b7334b232665395,1.4257703081232493,181713
data/raw/normal/free__exp1_num_354377.jpg,normal,free,False,494,364,L,JPEG,66.67579650878906,26.210485458374023,311.8365173339844,e8462e9889c02c8b91bcdf43294767ad,1.3571428571428572,179816
data/raw/normal/free__exp1_num_355636.jpg,normal,free,False,483,372,L,JPEG,70.02012634277344,26.050596237182617,358.2733154296875,70313838e71566e3678ed4209464c2c0,1.2983870967741935,179676
data/raw/normal/free__exp1_num_358102.jpg,normal,free,False,476,369,L,JPEG,73.40298461914062,27.759952545166016,400.4588623046875,07a79d6058cbec3cd3568ae8d4f4894f,1.2899728997289972,175644
data/raw/normal/free__exp1_num_358933.jpg,normal,free,False,496,365,L,JPEG,49.81827163696289,19.094690322875977,259.6217346191406,08cfc2d9b33e086bbf472788dcad6115,1.358904109589041,181040
data/raw/normal/free__exp1_num_359448.jpg,normal,free,False,499,377,L,JPEG,55.796424865722656,20.601104736328125,112.6968994140625,bf82d0b25088ab291ffb387ab1dcabbe,1.323607427055703,188123
data/raw/normal/free__exp1_num_37243.jpg,normal,free,False,518,325,L,JPEG,62.13429260253906,17.18503189086914,142.9949493408203,c44a4625fa7bf3a6b10174ea0b872fdf,1.593846153846154,168350
data/raw/normal/free__exp1_num_37262.jpg,normal,free,False,126,277,L,JPEG,51.344364166259766,13.426775932312012,213.8936309814453,5579b94b39029dc25e0927704024ff02,0.4548736462093863,34902
data/raw/normal/free__exp1_num_3786.jpg,normal,free,False,116,275,L,JPEG,54.5828857421875,15.125372886657715,245.77696228027344,a06a1b10ee9bbc557474660bc822b547,0.4218181818181818,31900
data/raw/normal/free__exp1_num_37978.jpg,normal,free,False,529,317,L,JPEG,57.37308120727539,15.421629905700684,66.52042388916016,da0d02364ae9002bf1c0179b6546cbb8,1.6687697160883281,167693
data/raw/normal/free__exp1_num_39412.jpg,normal,free,False,126,281,L,JPEG,70.33547973632812,19.039812088012695,409.5230407714844,e7098f553764c4d0075ef387c2e5f107,0.4483985765124555,35406
data/raw/normal/free__exp1_num_43817.jpg,normal,free,False,527,315,L,JPEG,58.354736328125,14.430137634277344,65.007568359375,0b37c7d7425b5a80e9d2caaa9a57b734,1.673015873015873,166005
data/raw/normal/free__exp1_num_50387.jpg,normal,free,False,523,311,L,JPEG,64.52288818359375,18.690458297729492,204.70603942871094,9eee9e24f5c0fb61143aa8f4908b38b5,1.6816720257234727,162653
data/raw/normal/free__exp1_num_51080.jpg,normal,free,False,524,323,L,JPEG,63.20586395263672,14.40339183807373,88.91922760009766,1db72797652aa91401bd8ff235490e29,1.6222910216718267,169252
data/raw/normal/free__exp1_num_52659.jpg,normal,free,False,109,291,L,JPEG,63.368263244628906,16.53665542602539,508.3519592285156,7b49d6611cca5fe0ca37ddc54de4d0a1,0.3745704467353952,31719
data/raw/normal/free__exp1_num_53011.jpg,normal,free,False,516,336,L,JPEG,58.99972152709961,15.807601928710938,148.60227966308594,96d5b84ffa305a8585932263b1a7c837,1.5357142857142858,173376
data/raw/normal/free__exp1_num_54107.jpg,normal,free,False,535,337,L,JPEG,59.223960876464844,17.020885467529297,85.00064086914062,a82ff44c7717c14a3f7d7bc865459d29,1.5875370919881306,180295
data/raw/normal/free__exp1_num_54901.jpg,normal,free,False,129,283,L,JPEG,70.92311096191406,16.483551025390625,187.33619689941406,77f4452e76e0aa7a0c70093217f1c080,0.4558303886925795,36507
data/raw/normal/free__exp1_num_5907.jpg,normal,free,False,521,330,L,JPEG,60.771949768066406,17.454517364501953,166.54656982421875,141b471f031821c00dccc2bf9f3f04bd,1.5787878787878789,171930
data/raw/normal/free__exp1_num_61310.jpg,normal,free,False,117,286,L,JPEG,67.34899139404297,10.38660717010498,206.0768585205078,28f0752c66c5bdb961efb6fecc002c28,0.4090909090909091,33462
data/raw/normal/free__exp1_num_65001.jpg,normal,free,False,519,331,L,JPEG,58.505374908447266,16.351505279541016,144.8426055908203,bcf73599cb709402d38c156e5e984324,1.56797583081571,171789
data/raw/normal/free__exp1_num_6508.jpg,normal,free,False,508,384,L,JPEG,63.23305130004883,22.977828979492188,64.4155502319336,990ccfb02facbba8a14b7053720e1fc2,1.3229166666666667,195072
data/raw/normal/free__exp1_num_6539.jpg,normal,free,False,120,286,L,JPEG,82.21430969238281,21.608827590942383,510.11505126953125,d6a59374a291fd2c11db0e09ee446c5f,0.4195804195804196,34320
data/raw/normal/free__exp1_num_68359.jpg,normal,free,False,126,287,L,JPEG,74.33648681640625,17.26167869567871,269.6443176269531,c8fe514a76e88765ab20a5cc4c3f5c80,0.43902439024390244,36162
data/raw/normal/free__exp1_num_69803.jpg,normal,free,False,119,278,L,JPEG,74.23650360107422,18.867809295654297,425.9128723144531,d380ce23e204e2390d76200c56c7d233,0.42805755395683454,33082
data/raw/normal/free__exp1_num_70491.jpg,normal,free,False,121,276,L,JPEG,70.07117462158203,18.158714294433594,231.90628051757812,9c0e640e055232430108b740fa0490df,0.4384057971014493,33396
data/raw/normal/free__exp1_num_71177.jpg,normal,free,False,125,281,L,JPEG,69.78881072998047,15.772017478942871,214.56529235839844,dc0f37b5ed8d4facc8536adbba53e1e9,0.44483985765124556,35125
data/raw/normal/free__exp1_num_75090.jpg,normal,free,False,611,261,L,JPEG,60.47124099731445,17.545270919799805,118.40447235107422,e755d89fee0d3cb1a88c2fc4e6fd023c,2.3409961685823757,159471
data/raw/normal/free__exp1_num_7871.jpg,normal,free,False,122,292,L,JPEG,69.08538818359375,14.767090797424316,256.8537902832031,58a1733fcae8c7fe5c89a135440461a6,0.4178082191780822,35624
data/raw/normal/free__exp1_num_824.jpg,normal,free,False,484,358,L,JPEG,63.32340621948242,21.602571487426758,229.7667999267578,1accad2fd4a0474f807a4098557ea2fb,1.3519553072625698,173272
data/raw/normal/free__exp1_num_855.jpg,normal,free,False,251,295,L,JPEG,53.813358306884766,13.395712852478027,626.38623046875,2307429051fd71544f96c98233cfccf6,0.8508474576271187,74045
data/raw/normal/free__exp1_num_90966.jpg,normal,free,False,604,243,L,JPEG,53.99544906616211,14.166584968566895,136.2562713623047,962fa450596e641dd4d4db4c646f0338,2.48559670781893,146772
data/raw/normal/free__exp1_num_94899.jpg,normal,free,False,616,245,L,JPEG,60.21771240234375,15.624119758605957,143.53237915039062,169326805c451a2a6b63d5fe80224e59,2.5142857142857142,150920
data/raw/normal/free__exp2_num_10202.jpg,normal,free,False,512,374,L,JPEG,92.52173614501953,33.25118637084961,180.4978485107422,9d180880348f9ec366138fc18321e7fc,1.3689839572192513,191488
data/raw/normal/free__exp2_num_10410.jpg,normal,free,False,528,333,L,JPEG,78.2242660522461,22.320772171020508,113.5254135131836,aab146fffb5084575956c0d911bf91a7,1.5855855855855856,175824
data/raw/normal/free__exp2_num_106169.jpg,normal,free,False,254,354,L,JPEG,79.39952850341797,31.914289474487305,315.83135986328125,46c90ea6c106d55b9b9bddd02f86b0da,0.7175141242937854,89916
data/raw/normal/free__exp2_num_106752.jpg,normal,free,False,258,334,L,JPEG,82.8221435546875,24.524368286132812,452.7044372558594,74d842ac6f979626314b85d05fe5e47f,0.7724550898203593,86172
data/raw/normal/free__exp2_num_10931.jpg,normal,free,False,503,343,L,JPEG,67.5178451538086,23.93777847290039,153.15829467773438,2671d75880ac8797329da67acc0fc65e,1.466472303206997,172529
data/raw/normal/free__exp2_num_110118.jpg,normal,free,False,609,248,L,JPEG,65.33914947509766,15.464856147766113,171.26148986816406,3fa279a6483d00cef1f52d64e4015a43,2.4556451612903225,151032
data/raw/normal/free__exp2_num_11292.jpg,normal,free,False,478,361,L,JPEG,61.777870178222656,20.505367279052734,368.0366516113281,4de750e3fb51a98f84bc2da79edcbddf,1.3240997229916898,172558
data/raw/normal/free__exp2_num_114403.jpg,normal,free,False,258,372,L,JPEG,89.7600326538086,24.612642288208008,477.7803955078125,51b7477bb2c4b23bab406be4072a0903,0.6935483870967742,95976
data/raw/normal/free__exp2_num_116286.jpg,normal,free,False,602,252,L,JPEG,89.7791976928711,21.246644973754883,352.91119384765625,1fc54745cb3619fa850e2e9b4294a112,2.388888888888889,151704
data/raw/normal/free__exp2_num_116971.jpg,normal,free,False,301,299,L,JPEG,73.6658706665039,18.065841674804688,319.7241516113281,a3ea27a7834058af9a1f05c0295cd968,1.0066889632107023,89999
data/raw/normal/free__exp2_num_118897.jpg,normal,free,False,605,253,L,JPEG,95.26387786865234,24.36341094970703,317.2196960449219,a5b6f60c718eb2017d8fac4c82ff33a8,2.391304347826087,153065
data/raw/normal/free__exp2_num_126325.jpg,normal,free,False,310,331,L,JPEG,66.91099548339844,18.534334182739258,217.76165771484375,5ebc7117a5bf509ce048fc6bb55794d0,0.9365558912386707,102610
data/raw/normal/free__exp2_num_126814.jpg,normal,free,False,309,339,L,JPEG,74.42277526855469,17.450712203979492,407.7782287597656,f59c8d79710cec96f737cae8158f096f,0.911504424778761,104751
data/raw/normal/free__exp2_num_127664.jpg,normal,free,False,298,346,L,JPEG,72.00822448730469,20.703134536743164,248.28225708007812,60ad47424dc1b2132a6767766b1bd5f6,0.861271676300578,103108
data/raw/normal/free__exp2_num_128095.jpg,normal,free,False,313,346,L,JPEG,67.35174560546875,16.597637176513672,288.3281555175781,a2eca02323b38f251fbc21ffda8ac59c,0.9046242774566474,108298
data/raw/normal/free__exp2_num_129608.jpg,normal,free,False,258,357,L,JPEG,95.7131576538086,23.146604537963867,539.1646118164062,2ca32fa3d5e6d434cc938cccb9642878,0.7226890756302521,92106
data/raw/normal/free__exp2_num_13549.jpg,normal,free,False,521,331,L,JPEG,74.31246185302734,18.317493438720703,237.3890838623047,3f79ad7ca63810fe2c7324520eefa1b2,1.5740181268882176,172451
data/raw/normal/free__exp2_num_138627.jpg,normal,free,False,610,249,L,JPEG,77.98064422607422,19.698904037475586,252.7400360107422,ff1cb331f6edff196c09860ddff1a16c,2.4497991967871484,151890
data/raw/normal/free__exp2_num_143192.jpg,normal,free,False,602,254,L,JPEG,80.62165832519531,18.89739418029785,273.7862548828125,232c98070321711a0f0f83a55b80c6fc,2.37007874015748,152908
data/raw/normal/free__exp2_num_144192.jpg,normal,free,False,603,247,L,JPEG,84.86141967773438,23.5601749420166,256.07135009765625,5718dfb36e2d7e75d6ea0a4f8b570d31,2.4412955465587043,148941
data/raw/normal/free__exp2_num_147954.jpg,normal,free,False,600,241,L,JPEG,101.15628051757812,26.636503219604492,444.87298583984375,c701c826835e59850e93df31f11a32fc,2.4896265560165975,144600
data/raw/normal/free__exp2_num_148952.jpg,normal,free,False,609,240,L,JPEG,86.62483215332031,20.69034767150879,203.4463653564453,d4a687786be0af708a6117a2f73532e4,2.5375,146160
data/raw/normal/free__exp2_num_154576.jpg,normal,free,False,197,318,L,JPEG,100.3493881225586,22.414321899414062,688.6283569335938,b885effb806b07fbc4d971adca74f4aa,0.6194968553459119,62646
data/raw/normal/free__exp2_num_157196.jpg,normal,free,False,200,315,L,JPEG,96.56024169921875,16.790761947631836,352.0007629394531,20f443a03a83d2fdd3a6bf19149623ac,0.6349206349206349,63000
data/raw/normal/free__exp2_num_157736.jpg,normal,free,False,195,322,L,JPEG,80.19479370117188,14.073760986328125,351.57501220703125,58d491298024d6ba223f750ecb0cafa9,0.6055900621118012,62790
data/raw/normal/free__exp2_num_16532.jpg,normal,free,False,531,322,L,JPEG,77.5364990234375,21.812477111816406,168.2325897216797,1ae8f336836e500723c5a205a03701f0,1.6490683229813665,170982
data/raw/normal/free__exp2_num_165392.jpg,normal,free,False,203,313,L,JPEG,105.67805480957031,23.366546630859375,543.9677124023438,6a49384ad444f9084e6d2b46767159cb,0.6485623003194888,63539
data/raw/normal/free__exp2_num_166200.jpg,normal,free,False,196,322,L,JPEG,87.42695617675781,16.19784927368164,419.6087341308594,b1f7e434d06e158fc7d9403e0127a678,0.6086956521739131,63112
data/raw/normal/free__exp2_num_174675.jpg,normal,free,False,196,317,L,JPEG,118.3923110961914,22.779956817626953,619.2781372070312,be7e41891f870ac3465861d2cd11e7bb,0.6182965299684543,62132
data/raw/normal/free__exp2_num_177935.jpg,normal,free,False,201,319,L,JPEG,121.65577697753906,25.33731460571289,1028.830322265625,35b788aceb499f64c20536eb137ba6de,0.6300940438871473,64119
data/raw/normal/free__exp2_num_178482.jpg,normal,free,False,190,322,L,JPEG,90.60250091552734,17.471948623657227,523.4388427734375,7f2c6541cb48fc27738c022483093460,0.5900621118012422,61180
data/raw/normal/free__exp2_num_180326.jpg,normal,free,False,195,322,L,JPEG,77.07534790039062,15.01646900177002,386.2330322265625,f3fc7976fba4d2ccd1d0ad6cac675cf0,0.6055900621118012,62790
data/raw/normal/free__exp2_num_180865.jpg,normal,free,False,200,318,L,JPEG,91.5478286743164,18.61384391784668,336.98779296875,0ac80fc39a51cda8c8a1e2182f9328a4,0.6289308176100629,63600
data/raw/normal/free__exp2_num_18159.jpg,normal,free,False,517,331,L,JPEG,81.07870483398438,19.6601505279541,261.5054626464844,bafe10abd9e4dfa9b888ba078148778d,1.5619335347432024,171127
data/raw/normal/free__exp2_num_183171.jpg,normal,free,False,196,321,L,JPEG,119.86907958984375,25.31746482849121,830.6783447265625,47153687e7f6f970eda735f18c2f87b3,0.6105919003115264,62916
data/raw/normal/free__exp2_num_1836.jpg,normal,free,False,247,275,L,JPEG,65.01078033447266,14.042970657348633,160.2362518310547,582e9f154c586e4a15ae0f7e0612a4c6,0.8981818181818182,67925
data/raw/normal/free__exp2_num_183825.jpg,normal,free,False,195,321,L,JPEG,108.59127807617188,23.50381088256836,615.143798828125,a5f1ae4a5263fc4fb2054c142381634f,0.6074766355140186,62595
data/raw/normal/free__exp2_num_187533.jpg,normal,free,False,183,321,L,JPEG,108.68128967285156,17.69203758239746,427.9833068847656,c66fa16e85ddcfc46b78c0e2a30dd61c,0.5700934579439252,58743
data/raw/normal/free__exp2_num_192155.jpg,normal,free,False,187,322,L,JPEG,124.97884368896484,22.110355377197266,776.4904174804688,e6d7775c514e6822ff3c213141afca93,0.5807453416149069,60214
data/raw/normal/free__exp2_num_193126.jpg,normal,free,False,192,316,L,JPEG,123.07705688476562,22.618907928466797,669.609130859375,c03bd983535e32f7df6cd330e48d47fd,0.6075949367088608,60672
data/raw/normal/free__exp2_num_195672.jpg,normal,free,False,182,311,L,JPEG,113.28108215332031,15.8462553024292,442.31866455078125,4fe8dce6a77c63fa10ae640116fc89ad,0.5852090032154341,56602
data/raw/normal/free__exp2_num_19728.jpg,normal,free,False,519,328,L,JPEG,74.86273193359375,17.93559455871582,206.74481201171875,3baa5170afc83326b0916c751dc03f45,1.5823170731707317,170232
data/raw/normal/free__exp2_num_2060.jpg,normal,free,False,514,374,L,JPEG,81.69517517089844,27.49123191833496,199.15380859375,9eebcd31d08ce266f89cb456d1d586dc,1.374331550802139,192236
data/raw/normal/free__exp2_num_240063.jpg,normal,free,False,274,365,L,JPEG,90.77970886230469,30.92135238647461,444.0072021484375,c823d1ac53215528d540424b2846e383,0.7506849315068493,100010
data/raw/normal/free__exp2_num_241368.jpg,normal,free,False,220,266,L,JPEG,72.96344757080078,19.965534210205078,325.1109619140625,4500486d21f506e95ed98e5d3a3db2d1,0.8270676691729323,58520
data/raw/normal/free__exp2_num_245780.jpg,normal,free,False,226,248,L,JPEG,81.23451232910156,24.262495040893555,563.9554443359375,47a118f9e88533711d020ba6f36fc6e8,0.9112903225806451,56048
data/raw/normal/free__exp2_num_246323.jpg,normal,free,False,222,273,L,JPEG,88.3638916015625,23.05314064025879,553.174560546875,f313e6b43c92962517c4dc1ab50cc3d9,0.8131868131868132,60606
data/raw/normal/free__exp2_num_251454.jpg,normal,free,False,222,258,L,JPEG,86.6637191772461,29.742698669433594,577.2783203125,e7470a2fa9c5b0fca3c7539b7f8b8f3a,0.8604651162790697,57276
data/raw/normal/free__exp2_num_255674.jpg,normal,free,False,266,362,L,JPEG,87.6324691772461,20.633602142333984,412.4715576171875,1ce2ba26ddfe4833be0fa6a7cf12d220,0.7348066298342542,96292
data/raw/normal/free__exp2_num_256286.jpg,normal,free,False,268,373,L,JPEG,79.05288696289062,24.336721420288086,375.0260314941406,6e3b4863a60b7037b23ce8632bc79ce5,0.7184986595174263,99964
data/raw/normal/free__exp2_num_257132.jpg,normal,free,False,216,276,L,JPEG,80.65564727783203,24.7761287689209,420.626953125,e3bb62b588a4c195eb94e9799e47dced,0.782608695652174,59616
data/raw/normal/free__exp2_num_257656.jpg,normal,free,False,239,341,L,JPEG,83.2593994140625,29.225139617919922,261.33477783203125,2207bee9f2670c4bfbbb5f64667e64cb,0.7008797653958945,81499
data/raw/normal/free__exp2_num_258847.jpg,normal,free,False,226,264,L,JPEG,75.06201171875,24.63401985168457,517.2728881835938,02e833048faa9be862f3589fdf74c671,0.8560606060606061,59664
data/raw/normal/free__exp2_num_260505.jpg,normal,free,False,223,264,L,JPEG,81.75035858154297,25.260255813598633,646.2838745117188,6da85f95101b4d4e94ac5f8944cb4cf7,0.8446969696969697,58872
data/raw/normal/free__exp2_num_260949.jpg,normal,free,False,217,273,L,JPEG,82.48309326171875,18.60447120666504,479.17413330078125,4fa4fed2117e4f6b0c12f3d46394834a,0.7948717948717948,59241
data/raw/normal/free__exp2_num_261961.jpg,normal,free,False,220,270,L,JPEG,85.56917572021484,26.724685668945312,635.1964721679688,21b3f11816b65677a2c45b977d2e5904,0.8148148148148148,59400
data/raw/normal/free__exp2_num_262233.jpg,normal,free,False,263,386,L,JPEG,85.17778015136719,26.865219116210938,384.1896057128906,497ff39b56f920c7042cc267bb1b0467,0.6813471502590673,101518
data/raw/normal/free__exp2_num_262661.jpg,normal,free,False,264,365,L,JPEG,93.70767211914062,21.976987838745117,449.8045959472656,29e7549e51e9427d8bddc043d922df20,0.7232876712328767,96360
data/raw/normal/free__exp2_num_2627.jpg,normal,free,False,122,275,L,JPEG,85.40208435058594,19.351940155029297,539.8097534179688,c638fb081d06e6de45af19b1600e2e75,0.44363636363636366,33550
data/raw/normal/free__exp2_num_263852.jpg,normal,free,False,265,379,L,JPEG,90.22276306152344,28.751033782958984,425.3243103027344,701d9248784f52c3238d32ba334e572f,0.6992084432717678,100435
data/raw/normal/free__exp2_num_264206.jpg,normal,free,False,271,364,L,JPEG,83.44378662109375,22.72103500366211,306.22564697265625,39d42da1ca193dca7bb091c77e16e5d5,0.7445054945054945,98644
data/raw/normal/free__exp2_num_266301.jpg,normal,free,False,217,250,L,JPEG,83.82473754882812,21.980993270874023,476.897216796875,6e05cc1fdc7c7c346a46062bbf439446,0.868,54250
data/raw/normal/free__exp2_num_266815.jpg,normal,free,False,214,271,L,JPEG,83.46392822265625,20.951650619506836,400.6184997558594,980af1586f5b148b79fb248e33e996ec,0.7896678966789668,57994
data/raw/normal/free__exp2_num_269104.jpg,normal,free,False,221,275,L,JPEG,79.67762756347656,18.216323852539062,413.53863525390625,0cf82f77f9612fac9468032ea5e687cc,0.8036363636363636,60775
data/raw/normal/free__exp2_num_269652.jpg,normal,free,False,219,270,L,JPEG,76.44677734375,20.626352310180664,393.27252197265625,ced669ebc303d799d80896de6f8a925c,0.8111111111111111,59130
data/raw/normal/free__exp2_num_270577.jpg,normal,free,False,262,348,L,JPEG,77.0875244140625,25.184703826904297,352.9598388671875,0b513fb56a5eb3c990ef08f45cf54a1e,0.7528735632183908,91176
data/raw/normal/free__exp2_num_270781.jpg,normal,free,False,218,281,L,JPEG,96.7448501586914,29.27383041381836,683.3563232421875,31d33f2a3616187b030beaea352c7698,0.7758007117437722,61258
data/raw/normal/free__exp2_num_275393.jpg,normal,free,False,262,376,L,JPEG,93.68630981445312,29.10155487060547,500.36181640625,2e68050bd92ba4b2e02c009393f1a81f,0.6968085106382979,98512
data/raw/normal/free__exp2_num_275685.jpg,normal,free,False,272,370,L,JPEG,90.17958068847656,24.82464599609375,410.9075622558594,c6f91adc8c09643d838913b3a4dd5a52,0.7351351351351352,100640
data/raw/normal/free__exp2_num_277012.jpg,normal,free,False,275,367,L,JPEG,90.72335815429688,24.931961059570312,378.1921691894531,39cd34939995ba5bcf111ee603d33e9d,0.7493188010899182,100925
data/raw/normal/free__exp2_num_278584.jpg,normal,free,False,265,377,L,JPEG,94.81067657470703,29.06155776977539,609.351318359375,056859a28e09e22fddf12d75cf9903e2,0.7029177718832891,99905
data/raw/normal/free__exp2_num_279109.jpg,normal,free,False,268,383,L,JPEG,86.16862487792969,27.858074188232422,394.7425537109375,8e43f2292387d3d99416a29560441379,0.6997389033942559,102644
data/raw/normal/free__exp2_num_280233.jpg,normal,free,False,256,360,L,JPEG,83.63983154296875,28.05019760131836,553.2890014648438,680de0ff6f98c0229a283a0c7a80770b,0.7111111111111111,92160
data/raw/normal/free__exp2_num_280962.jpg,normal,free,False,246,361,L,JPEG,64.86042785644531,25.18400764465332,215.9730987548828,ce8afa2c7d15e4900c22c0e37c499157,0.6814404432132964,88806
data/raw/normal/free__exp2_num_282899.jpg,normal,free,False,258,347,L,JPEG,68.2470703125,26.852827072143555,223.28050231933594,411551e43893d6c1b22ac0197399ca2b,0.7435158501440923,89526
data/raw/normal/free__exp2_num_283218.jpg,normal,free,False,242,327,L,JPEG,75.03675842285156,22.25754165649414,304.940673828125,1e49a025539b78a677dbfecfc3648160,0.7400611620795107,79134
data/raw/normal/free__exp2_num_284861.jpg,normal,free,False,261,351,L,JPEG,65.48204803466797,25.920108795166016,271.10333251953125,6efe06492f66b4b5ba9882c806df2693,0.7435897435897436,91611
data/raw/normal/free__exp2_num_286251.jpg,normal,free,False,294,352,L,JPEG,77.38713836669922,21.078845977783203,265.1246643066406,4e6d8275ddf6e0a71bf660662239c48b,0.8352272727272727,103488
data/raw/normal/free__exp2_num_289612.jpg,normal,free,False,314,344,L,JPEG,65.22699737548828,19.5074462890625,216.31097412109375,763647563ba4452707bebcfb985d94c5,0.9127906976744186,108016
data/raw/normal/free__exp2_num_290068.jpg,normal,free,False,315,346,L,JPEG,71.61336517333984,18.2968807220459,418.8128662109375,a8599b0ad1f3fff3430d3a71712f17ea,0.9104046242774566,108990
data/raw/normal/free__exp2_num_292109.jpg,normal,free,False,298,328,L,JPEG,76.07813262939453,16.201753616333008,421.5830383300781,b4ab3b12d45491c309c90b637ebeb025,0.9085365853658537,97744
data/raw/normal/free__exp2_num_293276.jpg,normal,free,False,302,334,L,JPEG,64.41352844238281,20.1826171875,246.13706970214844,ca564876a699d4b0521d65da69e17e1d,0.9041916167664671,100868
data/raw/normal/free__exp2_num_293729.jpg,normal,free,False,327,322,L,JPEG,65.50334167480469,19.610759735107422,299.6572265625,57e5de2098d6ffade6408328fcb385d9,1.015527950310559,105294
data/raw/normal/free__exp2_num_29493.jpg,normal,free,False,530,320,L,JPEG,85.80985260009766,26.12305450439453,181.2420654296875,d6a83397db2b1fe5e3d8ed46e532e6b9,1.65625,169600
data/raw/normal/free__exp2_num_296655.jpg,normal,free,False,298,349,L,JPEG,71.3044662475586,18.133333206176758,258.7313537597656,8847a36f0040714a85c4833e739fa1b7,0.8538681948424068,104002
data/raw/normal/free__exp2_num_297298.jpg,normal,free,False,312,341,L,JPEG,72.59016418457031,19.180370330810547,474.4108581542969,6ff450b785f9fcec8b15182ac7551fdf,0.9149560117302052,106392
data/raw/normal/free__exp2_num_299741.jpg,normal,free,False,216,264,L,JPEG,82.95133972167969,22.951330184936523,559.5343627929688,4bfb65f67a236de3aa9c04344091578e,0.8181818181818182,57024
data/raw/normal/free__exp2_num_301499.jpg,normal,free,False,370,369,L,JPEG,83.45657348632812,22.26641082763672,261.1876525878906,1623c320b95ef3435fba3b77515bb15a,1.002710027100271,136530
data/raw/normal/free__exp2_num_304307.jpg,normal,free,False,321,326,L,JPEG,79.49143981933594,26.438579559326172,199.78683471679688,169c5d20455cf2ed590ebbb16d02c627,0.9846625766871165,104646
data/raw/normal/free__exp2_num_304688.jpg,normal,free,False,326,308,L,JPEG,82.73271942138672,25.509613037109375,240.29530334472656,24f7db707e3f44a4ead1d1cddf4e9968,1.0584415584415585,100408
data/raw/normal/free__exp2_num_304861.jpg,normal,free,False,230,285,L,JPEG,75.33525848388672,29.96634292602539,386.8479309082031,5c0db1ed4506c341b703d6cad2106f20,0.8070175438596491,65550
data/raw/normal/free__exp2_num_306443.jpg,normal,free,False,228,272,L,JPEG,79.0748519897461,25.07645606994629,522.7944946289062,5245510534d45e9f20916f4b52c72a0f,0.8382352941176471,62016
data/raw/normal/free__exp2_num_306609.jpg,normal,free,False,365,370,L,JPEG,86.57847595214844,25.19270896911621,156.4404754638672,a739158beac7363a7620877f811ade26,0.9864864864864865,135050
data/raw/normal/free__exp2_num_308824.jpg,normal,free,False,369,361,L,JPEG,94.55139923095703,27.468162536621094,348.5633239746094,631d99bfc2ef178f4395c8d483f7c6a6,1.0221606648199446,133209
data/raw/normal/free__exp2_num_309366.jpg,normal,free,False,372,369,L,JPEG,81.56401062011719,26.732999801635742,124.84122467041016,63e42da14fea8264abca443863c6ab8b,1.008130081300813,137268
data/raw/normal/free__exp2_num_309668.jpg,normal,free,False,224,270,L,JPEG,78.78035736083984,25.52931785583496,629.8786010742188,f05187428af4825d5d319c019798bb6e,0.8296296296296296,60480
data/raw/normal/free__exp2_num_31124.jpg,normal,free,False,121,283,L,JPEG,86.48088836669922,21.552465438842773,788.2099609375,00b8e862e545d88dc94004384536a79c,0.4275618374558304,34243
data/raw/normal/free__exp2_num_311334.jpg,normal,free,False,206,276,L,JPEG,98.77657318115234,27.186628341674805,1049.109130859375,0991005e5be609bd88c123324e21cd68,0.7463768115942029,56856
data/raw/normal/free__exp2_num_313853.jpg,normal,free,False,253,368,L,JPEG,82.64846801757812,33.296932220458984,363.873291015625,5fb5b67373780b5cc2955210234f2926,0.6875,93104
data/raw/normal/free__exp2_num_315006.jpg,normal,free,False,212,279,L,JPEG,83.31331634521484,25.525535583496094,745.4185180664062,3761214720a8f4f5385725b9351b920a,0.7598566308243727,59148
data/raw/normal/free__exp2_num_316344.jpg,normal,free,False,378,375,L,JPEG,90.79195404052734,29.918527603149414,360.76513671875,b87784302bc4a83fa131edf28ce58f5b,1.008,141750
data/raw/normal/free__exp2_num_316715.jpg,normal,free,False,353,370,L,JPEG,86.95807647705078,24.790313720703125,144.34671020507812,e7f2ce54bbad54539528e305cfdb2e4d,0.9540540540540541,130610
data/raw/normal/free__exp2_num_317576.jpg,normal,free,False,382,377,L,JPEG,86.14238739013672,30.20844268798828,286.57891845703125,242d541f39bbb238cf6b2d3aa8174967,1.013262599469496,144014
data/raw/normal/free__exp2_num_317911.jpg,normal,free,False,364,372,L,JPEG,88.32592010498047,26.3028507232666,134.2114715576172,150000f8cdf1c875af832fd72ad4ff89,0.978494623655914,135408
data/raw/normal/free__exp2_num_319334.jpg,normal,free,False,366,385,L,JPEG,84.87336730957031,27.624210357666016,384.59222412109375,2f21f8629e1ac93ef58997272ec21022,0.9506493506493506,140910
data/raw/normal/free__exp2_num_319440.jpg,normal,free,False,227,281,L,JPEG,80.21902465820312,27.017019271850586,460.0512390136719,9985a63085096f508ed52ed7df5026fa,0.8078291814946619,63787
data/raw/normal/free__exp2_num_319698.jpg,normal,free,False,340,367,L,JPEG,84.60953521728516,23.161001205444336,141.30027770996094,46b55e9d5a7135f555eefd0f736722cc,0.9264305177111717,124780
data/raw/normal/free__exp2_num_320463.jpg,normal,free,False,357,359,L,JPEG,95.88827514648438,29.412776947021484,451.9837341308594,fc2906ea56f2f66591216866107762f8,0.9944289693593314,128163
data/raw/normal/free__exp2_num_320822.jpg,normal,free,False,359,363,L,JPEG,86.1933364868164,24.115846633911133,144.23358154296875,1e330a98f483868ea73d913481f9e211,0.9889807162534435,130317
data/raw/normal/free__exp2_num_321452.jpg,normal,free,False,373,377,L,JPEG,79.4542236328125,25.582809448242188,315.60986328125,a4faa31c28d2dc418159e3069970519a,0.9893899204244032,140621
data/raw/normal/free__exp2_num_323339.jpg,normal,free,False,223,275,L,JPEG,73.81633758544922,19.98222541809082,362.03875732421875,3aac475dd6b592d42613b57ddb536b09,0.8109090909090909,61325
data/raw/normal/free__exp2_num_326603.jpg,normal,free,False,370,359,L,JPEG,88.46644592285156,25.62481117248535,335.1419372558594,7266fa92964893b40224443750c3aebc,1.0306406685236769,132830
data/raw/normal/free__exp2_num_326923.jpg,normal,free,False,343,373,L,JPEG,85.37498474121094,22.10997200012207,130.0627899169922,55d1db6e8b821f8fa259a7525e4a6efb,0.9195710455764075,127939
data/raw/normal/free__exp2_num_329231.jpg,normal,free,False,379,375,L,JPEG,76.78022766113281,23.687232971191406,258.9175720214844,d10e888ab228ddb9fa2c2114bfb887d0,1.0106666666666666,142125
data/raw/normal/free__exp2_num_331174.jpg,normal,free,False,372,356,L,JPEG,88.30801391601562,28.98456573486328,111.22400665283203,29cf777f6fdaa9aaf69dc6c0a9c693e4,1.0449438202247192,132432
data/raw/normal/free__exp2_num_331946.jpg,normal,free,False,367,351,L,JPEG,87.65371704101562,26.609949111938477,294.8383483886719,fb3a67c979b9b00a526f77122b50b5e0,1.0455840455840455,128817
data/raw/normal/free__exp2_num_332707.jpg,normal,free,False,309,351,L,JPEG,74.35874938964844,23.035030364990234,260.5185546875,eba1df6c2a8bc4a979273b57b5c72880,0.8803418803418803,108459
data/raw/normal/free__exp2_num_337671.jpg,normal,free,False,491,377,L,JPEG,78.41352081298828,31.206220626831055,454.9628601074219,939acb9fe358ccc295acf1fc1b007d9b,1.3023872679045092,185107
data/raw/normal/free__exp2_num_338872.jpg,normal,free,False,476,354,L,JPEG,86.04275512695312,28.605504989624023,453.18701171875,ae62b41326f41861e3666f834430252f,1.344632768361582,168504
data/raw/normal/free__exp2_num_34101.jpg,normal,free,False,520,331,L,JPEG,71.64044952392578,21.248455047607422,121.77392578125,a730617c4c4d1a40d2eac96980ccac63,1.5709969788519638,172120
data/raw/normal/free__exp2_num_342873.jpg,normal,free,False,499,369,L,JPEG,88.71382904052734,29.030792236328125,125.52445220947266,4996b6fc6bc39ac7a7a25dadde22f4ce,1.3523035230352303,184131
data/raw/normal/free__exp2_num_344570.jpg,normal,free,False,507,362,L,JPEG,62.8422966003418,20.01567840576172,138.6209716796875,80659dcea535669fbafd0a5da1839ed4,1.4005524861878453,183534
data/raw/normal/free__exp2_num_346332.jpg,normal,free,False,498,371,L,JPEG,90.68363189697266,32.86085891723633,164.06629943847656,00f4863af4b75b482aa848d9ee07f2f7,1.3423180592991915,184758
data/raw/normal/free__exp2_num_349844.jpg,normal,free,False,489,371,L,JPEG,78.94840240478516,31.149627685546875,508.2388610839844,031d243982d8f1edddd617306d9bee9b,1.3180592991913747,181419
data/raw/normal/free__exp2_num_351066.jpg,normal,free,False,486,359,L,JPEG,87.56219482421875,33.835655212402344,491.13641357421875,cc8a7db76c1e4976c5cf185abd8badb1,1.3537604456824512,174474
data/raw/normal/free__exp2_num_351450.jpg,normal,free,False,513,361,L,JPEG,90.15992736816406,33.22099304199219,129.65499877929688,056e1cd83c04a405eebd4659a4bb84a1,1.4210526315789473,185193
data/raw/normal/free__exp2_num_3524.jpg,normal,free,False,133,285,L,JPEG,82.89772033691406,29.899791717529297,486.2167053222656,e10bf7ca30cc8d7f81e4d6567d7445b6,0.4666666666666667,37905
data/raw/normal/free__exp2_num_354402.jpg,normal,free,False,488,361,L,JPEG,86.10807037353516,32.332576751708984,508.6124572753906,2fb7bf6095c8bc16c006cfc1c4dcce76,1.3518005540166205,176168
data/raw/normal/free__exp2_num_355658.jpg,normal,free,False,483,376,L,JPEG,89.17562103271484,32.608856201171875,564.0592651367188,128da4736b99f3790abd7f850b6cedb4,1.2845744680851063,181608
data/raw/normal/free__exp2_num_358116.jpg,normal,free,False,475,387,L,JPEG,93.09654235839844,35.33945083618164,656.3353881835938,b52f72f2e9acc85ef10d569336d74304,1.227390180878553,183825
data/raw/normal/free__exp2_num_358960.jpg,normal,free,False,484,366,L,JPEG,63.93262481689453,23.317399978637695,427.1787414550781,2b98c98c0b01a7831147c7218f742edb,1.3224043715846994,177144
data/raw/normal/free__exp2_num_359476.jpg,normal,free,False,504,382,L,JPEG,68.66256713867188,26.149391174316406,193.29800415039062,15ea01097cc18bdc4d060471d750a494,1.3193717277486912,192528
data/raw/normal/free__exp2_num_37263.jpg,normal,free,False,523,338,L,JPEG,77.49414825439453,22.989154815673828,242.74415588378906,a7a192279c56fc22e731204b061a9a1c,1.547337278106509,176774
data/raw/normal/free__exp2_num_37273.jpg,normal,free,False,130,286,L,JPEG,63.63456344604492,18.433265686035156,358.4540710449219,46e7ddb3f7ddf6b29eccfbee8bc4e12f,0.45454545454545453,37180
data/raw/normal/free__exp2_num_38004.jpg,normal,free,False,523,333,L,JPEG,72.78174591064453,19.300073623657227,104.60167694091797,6c3932a4e899311b0defc6690ddd59a8,1.5705705705705706,174159
data/raw/normal/free__exp2_num_3811.jpg,normal,free,False,124,284,L,JPEG,67.2670669555664,19.999591827392578,403.4258728027344,5dd566dd13c3e1fd5429eb72c12a3427,0.43661971830985913,35216
data/raw/normal/free__exp2_num_39430.jpg,normal,free,False,123,286,L,JPEG,91.41094207763672,23.61264991760254,684.8734130859375,b51ee63241df5f5c1383885e52024c3a,0.43006993006993005,35178
data/raw/normal/free__exp2_num_43841.jpg,normal,free,False,524,341,L,JPEG,72.7110595703125,19.47016143798828,113.17320251464844,3badb839c4907573d49be78a1ad39098,1.5366568914956011,178684
data/raw/normal/free__exp2_num_50402.jpg,normal,free,False,522,321,L,JPEG,80.31365966796875,24.210493087768555,335.13037109375,2613fc0cce500b9a5c37d106048e731c,1.6261682242990654,167562
data/raw/normal/free__exp2_num_51097.jpg,normal,free,False,530,322,L,JPEG,80.18892669677734,18.560134887695312,148.18995666503906,77688a2c38942d2cf9f23ce68411652e,1.6459627329192548,170660
data/raw/normal/free__exp2_num_52677.jpg,normal,free,False,119,284,L,JPEG,76.85823822021484,23.505470275878906,771.8250122070312,38f873dbe1263f1d577d00dc3b87b4f2,0.41901408450704225,33796
data/raw/normal/free__exp2_num_53025.jpg,normal,free,False,523,339,L,JPEG,73.9883041381836,21.090167999267578,237.7343292236328,4faae3aad925f2305bde8910cb047c85,1.5427728613569323,177297
data/raw/normal/free__exp2_num_54126.jpg,normal,free,False,523,321,L,JPEG,76.19097900390625,19.915555953979492,134.7170867919922,ada9e22abe56e6fe857e9a819fbb6c47,1.6292834890965733,167883
data/raw/normal/free__exp2_num_54925.jpg,normal,free,False,124,298,L,JPEG,90.32160949707031,19.01292610168457,293.0987854003906,cf45ffbb6e6502b2dcaf1c84bdc8fafc,0.4161073825503356,36952
data/raw/normal/free__exp2_num_5924.jpg,normal,free,False,520,331,L,JPEG,76.73284149169922,22.31769561767578,270.7064514160156,326cac2a892a671e29c700b5ebbc6de3,1.5709969788519638,172120
data/raw/normal/free__exp2_num_61324.jpg,normal,free,False,128,285,L,JPEG,80.97821044921875,19.769624710083008,330.1461181640625,7ba8b33ff9508760dc17e5a3fc98afa6,0.44912280701754387,36480
data/raw/normal/free__exp2_num_65017.jpg,normal,free,False,517,332,L,JPEG,74.68437957763672,20.48750877380371,239.00714111328125,6ecfe08d8005f54749325abdf3ef6a5e,1.5572289156626506,171644
data/raw/normal/free__exp2_num_6528.jpg,normal,free,False,508,381,L,JPEG,80.67817687988281,29.244930267333984,102.55707550048828,96d5065aedd7e5b3bd7e2a7075a8ed54,1.3333333333333333,193548
data/raw/normal/free__exp2_num_6558.jpg,normal,free,False,124,286,L,JPEG,102.37378692626953,29.89566993713379,809.0734252929688,f3e5c6ee0c577387fcbd672941e9f477,0.43356643356643354,35464
data/raw/normal/free__exp2_num_68382.jpg,normal,free,False,123,286,L,JPEG,95.48908233642578,18.803667068481445,414.3096618652344,f3a84207e40ee5d59fdfcd09ba4067c0,0.43006993006993005,35178
data/raw/normal/free__exp2_num_69830.jpg,normal,free,False,130,284,L,JPEG,89.79452514648438,28.538448333740234,672.9774780273438,424be012b22ce723295cc36cd628fd4b,0.45774647887323944,36920
data/raw/normal/free__exp2_num_70514.jpg,normal,free,False,127,287,L,JPEG,87.47002410888672,24.690187454223633,394.90716552734375,7ec666be590967141e232857a6819628,0.4425087108013937,36449
data/raw/normal/free__exp2_num_71201.jpg,normal,free,False,127,280,L,JPEG,88.96343994140625,21.40306282043457,368.7947692871094,fafdec3fdcdacf8408fed02b848d9b40,0.45357142857142857,35560
data/raw/normal/free__exp2_num_75106.jpg,normal,free,False,597,257,L,JPEG,78.80437469482422,20.523160934448242,204.40753173828125,75a9d906b7ca92864c1b667b0b11dd0f,2.32295719844358,153429
data/raw/normal/free__exp2_num_7886.jpg,normal,free,False,127,287,L,JPEG,85.9875717163086,22.446258544921875,429.7812805175781,29485d7395674afd2f6f8d4c25cd446a,0.4425087108013937,36449
data/raw/normal/free__exp2_num_834.jpg,normal,free,False,484,362,L,JPEG,80.84772491455078,27.398893356323242,383.79052734375,1f7918c6760d1cb8c26e3ebf22b82cb6,1.3370165745856353,175208
data/raw/normal/free__exp2_num_887.jpg,normal,free,False,252,296,L,JPEG,67.86177825927734,17.553329467773438,999.5230712890625,d4c66c8ae85ccc43a3d77e54ed855768,0.8513513513513513,74592
data/raw/normal/free__exp2_num_90988.jpg,normal,free,False,608,247,L,JPEG,68.59199523925781,18.555360794067383,230.3063201904297,c3e6570d4d874dc2dcd285aa7eeea082,2.4615384615384617,150176
data/raw/normal/free__exp2_num_94922.jpg,normal,free,False,612,245,L,JPEG,75.74932098388672,19.72615623474121,231.52838134765625,4e3693a217b85241c84964964b3da034,2.4979591836734696,149940
data/raw/normal/free__exp3_num_10215.jpg,normal,free,False,512,378,L,JPEG,110.67919158935547,40.95629119873047,260.7482604980469,3f9518571c230f57f747a2d14e36380a,1.3544973544973544,193536
data/raw/normal/free__exp3_num_10448.jpg,normal,free,False,525,336,L,JPEG,96.84922790527344,25.96068572998047,178.4805145263672,b8d314f64b20108649e0b7096952311a,1.5625,176400
data/raw/normal/free__exp3_num_106186.jpg,normal,free,False,259,361,L,JPEG,95.24480438232422,40.294857025146484,469.915771484375,59cde728cc1701c4c4f6ab0e33a4d8ae,0.7174515235457064,93499
data/raw/normal/free__exp3_num_106779.jpg,normal,free,False,263,356,L,JPEG,97.61665344238281,31.626953125,670.0399780273438,6e8979d3e479ffbc09cced1dc6353f6c,0.7387640449438202,93628
data/raw/normal/free__exp3_num_10945.jpg,normal,free,False,513,355,L,JPEG,81.27964782714844,29.32863998413086,225.80838012695312,e779e2505d1b470383f582609b797335,1.4450704225352113,182115
data/raw/normal/free__exp3_num_110136.jpg,normal,free,False,602,251,L,JPEG,78.93705749511719,18.826705932617188,252.85568237304688,9cb7f8191f67b987e7ee93cc6600e5f5,2.398406374501992,151102
data/raw/normal/free__exp3_num_11304.jpg,normal,free,False,467,369,L,JPEG,75.38042449951172,24.644933700561523,551.4408569335938,03b9c6be8a658752fbec88640b27c3e0,1.2655826558265582,172323
data/raw/normal/free__exp3_num_114419.jpg,normal,free,False,266,371,L,JPEG,107.58037567138672,31.13511848449707,716.7979736328125,04621086e4ef5af06f5dd228808a099a,0.7169811320754716,98686
data/raw/normal/free__exp3_num_116299.jpg,normal,free,False,601,262,L,JPEG,107.78402709960938,26.063283920288086,521.951416015625,0b7096ea1347a6bea7fadb9ca2ec5caa,2.2938931297709924,157462
data/raw/normal/free__exp3_num_116991.jpg,normal,free,False,308,307,L,JPEG,87.76324462890625,23.571168899536133,474.2100524902344,f0c0ba5c11047d37f69ac18d9990f014,1.003257328990228,94556
data/raw/normal/free__exp3_num_118911.jpg,normal,free,False,606,257,L,JPEG,114.80660247802734,29.335527420043945,478.4391784667969,fa784ca227ab60f4faec0ebb804472aa,2.357976653696498,155742
data/raw/normal/free__exp3_num_126339.jpg,normal,free,False,310,336,L,JPEG,79.50476837158203,22.507678985595703,320.5233154296875,d4ddcd28889fd23fd1b40261c781115e,0.9226190476190477,104160
data/raw/normal/free__exp3_num_126827.jpg,normal,free,False,318,347,L,JPEG,88.230224609375,23.24781036376953,590.661376953125,583553d7159f1d3c68941f02035ce523,0.9164265129682997,110346
data/raw/normal/free__exp3_num_127677.jpg,normal,free,False,306,347,L,JPEG,84.46770477294922,26.827407836914062,344.0218200683594,db802d79fabbb561c981b38322093e25,0.8818443804034583,106182
data/raw/normal/free__exp3_num_128108.jpg,normal,free,False,315,339,L,JPEG,81.20286560058594,20.399755477905273,421.0877685546875,ab521bb54769840bb4d44e905d9cf469,0.9292035398230089,106785
data/raw/normal/free__exp3_num_129632.jpg,normal,free,False,251,367,L,JPEG,116.53903198242188,27.209890365600586,753.0025024414062,6fdfe87636c27dab8a0eefc72144dd31,0.6839237057220708,92117
data/raw/normal/free__exp3_num_13568.jpg,normal,free,False,519,336,L,JPEG,90.04913330078125,22.926687240600586,358.04241943359375,98383c8df44a5180df36b0753eafd07d,1.5446428571428572,174384
data/raw/normal/free__exp3_num_138649.jpg,normal,free,False,608,254,L,JPEG,94.28546142578125,24.04697608947754,363.46600341796875,82e964cef8d0a0e6251c314b4d9cc641,2.393700787401575,154432
data/raw/normal/free__exp3_num_143234.jpg,normal,free,False,600,270,L,JPEG,96.4871826171875,23.761672973632812,418.6802673339844,fe1d5f201bcfcae0089870ef76a67189,2.2222222222222223,162000
data/raw/normal/free__exp3_num_144210.jpg,normal,free,False,595,250,L,JPEG,103.95549774169922,27.871044158935547,365.3349304199219,311dd7bdaae48ea38efa45647d6e6a75,2.38,148750
data/raw/normal/free__exp3_num_147971.jpg,normal,free,False,604,253,L,JPEG,122.4030990600586,31.957807540893555,630.5355834960938,aa97ef928e9e0d7a33dd92adef3d4d01,2.3873517786561265,152812
data/raw/normal/free__exp3_num_154595.jpg,normal,free,False,199,312,L,JPEG,120.65953063964844,29.34319305419922,963.936279296875,a705965dc5dbc4ddb9a2ddfcaa383401,0.6378205128205128,62088
data/raw/normal/free__exp3_num_157220.jpg,normal,free,False,202,315,L,JPEG,115.89325714111328,21.876985549926758,524.219970703125,96ed159ff0dba8fbcbc5174c18864914,0.6412698412698413,63630
data/raw/normal/free__exp3_num_157763.jpg,normal,free,False,192,321,L,JPEG,96.55030059814453,16.362878799438477,514.544677734375,7fe752e35bbe99c5569eaa7925da2200,0.5981308411214953,61632
data/raw/normal/free__exp3_num_165409.jpg,normal,free,False,205,313,L,JPEG,126.3104476928711,29.86681365966797,767.6177978515625,ad89876734de0e19e94f052c7a1905a8,0.6549520766773163,64165
data/raw/normal/free__exp3_num_16556.jpg,normal,free,False,526,318,L,JPEG,93.94072723388672,26.658246994018555,235.151611328125,f9c70cc78b66fe1d5cefb47d3ac3d2a7,1.6540880503144655,167268
data/raw/normal/free__exp3_num_166221.jpg,normal,free,False,188,322,L,JPEG,106.96719360351562,18.251012802124023,596.0658569335938,94ae2b17d7793712199aa03cbd59b3ae,0.5838509316770186,60536
data/raw/normal/free__exp3_num_174699.jpg,normal,free,False,194,319,L,JPEG,143.0247344970703,26.698585510253906,865.89306640625,3b08cbc967d9d423182294d851ad4618,0.6081504702194357,61886
data/raw/normal/free__exp3_num_177963.jpg,normal,free,False,202,313,L,JPEG,144.9363555908203,32.65315246582031,1414.789794921875,0a67fd09a3211b45f9b192961a791459,0.645367412140575,63226
data/raw/normal/free__exp3_num_178510.jpg,normal,free,False,194,322,L,JPEG,111.57528686523438,24.896440505981445,799.8010864257812,3a14ecc16d5d3e1ae5b5370e08e2d52d,0.6024844720496895,62468
data/raw/normal/free__exp3_num_180350.jpg,normal,free,False,192,325,L,JPEG,94.65748596191406,17.70186424255371,595.7702026367188,a28a0c5cf924ba9acd25dad68d502c43,0.5907692307692308,62400
data/raw/normal/free__exp3_num_180885.jpg,normal,free,False,196,321,L,JPEG,112.67019653320312,20.333187103271484,496.0093688964844,c8126928eadcd325729b2730fed09ea9,0.6105919003115264,62916
data/raw/normal/free__exp3_num_18185.jpg,normal,free,False,515,336,L,JPEG,97.8561019897461,24.59136390686035,390.9989013671875,2e04fd7dc9b08dbb97c9bc907b446a33,1.5327380952380953,173040
data/raw/normal/free__exp3_num_183198.jpg,normal,free,False,199,319,L,JPEG,143.55355834960938,33.41387939453125,1130.4713134765625,e02f73bafbd34043adb600c082c3bab0,0.6238244514106583,63481
data/raw/normal/free__exp3_num_183846.jpg,normal,free,False,199,321,L,JPEG,129.20936584472656,30.856279373168945,867.1216430664062,024f9b2f414102357693d785e61c2823,0.6199376947040498,63879
data/raw/normal/free__exp3_num_1855.jpg,normal,free,False,250,270,L,JPEG,77.8025894165039,17.931846618652344,240.57540893554688,23d9600745739348c23a28f4b535c2ed,0.9259259259259259,67500
data/raw/normal/free__exp3_num_187556.jpg,normal,free,False,195,323,L,JPEG,128.86105346679688,25.397987365722656,648.0878295898438,dda05f9adc7c0045a8c0583bef2ccab2,0.6037151702786377,62985
data/raw/normal/free__exp3_num_192174.jpg,normal,free,False,191,323,L,JPEG,149.37779235839844,26.62452507019043,1118.6190185546875,643d50b896aec5089dac5d1ef036a998,0.5913312693498453,61693
data/raw/normal/free__exp3_num_193139.jpg,normal,free,False,194,323,L,JPEG,146.54751586914062,29.430267333984375,936.6463012695312,9582e723f098eb949c8a31207c5cbea1,0.6006191950464397,62662
data/raw/normal/free__exp3_num_195685.jpg,normal,free,False,192,325,L,JPEG,134.26126098632812,22.72715950012207,680.1549072265625,0f256894b9499479a9201a960f0803c6,0.5907692307692308,62400
data/raw/normal/free__exp3_num_19753.jpg,normal,free,False,522,325,L,JPEG,90.08340454101562,21.949146270751953,305.5642395019531,017be05ad3732b2627407f69070b783a,1.606153846153846,169650
data/raw/normal/free__exp3_num_2074.jpg,normal,free,False,514,375,L,JPEG,99.55293273925781,33.51418685913086,290.7395935058594,904632baf09ca193edfc3bb3e905f67a,1.3706666666666667,192750
data/raw/normal/free__exp3_num_240077.jpg,normal,free,False,266,367,L,JPEG,112.44171142578125,35.026084899902344,674.8377075195312,4f7ee482868640ac28bc04fc2394b502,0.7247956403269755,97622
data/raw/normal/free__exp3_num_241380.jpg,normal,free,False,214,274,L,JPEG,85.5655746459961,23.0014705657959,477.8204345703125,2c8d00dc4ae074b8656bc55a0ee8ac9c,0.781021897810219,58636
data/raw/normal/free__exp3_num_245792.jpg,normal,free,False,208,257,L,JPEG,104.87015533447266,22.774412155151367,897.7090454101562,4e7f679a22cdd0b234b49d6390ddd7e3,0.8093385214007782,53456
data/raw/normal/free__exp3_num_246338.jpg,normal,free,False,220,276,L,JPEG,107.25894165039062,27.269821166992188,789.7332153320312,56e0ab5c7c2d3612d586ce1c3f4e379b,0.7971014492753623,60720
data/raw/normal/free__exp3_num_251473.jpg,normal,free,False,218,264,L,JPEG,105.38359832763672,35.273162841796875,850.6610717773438,518d75c417ee68b61a761a1639c5d439,0.8257575757575758,57552
data/raw/normal/free__exp3_num_255696.jpg,normal,free,False,265,375,L,JPEG,105.84398651123047,25.86664390563965,605.8163452148438,ebecea6df3152c18c8dc8cc91a3becff,0.7066666666666667,99375
data/raw/normal/free__exp3_num_256305.jpg,normal,free,False,271,386,L,JPEG,92.85716247558594,31.147058486938477,549.8427734375,524d856b3777a28fa513f6538b747515,0.7020725388601037,104606
data/raw/normal/free__exp3_num_257158.jpg,normal,free,False,212,276,L,JPEG,98.85560607910156,29.509214401245117,604.868408203125,d1e39ed856df309bcbca8064d7760e7f,0.7681159420289855,58512
data/raw/normal/free__exp3_num_257678.jpg,normal,free,False,252,359,L,JPEG,96.35025787353516,38.491939544677734,378.98309326171875,544e376e6837cc026752b6cb0e18cfbd,0.7019498607242339,90468
data/raw/normal/free__exp3_num_258867.jpg,normal,free,False,215,274,L,JPEG,92.70039367675781,27.7962703704834,789.2607421875,c0cdd8506ec0d29ff77b6384c7b8aa08,0.7846715328467153,58910
data/raw/normal/free__exp3_num_260521.jpg,normal,free,False,207,280,L,JPEG,99.65048217773438,29.592084884643555,946.597412109375,d2870b42715f8d806bc06fa9cbbe5bf8,0.7392857142857143,57960
data/raw/normal/free__exp3_num_260963.jpg,normal,free,False,223,285,L,JPEG,95.5362777709961,27.382291793823242,705.8916015625,88235a4e894e99e4b04b562130a53104,0.7824561403508772,63555
data/raw/normal/free__exp3_num_261977.jpg,normal,free,False,218,280,L,JPEG,102.37881469726562,31.839082717895508,867.73779296875,094dcc74023b29bca78abc4ac663adfe,0.7785714285714286,61040
data/raw/normal/free__exp3_num_262246.jpg,normal,free,False,265,383,L,JPEG,101.8906478881836,33.32719421386719,558.4909057617188,cb3e8ccf384c74126ebdd3f9211c5804,0.6919060052219321,101495
data/raw/normal/free__exp3_num_262674.jpg,normal,free,False,267,385,L,JPEG,110.16434478759766,28.846920013427734,658.2345581054688,9a497122a748a80db5026e915030cfb7,0.6935064935064935,102795
data/raw/normal/free__exp3_num_263864.jpg,normal,free,False,267,387,L,JPEG,109.82244873046875,35.57582092285156,633.0393676757812,1c164ee20492642f74c85b8e5de024d1,0.689922480620155,103329
data/raw/normal/free__exp3_num_2642.jpg,normal,free,False,120,291,L,JPEG,101.66661071777344,25.221433639526367,796.6245727539062,a0aeb8ba7db7dfde40c5f335b161e709,0.41237113402061853,34920
data/raw/normal/free__exp3_num_264225.jpg,normal,free,False,268,379,L,JPEG,101.12165832519531,27.365697860717773,458.8841857910156,50c345db7baa5c19d6f3f0449db92757,0.7071240105540897,101572
data/raw/normal/free__exp3_num_266316.jpg,normal,free,False,213,252,L,JPEG,102.8390121459961,25.055192947387695,691.9237060546875,433e3943f01a2f0f82528524adba1694,0.8452380952380952,53676
data/raw/normal/free__exp3_num_266831.jpg,normal,free,False,215,274,L,JPEG,102.43116760253906,25.09193229675293,611.6685791015625,4ed3340c15feb686a059e8ae41f41337,0.7846715328467153,58910
data/raw/normal/free__exp3_num_269121.jpg,normal,free,False,220,282,L,JPEG,96.2908935546875,22.7924861907959,640.9793090820312,2efb3723eb2f097cd5973d8058c60969,0.7801418439716312,62040
data/raw/normal/free__exp3_num_269668.jpg,normal,free,False,216,271,L,JPEG,93.33123016357422,23.885480880737305,592.4906616210938,605320cddd7d354b6ab64ebafd6b9be3,0.7970479704797048,58536
data/raw/normal/free__exp3_num_270593.jpg,normal,free,False,265,361,L,JPEG,90.54060363769531,30.97232437133789,488.7551574707031,36cbd2d1a6dc93fe344c90d07331921d,0.7340720221606648,95665
data/raw/normal/free__exp3_num_270803.jpg,normal,free,False,219,277,L,JPEG,117.1562728881836,34.46070098876953,932.8751831054688,5cd3bab8d5485a286feecbbfcddb19c4,0.7906137184115524,60663
data/raw/normal/free__exp3_num_275407.jpg,normal,free,False,267,377,L,JPEG,110.79496765136719,37.58306121826172,701.2255249023438,975575ab31d0bd5c00b274a857194cdd,0.7082228116710876,100659
data/raw/normal/free__exp3_num_275697.jpg,normal,free,False,274,377,L,JPEG,109.35547637939453,30.85245704650879,613.1875,cec1ea2272cbdd8a96f045bcac843aa3,0.726790450928382,103298
data/raw/normal/free__exp3_num_277027.jpg,normal,free,False,275,382,L,JPEG,108.61966705322266,31.881834030151367,572.7713012695312,c043f8aeab73d06057b6b158e0b7107d,0.7198952879581152,105050
data/raw/normal/free__exp3_num_278595.jpg,normal,free,False,263,365,L,JPEG,115.81169891357422,33.370948791503906,779.1349487304688,d57771937f821349c5e39cd4e7d9e39b,0.7205479452054795,95995
data/raw/normal/free__exp3_num_279122.jpg,normal,free,False,265,380,L,JPEG,104.38139343261719,33.06906509399414,571.5125732421875,d78f9058ed124ed7e936f0a81d2807cb,0.6973684210526315,100700
data/raw/normal/free__exp3_num_280246.jpg,normal,free,False,254,366,L,JPEG,101.1534652709961,34.71650695800781,775.4020385742188,a7c81bee6a57e264f35c024365b8b473,0.6939890710382514,92964
data/raw/normal/free__exp3_num_280977.jpg,normal,free,False,240,352,L,JPEG,80.95112609863281,29.991104125976562,335.5108337402344,bf6c8b68ece0cfe6ea6daf0a33a871f1,0.6818181818181818,84480
data/raw/normal/free__exp3_num_282911.jpg,normal,free,False,264,354,L,JPEG,81.29692077636719,34.032127380371094,339.94708251953125,e22ed4ad230d623067019506fd94689d,0.7457627118644068,93456
data/raw/normal/free__exp3_num_283229.jpg,normal,free,False,258,347,L,JPEG,87.9338150024414,28.74260139465332,454.7909851074219,761e915eeebc20626f6666c34444cc38,0.7435158501440923,89526
data/raw/normal/free__exp3_num_284875.jpg,normal,free,False,246,355,L,JPEG,81.9856185913086,28.274728775024414,417.20428466796875,56464ecb2560b0f0f525c4b3a541e73e,0.6929577464788732,87330
data/raw/normal/free__exp3_num_286265.jpg,normal,free,False,300,352,L,JPEG,92.1182632446289,27.033458709716797,389.4617004394531,b11b401c51370b7485956894d1bb1fc2,0.8522727272727273,105600
data/raw/normal/free__exp3_num_289625.jpg,normal,free,False,310,353,L,JPEG,78.67325592041016,23.198915481567383,330.67681884765625,6b30b3ecb7669841b5eef823b15986fd,0.8781869688385269,109430
data/raw/normal/free__exp3_num_290081.jpg,normal,free,False,303,355,L,JPEG,88.35210418701172,21.3608341217041,644.4155883789062,f9be0a8934a7fb47d0dd5ccb83f175c6,0.8535211267605634,107565
data/raw/normal/free__exp3_num_292124.jpg,normal,free,False,294,336,L,JPEG,91.40755462646484,20.56925392150879,637.6598510742188,99bae7c282d7979aa2566e8cb19f1c4b,0.875,98784
data/raw/normal/free__exp3_num_293289.jpg,normal,free,False,302,338,L,JPEG,77.69902038574219,23.55288314819336,364.701904296875,2ecb6e39e0ddf2d910ae6bdf8f4a9183,0.893491124260355,102076
data/raw/normal/free__exp3_num_293742.jpg,normal,free,False,322,346,L,JPEG,78.6038589477539,23.103412628173828,458.75537109375,550b71b26f8c0e434f9c51c401f8d7ef,0.930635838150289,111412
data/raw/normal/free__exp3_num_29508.jpg,normal,free,False,536,305,L,JPEG,103.24365234375,30.959514617919922,271.53857421875,b96704609dd427f46fc79eb3381f6eba,1.7573770491803278,163480
data/raw/normal/free__exp3_num_296668.jpg,normal,free,False,304,347,L,JPEG,85.69245910644531,22.471330642700195,385.0030822753906,8983c03c9c54d03e9cbf49754f050826,0.8760806916426513,105488
data/raw/normal/free__exp3_num_297311.jpg,normal,free,False,310,337,L,JPEG,87.48931884765625,23.33597183227539,684.0028076171875,42d3b17ab0b680b7620d80a7415614e2,0.9198813056379822,104470
data/raw/normal/free__exp3_num_299758.jpg,normal,free,False,221,265,L,JPEG,99.5843734741211,28.768829345703125,803.6513061523438,19b30713f0b2bee78d1fbebd99b66289,0.8339622641509434,58565
data/raw/normal/free__exp3_num_301511.jpg,normal,free,False,368,372,L,JPEG,101.00849914550781,27.189470291137695,394.99322509765625,a21cb46979f609dd569d2ba256ab50dc,0.989247311827957,136896
data/raw/normal/free__exp3_num_304319.jpg,normal,free,False,315,318,L,JPEG,96.89745330810547,29.9078369140625,293.654296875,bb45a9aa13fde00731862cbd410ccdf8,0.9905660377358491,100170
data/raw/normal/free__exp3_num_304701.jpg,normal,free,False,329,287,L,JPEG,98.06874084472656,30.52123260498047,336.4205017089844,203ad512a630d4159ad4070ed7cd8659,1.146341463414634,94423
data/raw/normal/free__exp3_num_304882.jpg,normal,free,False,216,265,L,JPEG,94.04000854492188,28.045913696289062,476.5629577636719,2d583dec5baf6caae3a5fef025a6e504,0.8150943396226416,57240
data/raw/normal/free__exp3_num_306457.jpg,normal,free,False,217,254,L,JPEG,100.05840301513672,25.67765235900879,769.8611450195312,dd7cba7b9bcc3e6a1b2efb4df4bc58fd,0.8543307086614174,55118
data/raw/normal/free__exp3_num_306622.jpg,normal,free,False,358,360,L,JPEG,104.8586196899414,28.53714370727539,225.49691772460938,de541e0def899acbbeabd4eee172d9a5,0.9944444444444445,128880
data/raw/normal/free__exp3_num_308837.jpg,normal,free,False,367,358,L,JPEG,115.16781616210938,32.918209075927734,522.1459350585938,8cc680619ca61ee67526a44844c86b8b,1.0251396648044693,131386
data/raw/normal/free__exp3_num_309379.jpg,normal,free,False,358,355,L,JPEG,102.13140869140625,28.77525520324707,182.9075927734375,fe88e04be8fee204b6c3d3b58591af51,1.008450704225352,127090
data/raw/normal/free__exp3_num_309681.jpg,normal,free,False,218,266,L,JPEG,95.83203125,29.930383682250977,910.3796997070312,6e8f70e65c10ed54d9c045508440d753,0.8195488721804511,57988
data/raw/normal/free__exp3_num_311344.jpg,normal,free,False,216,268,L,JPEG,118.34504699707031,34.58964157104492,1366.7086181640625,9c90316446e2090c194592f69f92a108,0.8059701492537313,57888
data/raw/normal/free__exp3_num_31138.jpg,normal,free,False,124,281,L,JPEG,103.7712631225586,26.235815048217773,1119.3905029296875,0657df8593a63ef9f8141818821219da,0.4412811387900356,34844
data/raw/normal/free__exp3_num_313866.jpg,normal,free,False,246,359,L,JPEG,104.11075592041016,37.33612060546875,536.2561645507812,f552efe96b749972b54e98dd7a6f9515,0.6852367688022284,88314
data/raw/normal/free__exp3_num_315020.jpg,normal,free,False,221,273,L,JPEG,98.13990783691406,33.364013671875,974.4479370117188,5d492736b42137e9fa43e204ab8ec5c3,0.8095238095238095,60333
data/raw/normal/free__exp3_num_316354.jpg,normal,free,False,379,359,L,JPEG,111.08055114746094,35.585933685302734,520.23828125,3c708542e3702b48daed928b87569939,1.0557103064066853,136061
data/raw/normal/free__exp3_num_316726.jpg,normal,free,False,352,363,L,JPEG,106.54920959472656,29.507278442382812,213.9897918701172,8d61517b99984f49e410ab03b2b09244,0.9696969696969697,127776
data/raw/normal/free__exp3_num_317588.jpg,normal,free,False,379,345,L,JPEG,107.82390594482422,35.19540786743164,420.74969482421875,f73579201b252c712ea028da88f83f87,1.098550724637681,130755
data/raw/normal/free__exp3_num_317925.jpg,normal,free,False,351,366,L,JPEG,109.61325073242188,28.698484420776367,199.8715057373047,3675993b1dd9330aa71cce7b55eb168a,0.9590163934426229,128466
data/raw/normal/free__exp3_num_319346.jpg,normal,free,False,369,371,L,JPEG,104.88558197021484,31.878677368164062,559.5288696289062,c62de44687aa02dd1e01a0ed5a673161,0.9946091644204852,136899
data/raw/normal/free__exp3_num_319456.jpg,normal,free,False,218,273,L,JPEG,101.55162048339844,29.06850242614746,678.6446533203125,48fabb36a2c52736d8464d9a711cc8a0,0.7985347985347986,59514
data/raw/normal/free__exp3_num_319713.jpg,normal,free,False,340,370,L,JPEG,103.78874206542969,26.715974807739258,222.5367431640625,eb7f1a3770e579ade67755cf882cf363,0.918918918918919,125800
data/raw/normal/free__exp3_num_320486.jpg,normal,free,False,361,364,L,JPEG,115.10971069335938,35.63163375854492,633.0899658203125,b254dedc5dc1841ebadd13f83abc4461,0.9917582417582418,131404
data/raw/normal/free__exp3_num_320833.jpg,normal,free,False,363,359,L,JPEG,104.08909606933594,29.27593994140625,215.3780059814453,cae1b277482658ca86030168deba737f,1.011142061281337,130317
data/raw/normal/free__exp3_num_321466.jpg,normal,free,False,376,365,L,JPEG,98.03839874267578,31.452533721923828,475.5126037597656,c938bceae5ecb93137c2c662e3e049bb,1.0301369863013699,137240
data/raw/normal/free__exp3_num_323352.jpg,normal,free,False,220,272,L,JPEG,90.71875,22.96141815185547,523.0380859375,5c46465be9273f8afaf140a413ab65a2,0.8088235294117647,59840
data/raw/normal/free__exp3_num_326615.jpg,normal,free,False,369,369,L,JPEG,106.8324203491211,31.528305053710938,496.93841552734375,a88dc4046239cd48a2a26fc1318352ed,1.0,136161
data/raw/normal/free__exp3_num_326938.jpg,normal,free,False,364,367,L,JPEG,100.62973022460938,28.842880249023438,193.43653869628906,465ae154a1602effe3136815344ab78a,0.9918256130790191,133588
data/raw/normal/free__exp3_num_329247.jpg,normal,free,False,371,367,L,JPEG,94.80787658691406,27.457468032836914,390.3209533691406,5dfe675d39220ac918ed7c111a18f91e,1.0108991825613078,136157
data/raw/normal/free__exp3_num_331190.jpg,normal,free,False,354,352,L,JPEG,112.59740447998047,30.93121910095215,170.73606872558594,fe3681fd4e6158cb385ed10befe65ceb,1.0056818181818181,124608
data/raw/normal/free__exp3_num_331958.jpg,normal,free,False,357,347,L,JPEG,108.49421691894531,29.92174530029297,437.2430419921875,01d75ed24b061d0769add6c60174b07a,1.0288184438040346,123879
data/raw/normal/free__exp3_num_332719.jpg,normal,free,False,293,344,L,JPEG,93.22661590576172,25.248912811279297,390.5671081542969,16a06f3ac02d7b27a95cf7ebb7700b14,0.8517441860465116,100792
data/raw/normal/free__exp3_num_337688.jpg,normal,free,False,479,371,L,JPEG,96.8619155883789,36.482322692871094,671.6256713867188,46cf8fbbb7127a6085aa8cd4118413cb,1.2911051212938005,177709
data/raw/normal/free__exp3_num_338885.jpg,normal,free,False,488,361,L,JPEG,101.78514862060547,36.31903076171875,652.9078369140625,57104ad0c00801acc44aa25212e7b4c1,1.3518005540166205,176168
data/raw/normal/free__exp3_num_34117.jpg,normal,free,False,503,317,L,JPEG,87.37014770507812,23.32464027404785,153.94236755371094,a86356fdc7212c53a6d79b81d9be5067,1.586750788643533,159451
data/raw/normal/free__exp3_num_342889.jpg,normal,free,False,498,368,L,JPEG,106.90190124511719,36.2435417175293,170.55056762695312,bffcf2d301486cb9e0415599534000f5,1.3532608695652173,183264
data/raw/normal/free__exp3_num_344580.jpg,normal,free,False,485,357,L,JPEG,77.16458129882812,24.069833755493164,157.7790985107422,0909c6b334ca40e93975efb28e6d24d0,1.3585434173669468,173145
data/raw/normal/free__exp3_num_349856.jpg,normal,free,False,478,363,L,JPEG,97.31592559814453,36.37828826904297,723.9260864257812,21a2c4a94b92312d54941b7f0c362d3f,1.3168044077134986,173514
data/raw/normal/free__exp3_num_351078.jpg,normal,free,False,482,359,L,JPEG,106.40839385986328,40.51103591918945,693.6779174804688,417fec9e189b24cb95b829b699ec1539,1.3426183844011141,173038
data/raw/normal/free__exp3_num_351463.jpg,normal,free,False,509,364,L,JPEG,109.25204467773438,40.39112854003906,187.23333740234375,de6a88b15793ff4af425c5c339bb38e7,1.3983516483516483,185276
data/raw/normal/free__exp3_num_3539.jpg,normal,free,False,131,268,L,JPEG,103.50005340576172,35.7837028503418,700.4883422851562,c1882b30c2605cb312cb68f0f3657515,0.48880597014925375,35108
data/raw/normal/free__exp3_num_354417.jpg,normal,free,False,501,359,L,JPEG,101.77216339111328,40.53180694580078,696.1480712890625,95c4277bf9a3673df183ddcb8f700e23,1.3955431754874652,179859
data/raw/normal/free__exp3_num_355669.jpg,normal,free,False,480,372,L,JPEG,108.75557708740234,39.87890625,813.2063598632812,b5376ca961429944a103189b0d437e1f,1.2903225806451613,178560
data/raw/normal/free__exp3_num_358127.jpg,normal,free,False,468,376,L,JPEG,115.09294891357422,40.99763107299805,929.2643432617188,cbe67bc86827c912450f348dffda0159,1.2446808510638299,175968
data/raw/normal/free__exp3_num_358972.jpg,normal,free,False,488,357,L,JPEG,76.30714416503906,28.577003479003906,605.306884765625,a9894ee4560ccbceb093d23c0bc7ea4c,1.3669467787114846,174216
data/raw/normal/free__exp3_num_359489.jpg,normal,free,False,499,379,L,JPEG,84.7957992553711,31.694473266601562,266.5378723144531,7e2e5e5ddd8cb250d8912f7ad8dc0452,1.316622691292876,189121
data/raw/normal/free__exp3_num_37056.jpg,normal,free,False,123,279,L,JPEG,79.82524871826172,19.319292068481445,496.2747802734375,0bd3b0dc4b4152f10cf59f91427ee8da,0.44086021505376344,34317
data/raw/normal/free__exp3_num_37278.jpg,normal,free,False,517,327,L,JPEG,95.32479095458984,26.058467864990234,356.1966552734375,c7d722e56cfaa78525d0fcbb012f8860,1.581039755351682,169059
data/raw/normal/free__exp3_num_37556.jpg,normal,free,False,128,283,L,JPEG,78.14427185058594,21.135337829589844,521.0482177734375,a63878c2dc1c5fa56b862a1d1316cef8,0.45229681978798586,36224
data/raw/normal/free__exp3_num_38023.jpg,normal,free,False,522,321,L,JPEG,88.53855895996094,22.904380798339844,150.91937255859375,3775ba1e179445b246322b786ec1a4a8,1.6261682242990654,167562
data/raw/normal/free__exp3_num_3828.jpg,normal,free,False,114,273,L,JPEG,83.90848541259766,23.173471450805664,611.6085205078125,b55e755ecf60a604817bed82502e21da,0.4175824175824176,31122
data/raw/normal/free__exp3_num_39447.jpg,normal,free,False,123,286,L,JPEG,108.93319702148438,28.569684982299805,975.5294189453125,19a24d71572f445362de4390e03df72b,0.43006993006993005,35178
data/raw/normal/free__exp3_num_43853.jpg,normal,free,False,523,327,L,JPEG,89.38976287841797,23.11836814880371,162.83847045898438,7e4312ea34ec771430fd554be4db9cbd,1.599388379204893,171021
data/raw/normal/free__exp3_num_50415.jpg,normal,free,False,523,317,L,JPEG,98.49105834960938,29.012081146240234,481.3337097167969,f804db78b848e13d0f8692dbf530d0a7,1.6498422712933754,165791
data/raw/normal/free__exp3_num_51112.jpg,normal,free,False,523,325,L,JPEG,97.2837142944336,22.16080665588379,206.3022918701172,30219fc30e8de1d480faaab0cb172a04,1.6092307692307692,169975
data/raw/normal/free__exp3_num_52702.jpg,normal,free,False,117,290,L,JPEG,93.7220458984375,27.60967445373535,1143.1483154296875,0ecb0dd6420ddd656f8ca9ed15327cf3,0.40344827586206894,33930
data/raw/normal/free__exp3_num_53038.jpg,normal,free,False,520,338,L,JPEG,90.56510925292969,24.44703483581543,353.61871337890625,bc51f67ace9c1894865b7e85c75982d4,1.5384615384615385,175760
data/raw/normal/free__exp3_num_54145.jpg,normal,free,False,529,332,L,JPEG,91.43719482421875,25.1634578704834,194.45651245117188,bc7f360476dc7ab9ec72e7d37db42700,1.5933734939759037,175628
data/raw/normal/free__exp3_num_54942.jpg,normal,free,False,132,300,L,JPEG,104.53861236572266,29.694618225097656,498.60382080078125,72ea13258b869f313574314b46acadd5,0.44,39600
data/raw/normal/free__exp3_num_5941.jpg,normal,free,False,519,330,L,JPEG,93.38641357421875,26.752458572387695,403.4665222167969,951ad3984bdaf54c29f92356ae39cac8,1.5727272727272728,171270
data/raw/normal/free__exp3_num_61338.jpg,normal,free,False,126,281,L,JPEG,99.71744537353516,19.963275909423828,477.0306701660156,3f5bbb8f1989e3cfe3f3cc0cf09bde01,0.4483985765124555,35406
data/raw/normal/free__exp3_num_65031.jpg,normal,free,False,531,336,L,JPEG,88.91852569580078,26.490276336669922,350.08819580078125,dca2b91b367d9b1b502ce711ed5a36aa,1.5803571428571428,178416
data/raw/normal/free__exp3_num_6541.jpg,normal,free,False,516,388,L,JPEG,95.34510040283203,36.82003402709961,157.0438232421875,8fdde33925453183be1e7c6b348fefd5,1.3298969072164948,200208
data/raw/normal/free__exp3_num_6571.jpg,normal,free,False,125,286,L,JPEG,123.56461334228516,36.4088134765625,1112.1607666015625,285bdc0debc7356ad4b55d8c0a9645aa,0.4370629370629371,35750
data/raw/normal/free__exp3_num_68398.jpg,normal,free,False,133,300,L,JPEG,106.28343200683594,33.02705001831055,615.7100830078125,02f867138396c6e82e04a9f1699bc5ac,0.44333333333333336,39900
data/raw/normal/free__exp3_num_69845.jpg,normal,free,False,126,287,L,JPEG,110.4326400756836,32.43128967285156,946.95947265625,43f2efed7b7245fb21c1f89755c347fa,0.43902439024390244,36162
data/raw/normal/free__exp3_num_70527.jpg,normal,free,False,116,292,L,JPEG,107.72209930419922,28.95892333984375,600.94482421875,902ff268e4aa053d6a3b482f47e93a3a,0.3972602739726027,33872
data/raw/normal/free__exp3_num_71224.jpg,normal,free,False,130,286,L,JPEG,106.01285552978516,28.798463821411133,552.0508422851562,34596cc7f4af5d7b6cd73fa10b73264a,0.45454545454545453,37180
data/raw/normal/free__exp3_num_75119.jpg,normal,free,False,591,256,L,JPEG,94.47814178466797,25.017602920532227,303.0120849609375,1a3c2579c99c2a8f09d571572dca2cd6,2.30859375,151296
data/raw/normal/free__exp3_num_7899.jpg,normal,free,False,119,287,L,JPEG,108.08122253417969,20.84869956970215,615.6716918945312,01f5e284bc46807a8dbe1194cbbcc3d2,0.4146341463414634,34153
data/raw/normal/free__exp3_num_91008.jpg,normal,free,False,602,244,L,JPEG,83.75406646728516,22.045629501342773,335.4271545410156,f241f5a41b00051afdb8f873ea0f3894,2.4672131147540983,146888
data/raw/normal/free__exp3_num_913.jpg,normal,free,False,242,293,L,JPEG,84.92598724365234,18.455875396728516,1410.1614990234375,7d3b701e829389136c9a9c5cb8f32d39,0.825938566552901,70906
data/raw/normal/free__exp3_num_94938.jpg,normal,free,False,609,262,L,JPEG,92.25386047363281,24.463376998901367,356.83319091796875,0ad3fc044cd8ebef5d62fb574f04b705,2.3244274809160306,159558
data/raw/normal/free__exp4_num_10227.jpg,normal,free,False,509,376,L,JPEG,131.43104553222656,46.74757766723633,336.22509765625,114916d12c221cf707c5a7d1c72c1ca5,1.3537234042553192,191384
data/raw/normal/free__exp4_num_106203.jpg,normal,free,False,251,356,L,JPEG,114.55177307128906,46.089290618896484,649.0403442382812,cde7fc83a59a6b209081711408d1888a,0.7050561797752809,89356
data/raw/normal/free__exp4_num_10642.jpg,normal,free,False,524,337,L,JPEG,112.6162338256836,30.604101181030273,233.78399658203125,d44cb87225cb3f8da316753760111c41,1.5548961424332344,176588
data/raw/normal/free__exp4_num_106801.jpg,normal,free,False,258,355,L,JPEG,114.85177612304688,36.40253448486328,901.3090209960938,56516c680c304c4aff9ad051e3eb925e,0.7267605633802817,91590
data/raw/normal/free__exp4_num_10957.jpg,normal,free,False,512,355,L,JPEG,94.85977172851562,34.6308708190918,299.2362976074219,b0f68ea28a7ba075d59fcf05988656b5,1.4422535211267606,181760
data/raw/normal/free__exp4_num_110151.jpg,normal,free,False,600,255,L,JPEG,93.88640594482422,21.956823348999023,367.26025390625,12596a13c52552ca773fa10cb2d2a7f9,2.3529411764705883,153000
data/raw/normal/free__exp4_num_11314.jpg,normal,free,False,479,364,L,JPEG,87.3402328491211,29.14542007446289,726.7714233398438,d1442b4f693928b0990e79e448bd41da,1.315934065934066,174356
data/raw/normal/free__exp4_num_114433.jpg,normal,free,False,253,372,L,JPEG,129.0499725341797,35.392852783203125,956.886474609375,c1a9220faddc9f76ef070b87a4d3c460,0.6801075268817204,94116
data/raw/normal/free__exp4_num_116311.jpg,normal,free,False,604,258,L,JPEG,126.28240966796875,30.675613403320312,694.593017578125,0ecde29b393e6783d89710de3777790f,2.3410852713178296,155832
data/raw/normal/free__exp4_num_117012.jpg,normal,free,False,302,313,L,JPEG,105.55128479003906,26.12018585205078,688.5444946289062,a7cdbb769efd6fe16a449736c682adb3,0.9648562300319489,94526
data/raw/normal/free__exp4_num_118925.jpg,normal,free,False,598,248,L,JPEG,136.6197052001953,32.797027587890625,631.7147827148438,6a4e927d07caaf4b1d7f2601fc718c15,2.411290322580645,148304
data/raw/normal/free__exp4_num_126353.jpg,normal,free,False,307,335,L,JPEG,95.31228637695312,25.56330108642578,457.0713806152344,53b2832703570aeac32de487a1a80924,0.9164179104477612,102845
data/raw/normal/free__exp4_num_126840.jpg,normal,free,False,307,340,L,JPEG,105.11377716064453,24.871273040771484,819.6297607421875,5e7d3253a462d48b929d7988f59ec818,0.9029411764705882,104380
data/raw/normal/free__exp4_num_127690.jpg,normal,free,False,301,343,L,JPEG,100.69588470458984,29.67027473449707,475.0786437988281,0168731c341b2880308ec860f36a7f90,0.8775510204081632,103243
data/raw/normal/free__exp4_num_128120.jpg,normal,free,False,317,346,L,JPEG,94.0739517211914,25.07925033569336,581.7167358398438,15147535a23c4c3e1241c950b82cb76d,0.9161849710982659,109682
data/raw/normal/free__exp4_num_129654.jpg,normal,free,False,251,377,L,JPEG,133.54022216796875,31.96857452392578,957.6751708984375,a1814f36d630593a69069bdc44557948,0.6657824933687002,94627
data/raw/normal/free__exp4_num_13589.jpg,normal,free,False,513,339,L,JPEG,106.53018188476562,26.056194305419922,503.7188415527344,dd53807255fe22b14e062957a0448023,1.5132743362831858,173907
data/raw/normal/free__exp4_num_138670.jpg,normal,free,False,609,253,L,JPEG,110.4498291015625,28.859086990356445,482.3677062988281,d758a3ec2563f32cda650a011880e5a9,2.4071146245059287,154077
data/raw/normal/free__exp4_num_143255.jpg,normal,free,False,584,250,L,JPEG,115.67781066894531,25.551542282104492,557.361083984375,fd5c94725c639a226799d901c6aa2157,2.336,146000
data/raw/normal/free__exp4_num_144227.jpg,normal,free,False,564,257,L,JPEG,122.71072387695312,31.94181251525879,482.22210693359375,d956d798390536dcc2f5e057c2008505,2.1945525291828796,144948
data/raw/normal/free__exp4_num_147986.jpg,normal,free,False,593,235,L,JPEG,143.2758026123047,34.3315315246582,763.8717041015625,ace5782ab7196e5188d9b75bbe806ffe,2.523404255319149,139355
data/raw/normal/free__exp4_num_148998.jpg,normal,free,False,580,222,L,JPEG,126.86083221435547,26.265047073364258,404.6104431152344,cff7c11e99d95edfc0b73b0c78dca956,2.6126126126126126,128760
data/raw/normal/free__exp4_num_154613.jpg,normal,free,False,188,319,L,JPEG,145.26116943359375,29.006681442260742,1218.0029296875,a6da20c3627563096c220418e773bd25,0.5893416927899686,59972
data/raw/normal/free__exp4_num_157245.jpg,normal,free,False,197,328,L,JPEG,135.72314453125,24.780393600463867,704.3606567382812,b4b613a0d83be0ad843d9484bca7a86c,0.600609756097561,64616
data/raw/normal/free__exp4_num_157789.jpg,normal,free,False,193,322,L,JPEG,114.74651336669922,19.35093879699707,751.933349609375,8f9705279e39337b6fef8e816e8e6d7b,0.5993788819875776,62146
data/raw/normal/free__exp4_num_165425.jpg,normal,free,False,203,321,L,JPEG,149.94613647460938,33.40583801269531,1019.8103637695312,bd7d7a067280c2bd498e08097e9ff5fd,0.632398753894081,65163
data/raw/normal/free__exp4_num_16575.jpg,normal,free,False,533,310,L,JPEG,109.24107360839844,31.612934112548828,294.5247497558594,ff6250d5e5c87a21424d2c8304ac1a04,1.7193548387096773,165230
data/raw/normal/free__exp4_num_166238.jpg,normal,free,False,201,321,L,JPEG,122.99325561523438,27.341405868530273,845.9609985351562,7db7ca4e7f3612fdff50e424aeb2b5e5,0.6261682242990654,64521
data/raw/normal/free__exp4_num_174720.jpg,normal,free,False,196,317,L,JPEG,164.12161254882812,34.665557861328125,1026.888916015625,c6759f39cf38e9f4ef5b6ea453a15b2b,0.6182965299684543,62132
data/raw/normal/free__exp4_num_177987.jpg,normal,free,False,204,311,L,JPEG,170.4893035888672,38.726898193359375,1813.9921875,876a6cdd070740b422133ef9a78bc43c,0.6559485530546624,63444
data/raw/normal/free__exp4_num_178536.jpg,normal,free,False,191,317,L,JPEG,131.95713806152344,26.45359992980957,1053.4266357421875,539f5479d8b759385be166cdab4920f6,0.6025236593059937,60547
data/raw/normal/free__exp4_num_180371.jpg,normal,free,False,196,323,L,JPEG,109.50695037841797,22.45359992980957,790.0073852539062,a0f3723ca67bd30aeade065365e25f24,0.6068111455108359,63308
data/raw/normal/free__exp4_num_180903.jpg,normal,free,False,199,317,L,JPEG,129.32745361328125,26.91143226623535,636.8763427734375,e164c036a0a5b684f33025fc06738c6d,0.6277602523659306,63083
data/raw/normal/free__exp4_num_18204.jpg,normal,free,False,511,328,L,JPEG,114.17713928222656,28.38825225830078,533.5444946289062,02ecbe6e0729f51b1d8ebbefcc2d2c6b,1.5579268292682926,167608
data/raw/normal/free__exp4_num_183223.jpg,normal,free,False,199,320,L,JPEG,170.68724060058594,35.112266540527344,1483.4241943359375,1c720676e50aded9d20f7fd094ad43fa,0.621875,63680
data/raw/normal/free__exp4_num_183867.jpg,normal,free,False,196,316,L,JPEG,155.6347198486328,31.410614013671875,1121.90087890625,0f1fc595f4e423eccc02ddf44aa787dc,0.620253164556962,61936
data/raw/normal/free__exp4_num_187582.jpg,normal,free,False,192,324,L,JPEG,151.4420623779297,29.283437728881836,853.0340576171875,d0d19acd947fdc7e2c81dddfc36a3c96,0.5925925925925926,62208
data/raw/normal/free__exp4_num_1877.jpg,normal,free,False,244,273,L,JPEG,93.89659881591797,19.86777114868164,367.6976623535156,950ab22fe16ee90545ee63fab83233ef,0.8937728937728938,66612
data/raw/normal/free__exp4_num_192192.jpg,normal,free,False,194,320,L,JPEG,175.36257934570312,31.390832901000977,1387.7349853515625,b7387c6c4c78c5b0f5bd34fe24d97a2f,0.60625,62080
data/raw/normal/free__exp4_num_193151.jpg,normal,free,False,194,322,L,JPEG,174.36766052246094,32.281490325927734,1165.3106689453125,11145e7b992d5819f1e21c5b3a6ecacb,0.6024844720496895,62468
data/raw/normal/free__exp4_num_195700.jpg,normal,free,False,188,319,L,JPEG,158.99974060058594,24.882524490356445,886.6676025390625,fd4d2becfc6630da5b420c9b0914e245,0.5893416927899686,59972
data/raw/normal/free__exp4_num_19770.jpg,normal,free,False,515,323,L,JPEG,106.08602905273438,24.768678665161133,428.0176086425781,ce5069445492b563b0e23f2282b45f1b,1.5944272445820433,166345
data/raw/normal/free__exp4_num_2086.jpg,normal,free,False,520,374,L,JPEG,115.18143463134766,40.327003479003906,379.17938232421875,63316898ed0ae855c6f747dc9612ef84,1.3903743315508021,194480
data/raw/normal/free__exp4_num_240090.jpg,normal,free,False,258,361,L,JPEG,133.72581481933594,38.54594802856445,884.81884765625,30d6a82804a2ce815af0a5a08d6db6b2,0.7146814404432132,93138
data/raw/normal/free__exp4_num_241391.jpg,normal,free,False,216,258,L,JPEG,103.05670166015625,26.07002067565918,619.509033203125,3c39c9e98e3c69a8f050fc598b2ed2a3,0.8372093023255814,55728
data/raw/normal/free__exp4_num_245804.jpg,normal,free,False,210,241,L,JPEG,121.05667114257812,26.73172378540039,1161.6290283203125,5c2ea0f6059c42a59d5ffc8efcb12471,0.8713692946058091,50610
data/raw/normal/free__exp4_num_246354.jpg,normal,free,False,219,272,L,JPEG,127.92086029052734,30.145479202270508,1034.1177978515625,4c0a0324255935fb7167f1b10276e736,0.8051470588235294,59568
data/raw/normal/free__exp4_num_251495.jpg,normal,free,False,223,247,L,JPEG,122.93827056884766,42.734703063964844,1088.7039794921875,a6140558be2bee071aaff4e7c3c914bc,0.902834008097166,55081
data/raw/normal/free__exp4_num_255718.jpg,normal,free,False,260,353,L,JPEG,126.90646362304688,28.42927360534668,817.0145263671875,6a93c933607dd1b0e95506f8084a29e1,0.7365439093484419,91780
data/raw/normal/free__exp4_num_256324.jpg,normal,free,False,262,369,L,JPEG,113.68251037597656,31.75826072692871,757.1744995117188,e50194d0dac026dccc63c638bb88e452,0.7100271002710027,96678
data/raw/normal/free__exp4_num_257190.jpg,normal,free,False,222,273,L,JPEG,114.94827270507812,34.91625213623047,755.290283203125,844592776f9784bf93f8068084673fc5,0.8131868131868132,60606
data/raw/normal/free__exp4_num_257938.jpg,normal,free,False,248,329,L,JPEG,115.74014282226562,43.718021392822266,529.1563720703125,923288ada3a9adbf3423faeeb16dd9a5,0.7537993920972644,81592
data/raw/normal/free__exp4_num_258885.jpg,normal,free,False,216,249,L,JPEG,109.3575439453125,32.73995590209961,978.103271484375,fbea40d4a095b5417bf168498b686b00,0.8674698795180723,53784
data/raw/normal/free__exp4_num_260535.jpg,normal,free,False,221,252,L,JPEG,115.79059600830078,35.607582092285156,1114.3565673828125,747eb6b63e7027fcf26119cd6107b37b,0.876984126984127,55692
data/raw/normal/free__exp4_num_260976.jpg,normal,free,False,223,269,L,JPEG,117.27727508544922,27.236251831054688,936.7003784179688,4107c9e3bb751b854059c219dfba3701,0.828996282527881,59987
data/raw/normal/free__exp4_num_261992.jpg,normal,free,False,223,269,L,JPEG,121.1275634765625,36.0771598815918,1119.9500732421875,3fa567e4de15be6a27acfaf31f57e8ee,0.828996282527881,59987
data/raw/normal/free__exp4_num_262258.jpg,normal,free,False,278,381,L,JPEG,114.76643371582031,43.49245071411133,708.6182250976562,a6ef20e3e2884fdc3189e347b024685c,0.7296587926509186,105918
data/raw/normal/free__exp4_num_262687.jpg,normal,free,False,271,382,L,JPEG,128.48013305664062,35.84721755981445,897.087158203125,328530d25491bd5e2f0f25906f4c8421,0.7094240837696335,103522
data/raw/normal/free__exp4_num_263875.jpg,normal,free,False,264,373,L,JPEG,131.21571350097656,39.98521423339844,854.3372192382812,263e30bfdd32299c3374c8d4db3424c4,0.707774798927614,98472
data/raw/normal/free__exp4_num_264241.jpg,normal,free,False,268,372,L,JPEG,118.03083038330078,32.120567321777344,615.6597290039062,bf30e07794e22e88b28c9ecb979ee1de,0.7204301075268817,99696
data/raw/normal/free__exp4_num_2657.jpg,normal,free,False,122,285,L,JPEG,118.86582946777344,30.842391967773438,1076.685302734375,94f658831e48a27864822f88447b6d02,0.4280701754385965,34770
data/raw/normal/free__exp4_num_266329.jpg,normal,free,False,223,258,L,JPEG,115.8572998046875,35.004486083984375,929.0557250976562,497bdea7ed1d4b6ebbb636c431c1636c,0.8643410852713178,57534
data/raw/normal/free__exp4_num_266844.jpg,normal,free,False,217,279,L,JPEG,117.37396240234375,31.3549747467041,831.6625366210938,f2daeb0a5e0972641b0908267858465b,0.7777777777777778,60543
data/raw/normal/free__exp4_num_269136.jpg,normal,free,False,222,283,L,JPEG,109.6401138305664,30.503089904785156,827.8482055664062,4204132c4ee74294ced170be37ef2b38,0.784452296819788,62826
data/raw/normal/free__exp4_num_269682.jpg,normal,free,False,210,287,L,JPEG,108.13700103759766,29.208768844604492,806.4090576171875,a38c7f4b8262c744920b5bdaa71b5500,0.7317073170731707,60270
data/raw/normal/free__exp4_num_270607.jpg,normal,free,False,260,349,L,JPEG,109.77265930175781,35.266693115234375,686.2315673828125,55412e18ee49dd7f1909b1dbcf38717c,0.7449856733524355,90740
data/raw/normal/free__exp4_num_270824.jpg,normal,free,False,210,295,L,JPEG,135.01333618164062,43.012733459472656,1296.7166748046875,eaddfd60f0b1ee80b731e0f1d8ec431e,0.711864406779661,61950
data/raw/normal/free__exp4_num_275420.jpg,normal,free,False,266,379,L,JPEG,130.15467834472656,44.01361083984375,891.2127685546875,94b81ddd8c7a4a24943eba3605203956,0.7018469656992085,100814
data/raw/normal/free__exp4_num_275709.jpg,normal,free,False,271,383,L,JPEG,128.36598205566406,35.53255844116211,832.2098999023438,7075450e575a9755d2130097206036fc,0.7075718015665796,103793
data/raw/normal/free__exp4_num_277041.jpg,normal,free,False,271,379,L,JPEG,128.28793334960938,35.88417053222656,781.17431640625,eb213fdea6b846e09f3f9b279a02a1f5,0.7150395778364116,102709
data/raw/normal/free__exp4_num_278605.jpg,normal,free,False,270,381,L,JPEG,131.93576049804688,41.96550369262695,959.9535522460938,1c8813238c3bd6751090782dfdbe06ee,0.7086614173228346,102870
data/raw/normal/free__exp4_num_279133.jpg,normal,free,False,266,381,L,JPEG,122.4983901977539,38.58795166015625,773.364501953125,e15bdf61875773af3eb7287c110ed354,0.6981627296587927,101346
data/raw/normal/free__exp4_num_280258.jpg,normal,free,False,243,356,L,JPEG,121.0777816772461,39.61949920654297,1078.8447265625,3da85ffe489a464bdd4dcab748998463,0.6825842696629213,86508
data/raw/normal/free__exp4_num_280989.jpg,normal,free,False,242,363,L,JPEG,94.0561752319336,35.35869598388672,459.1502685546875,ba1712bc2d62d83852c40a5853e5bf4c,0.6666666666666666,87846
data/raw/normal/free__exp4_num_282921.jpg,normal,free,False,254,348,L,JPEG,98.36882019042969,37.52496337890625,481.185791015625,b75db0340edb8513f98e420b8554b6ec,0.7298850574712644,88392
data/raw/normal/free__exp4_num_283240.jpg,normal,free,False,256,322,L,JPEG,102.43612670898438,32.845767974853516,594.1506958007812,4918137e5b5e897ea6c311592e621e25,0.7950310559006211,82432
data/raw/normal/free__exp4_num_284889.jpg,normal,free,False,245,354,L,JPEG,97.78278350830078,33.51945114135742,591.1201171875,6c9293594956e3c083ec341092e21ed5,0.692090395480226,86730
data/raw/normal/free__exp4_num_286277.jpg,normal,free,False,291,347,L,JPEG,111.01866149902344,28.959457397460938,559.9803466796875,3442f6e5df2103ec33c9138c38304d21,0.8386167146974063,100977
data/raw/normal/free__exp4_num_289638.jpg,normal,free,False,296,343,L,JPEG,95.03568267822266,25.122222900390625,461.9627380371094,c1d4f476af4248b61be4190bed892105,0.8629737609329446,101528
data/raw/normal/free__exp4_num_290093.jpg,normal,free,False,296,343,L,JPEG,103.89799499511719,24.487293243408203,870.8406982421875,c42d4464a75c6a453f5b529fec064c6e,0.8629737609329446,101528
data/raw/normal/free__exp4_num_292138.jpg,normal,free,False,296,343,L,JPEG,107.92869567871094,24.819503784179688,856.2463989257812,e9058009cdc96a7d60c47818c276ae21,0.8629737609329446,101528
data/raw/normal/free__exp4_num_293302.jpg,normal,free,False,297,334,L,JPEG,93.28349304199219,27.169641494750977,512.8798217773438,9bc83bcd815a180aa024c237c9f7fa02,0.8892215568862275,99198
data/raw/normal/free__exp4_num_293757.jpg,normal,free,False,311,337,L,JPEG,96.498291015625,23.828079223632812,649.00732421875,bd1486b41c463d635b387b838bffc267,0.9228486646884273,104807
data/raw/normal/free__exp4_num_29521.jpg,normal,free,False,496,317,L,JPEG,124.17000579833984,32.70137405395508,321.5211181640625,f4e983d2f0e7b4827c56dea9862ab0c1,1.5646687697160884,157232
data/raw/normal/free__exp4_num_296682.jpg,normal,free,False,304,349,L,JPEG,101.0537338256836,25.94013214111328,534.8458862304688,d3db58e91a776dab7a5e92a19453f74b,0.8710601719197708,106096
data/raw/normal/free__exp4_num_297324.jpg,normal,free,False,303,347,L,JPEG,104.07354736328125,26.804384231567383,906.2904052734375,f46309d7054490251a83cc8bc51ba0c3,0.8731988472622478,105141
data/raw/normal/free__exp4_num_299772.jpg,normal,free,False,207,269,L,JPEG,120.6400146484375,30.43389320373535,1119.4525146484375,18945ce5b9caeb446a1b609ec0614f9a,0.7695167286245354,55683
data/raw/normal/free__exp4_num_301523.jpg,normal,free,False,368,365,L,JPEG,119.96514129638672,31.204378128051758,534.4593505859375,4496d278d284b07342069bd465eeab9e,1.0082191780821919,134320
data/raw/normal/free__exp4_num_304330.jpg,normal,free,False,315,328,L,JPEG,114.30065155029297,35.62316131591797,421.56866455078125,da23e8012c241abbcd84fca62b030429,0.9603658536585366,103320
data/raw/normal/free__exp4_num_304714.jpg,normal,free,False,321,303,L,JPEG,119.61759185791016,34.000732421875,504.9164123535156,f74b904c9536d8df7c0d5ab2f833300b,1.0594059405940595,97263
data/raw/normal/free__exp4_num_304904.jpg,normal,free,False,210,271,L,JPEG,110.6625747680664,30.522478103637695,619.5404663085938,8a470e9afc66f02fdc1cc901eb64a579,0.7749077490774908,56910
data/raw/normal/free__exp4_num_306469.jpg,normal,free,False,213,267,L,JPEG,118.4408950805664,29.374425888061523,1064.5584716796875,263ccf4a1f9d3e84745bce6a36800539,0.797752808988764,56871
data/raw/normal/free__exp4_num_306634.jpg,normal,free,False,360,375,L,JPEG,122.93242645263672,34.57261276245117,320.801025390625,12c24fa4f122268cef50e1ac5af18ba0,0.96,135000
data/raw/normal/free__exp4_num_308849.jpg,normal,free,False,357,369,L,JPEG,133.97447204589844,39.76862335205078,708.6266479492188,49f644e62a5e517443a3819336843394,0.967479674796748,131733
data/raw/normal/free__exp4_num_309390.jpg,normal,free,False,365,358,L,JPEG,118.27784729003906,35.404598236083984,256.434326171875,466dca69ace66acdfc8e011b7335e505,1.0195530726256983,130670
data/raw/normal/free__exp4_num_309692.jpg,normal,free,False,218,270,L,JPEG,113.23523712158203,35.76007080078125,1199.64892578125,4ad2c245a834c2e96ee88cfdd6908136,0.8074074074074075,58860
data/raw/normal/free__exp4_num_311355.jpg,normal,free,False,207,271,L,JPEG,141.65708923339844,36.793701171875,1727.459716796875,3f68807cb4d07ad4ab773ae4005d5028,0.7638376383763837,56097
data/raw/normal/free__exp4_num_31150.jpg,normal,free,False,124,280,L,JPEG,120.87557983398438,30.80689811706543,1486.0362548828125,6215ea79c576247436e3eb09e1199b57,0.44285714285714284,34720
data/raw/normal/free__exp4_num_313877.jpg,normal,free,False,248,351,L,JPEG,121.73346710205078,43.93148422241211,723.3510131835938,10c2584ab4be35fe3bdaeac65ebcbe52,0.7065527065527065,87048
data/raw/normal/free__exp4_num_315033.jpg,normal,free,False,207,272,L,JPEG,119.87712860107422,34.62326431274414,1329.229248046875,617f425953640b13830a4e0de1625d35,0.7610294117647058,56304
data/raw/normal/free__exp4_num_316364.jpg,normal,free,False,363,349,L,JPEG,133.5123748779297,39.755069732666016,716.7088012695312,232b70d17ce0253991169fea4c159518,1.0401146131805157,126687
data/raw/normal/free__exp4_num_316737.jpg,normal,free,False,349,352,L,JPEG,125.7967758178711,33.708824157714844,295.58416748046875,90282e516d8ca9e5d8ec012fe0754a2e,0.9914772727272727,122848
data/raw/normal/free__exp4_num_317600.jpg,normal,free,False,349,352,L,JPEG,128.35546875,38.98147964477539,589.6693725585938,15926de26f0a15f3e0c6af81968c3b6a,0.9914772727272727,122848
data/raw/normal/free__exp4_num_317937.jpg,normal,free,False,344,360,L,JPEG,130.63279724121094,33.06718826293945,269.57281494140625,3381af198a9f64131163cf78b6007cae,0.9555555555555556,123840
data/raw/normal/free__exp4_num_319357.jpg,normal,free,False,366,357,L,JPEG,124.23099517822266,37.736595153808594,732.843017578125,7babe555b1d45ab603b44234daddddf7,1.0252100840336134,130662
data/raw/normal/free__exp4_num_319469.jpg,normal,free,False,217,281,L,JPEG,114.8022689819336,34.44651412963867,840.9360961914062,3f8d430e8f51fd2f974cbee74c94ccc4,0.7722419928825622,60977
data/raw/normal/free__exp4_num_319729.jpg,normal,free,False,339,367,L,JPEG,121.01676940917969,31.178504943847656,297.3215637207031,d4ecc69a4034a98037eca53a4d71ff55,0.9237057220708447,124413
data/raw/normal/free__exp4_num_320501.jpg,normal,free,False,362,357,L,JPEG,135.2094268798828,41.17218017578125,828.8474731445312,51e44c03474127a3aa238b43288b2fab,1.0140056022408963,129234
data/raw/normal/free__exp4_num_320843.jpg,normal,free,False,357,361,L,JPEG,122.53856658935547,33.539066314697266,301.1505432128906,53e6ba0fcbd4cdbd0786efb91507a86b,0.9889196675900277,128877
data/raw/normal/free__exp4_num_321478.jpg,normal,free,False,362,366,L,JPEG,116.93923950195312,35.41794204711914,667.0079345703125,f64d060dd1af57a660f10c6edfa6bda3,0.9890710382513661,132492
data/raw/normal/free__exp4_num_323366.jpg,normal,free,False,216,267,L,JPEG,105.9729995727539,25.5183162689209,683.014404296875,707abdfd133a91b222d344a8f22d607f,0.8089887640449438,57672
data/raw/normal/free__exp4_num_326627.jpg,normal,free,False,372,340,L,JPEG,126.70062255859375,36.17890548706055,640.2163696289062,49f726a4c35405f0d086d842ede54a5c,1.0941176470588236,126480
data/raw/normal/free__exp4_num_326953.jpg,normal,free,False,354,362,L,JPEG,121.08384704589844,30.9776668548584,266.3482971191406,c4fb2041b0cee31a7f1a8eb8fc24d5f2,0.9779005524861878,128148
data/raw/normal/free__exp4_num_329260.jpg,normal,free,False,367,359,L,JPEG,112.47880554199219,32.15089416503906,538.6129150390625,e3fa137859537ddedd13d5b439fe3023,1.0222841225626742,131753
data/raw/normal/free__exp4_num_331207.jpg,normal,free,False,360,358,L,JPEG,130.40838623046875,38.26365661621094,243.92919921875,5266fc92753b34412c0313cb2893ef9a,1.005586592178771,128880
data/raw/normal/free__exp4_num_331970.jpg,normal,free,False,358,357,L,JPEG,125.69977569580078,35.90011215209961,596.6620483398438,b23b4f1ebfb35aae491ab566a866cf90,1.0028011204481793,127806
data/raw/normal/free__exp4_num_332730.jpg,normal,free,False,311,348,L,JPEG,106.18741607666016,32.89094924926758,527.13525390625,ec53946e153f18c90382c13fec784210,0.8936781609195402,108228
data/raw/normal/free__exp4_num_337703.jpg,normal,free,False,490,374,L,JPEG,111.13541412353516,44.19390869140625,872.0696411132812,80061109195180335f36a8ec04baaf37,1.3101604278074865,183260
data/raw/normal/free__exp4_num_338897.jpg,normal,free,False,487,372,L,JPEG,120.0147933959961,42.94562911987305,885.5475463867188,679702ca4d9c0554a2c32bd92ce95257,1.3091397849462365,181164
data/raw/normal/free__exp4_num_34134.jpg,normal,free,False,522,324,L,JPEG,101.3192138671875,29.093278884887695,217.6565704345703,8ae375873700a5fad7de110b962563eb,1.6111111111111112,169128
data/raw/normal/free__exp4_num_342904.jpg,normal,free,False,498,370,L,JPEG,126.41921997070312,41.52035140991211,250.93460083007812,f1edcd909a46ab921132f2db14a2f086,1.345945945945946,184260
data/raw/normal/free__exp4_num_344591.jpg,normal,free,False,504,363,L,JPEG,89.9259033203125,28.097742080688477,265.03564453125,ae495cc42d1d94b22844d495e51de8e3,1.3884297520661157,182952
data/raw/normal/free__exp4_num_346361.jpg,normal,free,False,508,380,L,JPEG,128.1805877685547,47.30247497558594,326.3293762207031,8317fdda7e4d3cb920b90a7c49f07238,1.3368421052631578,193040
data/raw/normal/free__exp4_num_349868.jpg,normal,free,False,489,371,L,JPEG,112.56173706054688,44.33330154418945,933.2999267578125,bfaf5320de1cd044694c36d564e318a4,1.3180592991913747,181419
data/raw/normal/free__exp4_num_351088.jpg,normal,free,False,492,359,L,JPEG,124.23515319824219,48.29306411743164,868.1874389648438,70fb23c34697a9e06823af9d747d5e22,1.3704735376044568,176628
data/raw/normal/free__exp4_num_351474.jpg,normal,free,False,510,354,L,JPEG,129.3380584716797,47.254005432128906,247.21986389160156,52a3cf86876eff69d94cb1961e398cdf,1.4406779661016949,180540
data/raw/normal/free__exp4_num_354427.jpg,normal,free,False,496,365,L,JPEG,120.2934799194336,47.245765686035156,914.6617431640625,47b6765d0b640aff4401577ecae239d1,1.358904109589041,181040
data/raw/normal/free__exp4_num_3554.jpg,normal,free,False,122,271,L,JPEG,127.31026458740234,35.95100402832031,970.1063232421875,6586fac85b5e721427279a51d8a38ee4,0.45018450184501846,33062
data/raw/normal/free__exp4_num_355680.jpg,normal,free,False,481,382,L,JPEG,127.18777465820312,46.83993911743164,1042.0611572265625,3beb50eaed6a180873e92df8c9272295,1.2591623036649215,183742
data/raw/normal/free__exp4_num_358138.jpg,normal,free,False,472,377,L,JPEG,133.28253173828125,49.073238372802734,1136.7457275390625,ee6688d901c54ea961d908728552e5b5,1.2519893899204244,177944
data/raw/normal/free__exp4_num_358985.jpg,normal,free,False,493,366,L,JPEG,88.90251159667969,34.22005081176758,828.0756225585938,5d062e3f273dbe54d1f25dfd25061fb0,1.3469945355191257,180438
data/raw/normal/free__exp4_num_359501.jpg,normal,free,False,500,369,L,JPEG,100.01905822753906,36.846858978271484,339.57269287109375,2ac1b57ad15a56d0e5f794bd44ae3655,1.3550135501355014,184500
data/raw/normal/free__exp4_num_37071.jpg,normal,free,False,121,278,L,JPEG,94.76048278808594,21.73643684387207,733.7733764648438,54858ee9926ea190b0ddd7e703b7a3b4,0.4352517985611511,33638
data/raw/normal/free__exp4_num_37293.jpg,normal,free,False,525,329,L,JPEG,111.55615234375,31.44664192199707,494.05712890625,30df952e83378d6815bbfddb6ba40b43,1.5957446808510638,172725
data/raw/normal/free__exp4_num_37571.jpg,normal,free,False,124,280,L,JPEG,92.91788482666016,22.589122772216797,710.8927001953125,2ea49d6db5c2d13a3b1889f27bc64204,0.44285714285714284,34720
data/raw/normal/free__exp4_num_38041.jpg,normal,free,False,524,320,L,JPEG,104.19190979003906,27.065011978149414,206.3436737060547,820d268377aeb242eda59f9cf7d3a38e,1.6375,167680
data/raw/normal/free__exp4_num_3846.jpg,normal,free,False,126,281,L,JPEG,94.83149719238281,28.54153823852539,788.2847900390625,70fb8bc92b12ad25d646f3eb32319e20,0.4483985765124555,35406
data/raw/normal/free__exp4_num_39469.jpg,normal,free,False,121,284,L,JPEG,129.0277099609375,33.005218505859375,1322.4205322265625,6ff77f42e3689e545a2c62316ac730cd,0.426056338028169,34364
data/raw/normal/free__exp4_num_43865.jpg,normal,free,False,530,316,L,JPEG,104.46061706542969,26.433374404907227,214.30401611328125,d691e5a7fd2111c1523cbd3d11b7990a,1.6772151898734178,167480
data/raw/normal/free__exp4_num_50428.jpg,normal,free,False,521,314,L,JPEG,114.85362243652344,33.80078887939453,617.4495849609375,9368b7ab20a93ae3acecb574ac47d379,1.6592356687898089,163594
data/raw/normal/free__exp4_num_51125.jpg,normal,free,False,526,315,L,JPEG,112.74872589111328,26.415111541748047,273.4465637207031,249eefd54ff9e2778019ea0788d66196,1.66984126984127,165690
data/raw/normal/free__exp4_num_52715.jpg,normal,free,False,103,289,L,JPEG,114.68646240234375,28.512130737304688,1507.431884765625,c69ef10c755a7fd5015d9f71eeb2f5bc,0.356401384083045,29767
data/raw/normal/free__exp4_num_53049.jpg,normal,free,False,516,331,L,JPEG,106.03907775878906,28.603532791137695,485.0519714355469,07baca88d8bd1475113c1e7caf107588,1.5589123867069485,170796
data/raw/normal/free__exp4_num_54165.jpg,normal,free,False,531,312,L,JPEG,106.77371215820312,29.36273956298828,262.7985534667969,29a789bd16e2a3b90e9f50ffcea2212a,1.7019230769230769,165672
data/raw/normal/free__exp4_num_54958.jpg,normal,free,False,128,281,L,JPEG,128.21157836914062,28.373266220092773,648.3952026367188,e280782d88c6356bcf025dead57509e7,0.4555160142348754,35968
data/raw/normal/free__exp4_num_5959.jpg,normal,free,False,524,335,L,JPEG,109.27249908447266,31.871829986572266,555.9791259765625,b55a7df8d2371771d74cf32ebb7b9100,1.5641791044776119,175540
data/raw/normal/free__exp4_num_61351.jpg,normal,free,False,123,286,L,JPEG,119.79094696044922,20.966800689697266,693.592041015625,470f6e1fc43e20a4b99ed863fcb8dc6a,0.43006993006993005,35178
data/raw/normal/free__exp4_num_65043.jpg,normal,free,False,524,325,L,JPEG,105.64620971679688,29.976835250854492,480.3143005371094,7715be4aa533828ec3657fb3d39008af,1.6123076923076922,170300
data/raw/normal/free__exp4_num_6552.jpg,normal,free,False,506,370,L,JPEG,115.82356262207031,41.027591705322266,201.53004455566406,3e83629cbcf06c578298d576b9d327fa,1.3675675675675676,187220
data/raw/normal/free__exp4_num_6586.jpg,normal,free,False,119,282,L,JPEG,148.71839904785156,37.836822509765625,1447.6650390625,38e7740e87109033d1b44884d013a8de,0.4219858156028369,33558
data/raw/normal/free__exp4_num_68413.jpg,normal,free,False,131,286,L,JPEG,129.888427734375,34.748313903808594,798.3023681640625,01d32c0f0f144fd8a9c946c5e5a3c76e,0.458041958041958,37466
data/raw/normal/free__exp4_num_69864.jpg,normal,free,False,125,281,L,JPEG,130.90272521972656,37.74681091308594,1166.171630859375,4672d335350245c27fbb3b64a5760f53,0.44483985765124556,35125
data/raw/normal/free__exp4_num_70541.jpg,normal,free,False,118,289,L,JPEG,125.89302825927734,33.93470001220703,798.6461181640625,f47736bca68be5cfc9df3d256ba24226,0.4083044982698962,34102
data/raw/normal/free__exp4_num_71245.jpg,normal,free,False,129,284,L,JPEG,124.90998077392578,32.49336624145508,748.1328125,290cfd1695e688f400b454b563025c0d,0.45422535211267606,36636
data/raw/normal/free__exp4_num_75132.jpg,normal,free,False,599,260,L,JPEG,110.51435852050781,30.241596221923828,417.90625,fc27cbdba0a54498752cb4583b885271,2.3038461538461537,155740
data/raw/normal/free__exp4_num_7911.jpg,normal,free,False,123,289,L,JPEG,124.74433898925781,28.00933074951172,862.595458984375,b51f2b3c236aff5f23d7625ff731b77d,0.42560553633217996,35547
data/raw/normal/free__exp4_num_889.jpg,normal,free,False,484,361,L,JPEG,114.06328582763672,39.33250427246094,744.6949462890625,1565362e74521eca2c5a547c728df9d7,1.3407202216066483,174724
data/raw/normal/free__exp4_num_91034.jpg,normal,free,False,617,248,L,JPEG,97.2884521484375,27.074769973754883,463.55535888671875,46372c76d385aca8a28fa7acdb5d7218,2.4879032258064515,153016
data/raw/normal/free__exp4_num_933.jpg,normal,free,False,245,292,L,JPEG,99.15251922607422,22.25383186340332,1900.487060546875,5216d35358156e4ecc00333cb07ef188,0.839041095890411,71540
data/raw/normal/free__exp4_num_94954.jpg,normal,free,False,611,252,L,JPEG,108.52423858642578,28.03939437866211,445.2743835449219,310c21fa27e57dacce41ac0be556a7e2,2.4246031746031744,153972
data/raw/normal/free__exp5_num_10250.jpg,normal,free,False,513,373,L,JPEG,148.63172912597656,52.71166229248047,389.8102722167969,3957490f9bb67284a2656d71444de9b3,1.3753351206434317,191349
data/raw/normal/free__exp5_num_106221.jpg,normal,free,False,241,355,L,JPEG,136.77684020996094,48.95648956298828,841.8681030273438,a1a9549aea70576b0fe71c52ca0945fd,0.6788732394366197,85555
data/raw/normal/free__exp5_num_106824.jpg,normal,free,False,255,349,L,JPEG,134.47511291503906,40.026119232177734,1149.51953125,7d5de4f481633d55cf5e2b7816e30a3e,0.7306590257879656,88995
data/raw/normal/free__exp5_num_10714.jpg,normal,free,False,506,338,L,JPEG,130.14083862304688,33.93154525756836,281.5180358886719,ed52f1ac3faa2f468ebfd6fe9a11cc72,1.4970414201183433,171028
data/raw/normal/free__exp5_num_10969.jpg,normal,free,False,500,352,L,JPEG,110.82836151123047,38.67116928100586,374.8185119628906,c537d795c4c523dcf6a191179fc51e67,1.4204545454545454,176000
data/raw/normal/free__exp5_num_110188.jpg,normal,free,False,606,253,L,JPEG,107.47297668457031,25.447540283203125,472.69903564453125,ce1942cd1e1f0d8cc249af6e18d186e7,2.3952569169960474,153318
data/raw/normal/free__exp5_num_11325.jpg,normal,free,False,495,358,L,JPEG,98.5761947631836,34.52299880981445,907.7401123046875,73a10ebc21623084e55f6d58d62678ce,1.3826815642458101,177210
data/raw/normal/free__exp5_num_114453.jpg,normal,free,False,261,366,L,JPEG,147.5130157470703,39.841243743896484,1183.2724609375,b1e8ff9012cac9400a1e78b54af3d227,0.7131147540983607,95526
data/raw/normal/free__exp5_num_116324.jpg,normal,free,False,599,255,L,JPEG,145.67892456054688,34.28974914550781,875.5236206054688,82a6f865049becc92beb126bf4cc5075,2.3490196078431373,152745
data/raw/normal/free__exp5_num_117030.jpg,normal,free,False,609,275,L,JPEG,125.33015441894531,36.7303581237793,496.278564453125,47033fbf318b9d92d4cb51097248651b,2.2145454545454544,167475
data/raw/normal/free__exp5_num_117033.jpg,normal,free,False,303,307,L,JPEG,120.75591278076172,29.713584899902344,877.10693359375,84eb81352688a0b9ac99ca9dd05f8cca,0.9869706840390879,93021
data/raw/normal/free__exp5_num_118948.jpg,normal,free,False,607,262,L,JPEG,153.44479370117188,39.69453811645508,819.9464721679688,70dbf37ef65bc9980a4c0c1b486bebf2,2.316793893129771,159034
data/raw/normal/free__exp5_num_126370.jpg,normal,free,False,303,352,L,JPEG,108.94538879394531,29.480257034301758,616.5234985351562,169e1956e34d6bb0ac725ff5c4733e6d,0.8607954545454546,106656
data/raw/normal/free__exp5_num_126855.jpg,normal,free,False,313,347,L,JPEG,118.99222564697266,29.561012268066406,1053.7957763671875,9d23ec24125d03314ab5b42ac0541d8d,0.9020172910662824,108611
data/raw/normal/free__exp5_num_127703.jpg,normal,free,False,306,344,L,JPEG,114.1279296875,36.31100082397461,612.0750122070312,5f40d5fe1a9cec70e636c535e5e24e7c,0.8895348837209303,105264
data/raw/normal/free__exp5_num_128134.jpg,normal,free,False,321,337,L,JPEG,107.02867889404297,29.647485733032227,732.3406372070312,f1560b1ee3948b4194b4c16a45c60d61,0.9525222551928784,108177
data/raw/normal/free__exp5_num_129678.jpg,normal,free,False,260,372,L,JPEG,153.00442504882812,36.72874069213867,1229.54931640625,003b3ddf8375110eb7f16bbf555a7b3e,0.6989247311827957,96720
data/raw/normal/free__exp5_num_13636.jpg,normal,free,False,513,340,L,JPEG,121.42958068847656,31.677230834960938,668.5806274414062,2868c1dfe9f40a9a65b71cfda735b98e,1.5088235294117647,174420
data/raw/normal/free__exp5_num_138694.jpg,normal,free,False,609,251,L,JPEG,125.43822479248047,32.50941848754883,614.3689575195312,60664b7e21e220d330f18e0ca36a2718,2.4262948207171315,152859
data/raw/normal/free__exp5_num_143282.jpg,normal,free,False,599,254,L,JPEG,132.43051147460938,30.097078323364258,724.2215576171875,809c96ba050478c34a97ac7dc59eeab6,2.358267716535433,152146
data/raw/normal/free__exp5_num_144247.jpg,normal,free,False,613,246,L,JPEG,137.46371459960938,38.11524963378906,544.4547119140625,d547e9a4b620e0abda5cca67a157ee8b,2.491869918699187,150798
data/raw/normal/free__exp5_num_148007.jpg,normal,free,False,599,245,L,JPEG,163.10716247558594,37.29740524291992,918.8792724609375,d80832d8ea851b92c6ae08cd8e06ec72,2.4448979591836735,146755
data/raw/normal/free__exp5_num_154637.jpg,normal,free,False,205,314,L,JPEG,159.82720947265625,42.63527297973633,1394.2379150390625,e88ffc8935ece49a3fd2a8249a2827a1,0.6528662420382165,64370
data/raw/normal/free__exp5_num_157271.jpg,normal,free,False,193,316,L,JPEG,157.9149627685547,23.637481689453125,851.15283203125,529e9cdc3adbf6cc0bf9bafd6b5adceb,0.6107594936708861,60988
data/raw/normal/free__exp5_num_157829.jpg,normal,free,False,190,320,L,JPEG,129.82884216308594,21.454591751098633,929.5604248046875,edb9142f1dd91d77836688001b421260,0.59375,60800
data/raw/normal/free__exp5_num_165457.jpg,normal,free,False,197,323,L,JPEG,174.35011291503906,31.572561264038086,1230.2945556640625,f96ce08803b43a3138679ca3f61927b4,0.6099071207430341,63631
data/raw/normal/free__exp5_num_16596.jpg,normal,free,False,535,329,L,JPEG,126.66529846191406,36.08695602416992,384.8647766113281,10210581365357ac50a078983b0015d7,1.6261398176291793,176015
data/raw/normal/free__exp5_num_166258.jpg,normal,free,False,195,316,L,JPEG,139.96372985839844,27.314260482788086,1006.2767333984375,1b38e4910fb8087c67699c4578cce91f,0.6170886075949367,61620
data/raw/normal/free__exp5_num_174768.jpg,normal,free,False,196,317,L,JPEG,190.4783935546875,35.609405517578125,1186.76220703125,f486a2120edc7bd50f38f9a6d9d22f2f,0.6182965299684543,62132
data/raw/normal/free__exp5_num_178016.jpg,normal,free,False,183,303,L,JPEG,203.44541931152344,27.99066162109375,1868.7716064453125,0ee1e5fe05c969b63dc5fbfd2efdf9a2,0.6039603960396039,55449
data/raw/normal/free__exp5_num_178566.jpg,normal,free,False,195,313,L,JPEG,150.8668975830078,30.435043334960938,1293.69482421875,3e21baa5bb22a022a4938ff91cc0cf45,0.6230031948881789,61035
data/raw/normal/free__exp5_num_180393.jpg,normal,free,False,193,327,L,JPEG,125.926513671875,23.60934829711914,1019.6695556640625,9b6e591824dcf55cac2ffc28adaf499a,0.5902140672782875,63111
data/raw/normal/free__exp5_num_180926.jpg,normal,free,False,190,324,L,JPEG,151.039794921875,26.214487075805664,813.8900756835938,fa80bf9f6692a0e54cf415733ae2e2c9,0.5864197530864198,61560
data/raw/normal/free__exp5_num_18227.jpg,normal,free,False,518,330,L,JPEG,131.51856994628906,32.21157455444336,682.29296875,29bf5f97ed353ece7c76dd7a153b0f8d,1.5696969696969696,170940
data/raw/normal/free__exp5_num_183254.jpg,normal,free,False,195,323,L,JPEG,196.0939483642578,35.27788543701172,1526.970458984375,8828d1dfb4720f6cfe25ac007af4a1a3,0.6037151702786377,62985
data/raw/normal/free__exp5_num_183890.jpg,normal,free,False,190,320,L,JPEG,176.1957244873047,31.713958740234375,1209.307861328125,908dd32adcb07e0897909e9bea54bc0c,0.59375,60800
data/raw/normal/free__exp5_num_187612.jpg,normal,free,False,189,334,L,JPEG,174.4332275390625,36.25040054321289,1103.571044921875,71838152dd9fb5e785543736bcb1aea6,0.5658682634730539,63126
data/raw/normal/free__exp5_num_1903.jpg,normal,free,False,244,275,L,JPEG,106.63824462890625,22.543424606323242,485.9075927734375,8209155fbc7bf685e021cc6ce58f0a94,0.8872727272727273,67100
data/raw/normal/free__exp5_num_192233.jpg,normal,free,False,198,324,L,JPEG,195.13206481933594,45.63143539428711,1426.624267578125,c3b093dff62581ad353fddd06e24f0b8,0.6111111111111112,64152
data/raw/normal/free__exp5_num_193164.jpg,normal,free,False,192,319,L,JPEG,198.83279418945312,33.50004196166992,1133.3243408203125,a065e0e86ef7f7a3585928a49c4d2316,0.6018808777429467,61248
data/raw/normal/free__exp5_num_195717.jpg,normal,free,False,192,327,L,JPEG,179.35299682617188,33.01350784301758,1169.7628173828125,c48bdd2b300b6b4ae78843a5459bb374,0.5871559633027523,62784
data/raw/normal/free__exp5_num_19790.jpg,normal,free,False,522,323,L,JPEG,120.9602279663086,30.15534019470215,554.9025268554688,2f72815a3589f698e3522ee6a456100c,1.6160990712074303,168606
data/raw/normal/free__exp5_num_2089.jpg,normal,free,False,499,376,L,JPEG,117.29779815673828,38.428070068359375,361.1142883300781,430095a09d099fe17ca2f90f0a4c4b9d,1.327127659574468,187624
data/raw/normal/free__exp5_num_240124.jpg,normal,free,False,268,370,L,JPEG,149.50820922851562,48.591732025146484,1068.4642333984375,6d0ce864c60bfc407fd3fbc644d1beb9,0.7243243243243244,99160
data/raw/normal/free__exp5_num_241403.jpg,normal,free,False,222,272,L,JPEG,117.02552032470703,32.77476119995117,842.9229125976562,9f7c7d6643da2cafcd48e4ac71beb0d8,0.8161764705882353,60384
data/raw/normal/free__exp5_num_245817.jpg,normal,free,False,220,244,L,JPEG,135.2097625732422,37.746055603027344,1428.1312255859375,aee74453127fccb5f76dc498ada4f6f2,0.9016393442622951,53680
data/raw/normal/free__exp5_num_246375.jpg,normal,free,False,228,271,L,JPEG,143.080810546875,39.2733154296875,1287.383056640625,68244e5fd2fb4a1ff7886eaa8619bd12,0.8413284132841329,61788
data/raw/normal/free__exp5_num_251519.jpg,normal,free,False,222,257,L,JPEG,141.34571838378906,47.71024703979492,1325.0587158203125,d6ca54e6f900b6dda8ad942dc5c572a1,0.8638132295719845,57054
data/raw/normal/free__exp5_num_255775.jpg,normal,free,False,258,363,L,JPEG,146.3395538330078,33.291664123535156,1072.5189208984375,6c67b9e18e367ef75c0d3e508e17050c,0.7107438016528925,93654
data/raw/normal/free__exp5_num_256354.jpg,normal,free,False,265,375,L,JPEG,129.51852416992188,38.59880447387695,975.28857421875,1bd31fb7651e8e633b3d9bff7f908726,0.7066666666666667,99375
data/raw/normal/free__exp5_num_257273.jpg,normal,free,False,210,268,L,JPEG,131.82867431640625,33.347198486328125,909.748779296875,9888014d33574aeeb5275d71c005daaf,0.7835820895522388,56280
data/raw/normal/free__exp5_num_257962.jpg,normal,free,False,248,344,L,JPEG,134.3309783935547,50.68874740600586,703.0011596679688,1f681a26f32a2de8700ba21ae94a5350,0.7209302325581395,85312
data/raw/normal/free__exp5_num_258905.jpg,normal,free,False,217,262,L,JPEG,123.40558624267578,38.661075592041016,1185.3255615234375,1a21e5405dedf160dd55d910de64e03c,0.8282442748091603,56854
data/raw/normal/free__exp5_num_260550.jpg,normal,free,False,222,266,L,JPEG,133.02557373046875,40.352149963378906,1400.2705078125,cdffc62e67c1a021de44d043e9a82e20,0.8345864661654135,59052
data/raw/normal/free__exp5_num_260989.jpg,normal,free,False,226,270,L,JPEG,132.0515899658203,33.21624755859375,1161.185546875,0ad66273dc65f4031769263a9af41d35,0.837037037037037,61020
data/raw/normal/free__exp5_num_262018.jpg,normal,free,False,221,270,L,JPEG,138.78402709960938,38.2635498046875,1303.8829345703125,d84373dd9bb722845d18ef0794c2d52a,0.8185185185185185,59670
data/raw/normal/free__exp5_num_262271.jpg,normal,free,False,270,377,L,JPEG,136.7756805419922,46.013511657714844,915.8492431640625,1d6eb7f99a03fd0ddaf6c349c5f73def,0.7161803713527851,101790
data/raw/normal/free__exp5_num_262702.jpg,normal,free,False,271,364,L,JPEG,148.10597229003906,39.256832122802734,1114.5836181640625,70d91a3718124d456d67e681fc23f56e,0.7445054945054945,98644
data/raw/normal/free__exp5_num_263887.jpg,normal,free,False,264,373,L,JPEG,149.86717224121094,45.37467575073242,1080.8970947265625,7a414749db637f8a9ae5c2cafee3b74a,0.707774798927614,98472
data/raw/normal/free__exp5_num_264257.jpg,normal,free,False,269,367,L,JPEG,136.38902282714844,37.06987380981445,801.4309692382812,0967f257d9481aaf3b6eb3d90e154671,0.7329700272479565,98723
data/raw/normal/free__exp5_num_266347.jpg,normal,free,False,213,247,L,JPEG,140.0273895263672,30.781240463256836,1204.4310302734375,6348d64edc3666a1308a112d2300bfe3,0.8623481781376519,52611
data/raw/normal/free__exp5_num_266861.jpg,normal,free,False,219,276,L,JPEG,134.65625,36.702796936035156,1067.5208740234375,d88ee03c1438e8b8f51d6ce4ddb7f7ec,0.7934782608695652,60444
data/raw/normal/free__exp5_num_2673.jpg,normal,free,False,126,284,L,JPEG,134.1995849609375,35.30930709838867,1364.013916015625,d8fceafa5d6e825fb65268ca3a81e902,0.44366197183098594,35784
data/raw/normal/free__exp5_num_269152.jpg,normal,free,False,226,282,L,JPEG,127.2924575805664,34.13503646850586,1036.0826416015625,f07528c75e7f520f96f6bbd93b226f22,0.8014184397163121,63732
data/raw/normal/free__exp5_num_269697.jpg,normal,free,False,218,264,L,JPEG,125.97483825683594,31.58932876586914,1009.9430541992188,47ff0f9afffcbe2c3fec9dbeac254b1e,0.8257575757575758,57552
data/raw/normal/free__exp5_num_270623.jpg,normal,free,False,245,339,L,JPEG,129.62826538085938,38.60832214355469,913.0353393554688,4049b9fe80a4063978e54be123bbd4cb,0.7227138643067846,83055
data/raw/normal/free__exp5_num_270847.jpg,normal,free,False,219,275,L,JPEG,157.26470947265625,46.10636901855469,1478.79150390625,b55c389558688debce4c9d3c7254b56a,0.7963636363636364,60225
data/raw/normal/free__exp5_num_275434.jpg,normal,free,False,265,375,L,JPEG,150.10365295410156,47.337303161621094,1061.76953125,ef452d459f46d4690a28007d5121e330,0.7066666666666667,99375
data/raw/normal/free__exp5_num_275722.jpg,normal,free,False,269,374,L,JPEG,146.05020141601562,40.68060302734375,1015.4940795898438,9fe1316405d2614a3098cf56d9e222fe,0.7192513368983957,100606
data/raw/normal/free__exp5_num_277059.jpg,normal,free,False,263,366,L,JPEG,153.9376220703125,35.63257598876953,995.2411499023438,70afc7b70464bb0ca627a1a5baf3eb34,0.7185792349726776,96258
data/raw/normal/free__exp5_num_278628.jpg,normal,free,False,264,366,L,JPEG,155.33309936523438,44.38765335083008,1132.9432373046875,561a2aec4004653930d8f334c8218f55,0.7213114754098361,96624
data/raw/normal/free__exp5_num_279145.jpg,normal,free,False,269,376,L,JPEG,140.91917419433594,45.2299690246582,971.5106811523438,2f62890107736249704d7c29ddc75bf4,0.7154255319148937,101144
data/raw/normal/free__exp5_num_280271.jpg,normal,free,False,254,353,L,JPEG,134.4920654296875,49.641109466552734,1270.0252685546875,e9552daa135e87f15d8075ca9d57056a,0.7195467422096318,89662
data/raw/normal/free__exp5_num_281007.jpg,normal,free,False,247,369,L,JPEG,104.95233917236328,41.90313720703125,585.9773559570312,03573926876f2764d8376285173f5e78,0.6693766937669376,91143
data/raw/normal/free__exp5_num_282932.jpg,normal,free,False,252,355,L,JPEG,112.79358673095703,42.772926330566406,644.910400390625,5d8a026626e597e7b86896712fecf6c1,0.7098591549295775,89460
data/raw/normal/free__exp5_num_283254.jpg,normal,free,False,258,323,L,JPEG,119.483154296875,38.25788116455078,788.7412109375,c8ad0b118f0b178de35e376d22b453d3,0.7987616099071208,83334
data/raw/normal/free__exp5_num_284910.jpg,normal,free,False,252,363,L,JPEG,109.3120346069336,39.8924560546875,732.53173828125,c7c96a5159b2da805ed03866dbe5771a,0.6942148760330579,91476
data/raw/normal/free__exp5_num_286294.jpg,normal,free,False,296,352,L,JPEG,124.58821868896484,34.80122756958008,709.4451293945312,3217286e027c5f192151d201908efb50,0.8409090909090909,104192
data/raw/normal/free__exp5_num_289653.jpg,normal,free,False,306,344,L,JPEG,107.87104034423828,29.64043617248535,600.2249145507812,ee09f24c805080d7d28a22550f82cc36,0.8895348837209303,105264
data/raw/normal/free__exp5_num_290107.jpg,normal,free,False,308,358,L,JPEG,117.45771789550781,29.655319213867188,1130.4881591796875,f088cf09ea76763231072a3258bafac4,0.8603351955307262,110264
data/raw/normal/free__exp5_num_292160.jpg,normal,free,False,303,339,L,JPEG,121.56646728515625,29.06583595275879,1106.763916015625,53035a6877cb34bc77d419741056b1da,0.8938053097345132,102717
data/raw/normal/free__exp5_num_293317.jpg,normal,free,False,306,342,L,JPEG,104.69438934326172,33.93008041381836,668.1793823242188,c01933e223fe215ca63da7241b3aeff3,0.8947368421052632,104652
data/raw/normal/free__exp5_num_293876.jpg,normal,free,False,311,341,L,JPEG,109.4476318359375,26.623241424560547,844.7733154296875,96f58cd0d4881a5443ca1006cfec1dc3,0.9120234604105572,106051
data/raw/normal/free__exp5_num_29537.jpg,normal,free,False,537,323,L,JPEG,137.13327026367188,42.61094665527344,395.7862548828125,a2e9f5179f11f7858b2de9740ec6baec,1.6625386996904026,173451
data/raw/normal/free__exp5_num_296701.jpg,normal,free,False,312,353,L,JPEG,113.8240737915039,32.775718688964844,697.4722900390625,4f0014e1c55281beebe3381975b70077,0.8838526912181303,110136
data/raw/normal/free__exp5_num_297341.jpg,normal,free,False,317,342,L,JPEG,116.49773406982422,32.52559280395508,1088.2198486328125,11c3fa085499c2de5ca4f7055efed799,0.9269005847953217,108414
data/raw/normal/free__exp5_num_299793.jpg,normal,free,False,219,264,L,JPEG,133.44439697265625,38.91766357421875,1301.993896484375,27d39a1a23e570f13dfa2dce2fd835d9,0.8295454545454546,57816
data/raw/normal/free__exp5_num_301547.jpg,normal,free,False,377,369,L,JPEG,135.4546661376953,38.86506652832031,683.9014282226562,c03aa673976581a2f21399121c4a9556,1.021680216802168,139113
data/raw/normal/free__exp5_num_304340.jpg,normal,free,False,323,331,L,JPEG,128.1422882080078,43.609500885009766,532.7468872070312,06f9650ce0cf47a4c6e1c56ff2438587,0.9758308157099698,106913
data/raw/normal/free__exp5_num_304772.jpg,normal,free,False,326,313,L,JPEG,135.22677612304688,40.890602111816406,642.2076416015625,b74c3b3c0d42b455dc9d3936bf56d821,1.0415335463258786,102038
data/raw/normal/free__exp5_num_304927.jpg,normal,free,False,216,271,L,JPEG,125.18891143798828,34.86094284057617,747.2802734375,302e35fa8b03e0d39a8f1e6ee9975379,0.7970479704797048,58536
data/raw/normal/free__exp5_num_306480.jpg,normal,free,False,214,268,L,JPEG,135.7943878173828,33.483516693115234,1364.5181884765625,3d8c191c5e9d2bcda9a1b2d4b0ac11ec,0.7985074626865671,57352
data/raw/normal/free__exp5_num_306654.jpg,normal,free,False,355,366,L,JPEG,143.7022705078125,37.20609664916992,418.0334167480469,10783535f22a3ebd6f16a07af3e323d9,0.9699453551912568,129930
data/raw/normal/free__exp5_num_308863.jpg,normal,free,False,363,370,L,JPEG,151.5978546142578,45.30982208251953,840.2463989257812,c33015e68141602f90d24d901097d9a2,0.981081081081081,134310
data/raw/normal/free__exp5_num_309407.jpg,normal,free,False,366,356,L,JPEG,135.21353149414062,40.79387664794922,336.7039794921875,374d175bce1bd3fbc838c6b64b639446,1.0280898876404494,130296
data/raw/normal/free__exp5_num_309704.jpg,normal,free,False,223,271,L,JPEG,129.63314819335938,40.76167678833008,1463.3140869140625,9eea9fce677439a8ed71b2ac9a984f0a,0.8228782287822878,60433
data/raw/normal/free__exp5_num_311371.jpg,normal,free,False,202,265,L,JPEG,164.4604034423828,40.20121383666992,1919.91943359375,1247190dcfdaa13ab426f1611e81d08f,0.7622641509433963,53530
data/raw/normal/free__exp5_num_31166.jpg,normal,free,False,126,284,L,JPEG,137.36720275878906,38.901634216308594,1932.6717529296875,0c608d49f7872ce5f82341e8d809cc19,0.44366197183098594,35784
data/raw/normal/free__exp5_num_313892.jpg,normal,free,False,260,355,L,JPEG,134.42581176757812,54.657230377197266,858.7026977539062,3d10bd549323757fc764305e75023188,0.7323943661971831,92300
data/raw/normal/free__exp5_num_315045.jpg,normal,free,False,215,268,L,JPEG,136.60523986816406,39.65082550048828,1557.1424560546875,87c46fa708095dd02a49652fec737df1,0.8022388059701493,57620
data/raw/normal/free__exp5_num_316375.jpg,normal,free,False,377,362,L,JPEG,150.01336669921875,47.614864349365234,832.13134765625,0a208aecbee8272c7071fdcc8076d0b8,1.0414364640883977,136474
data/raw/normal/free__exp5_num_316749.jpg,normal,free,False,344,372,L,JPEG,143.85324096679688,38.55574417114258,381.4822692871094,0712c34a63dd57bea66deba488ead018,0.9247311827956989,127968
data/raw/normal/free__exp5_num_317612.jpg,normal,free,False,375,352,L,JPEG,145.34390258789062,46.53231430053711,726.4871215820312,b8d4b8f946f851e4d57191e7ecf32794,1.0653409090909092,132000
data/raw/normal/free__exp5_num_317949.jpg,normal,free,False,360,360,L,JPEG,144.92889404296875,41.53865051269531,354.54949951171875,701758903e7671ffcd096fc5df372fa8,1.0,129600
data/raw/normal/free__exp5_num_319370.jpg,normal,free,False,370,368,L,JPEG,142.31871032714844,41.8138542175293,870.3169555664062,8118b90e368bbe4f787d914dea0b0d53,1.0054347826086956,136160
data/raw/normal/free__exp5_num_319483.jpg,normal,free,False,229,284,L,JPEG,129.40525817871094,42.5289306640625,1057.30078125,f205a12e41078fe42e52a24efdf12d2f,0.8063380281690141,65036
data/raw/normal/free__exp5_num_319758.jpg,normal,free,False,347,367,L,JPEG,135.8793182373047,36.900962829589844,323.9350891113281,d28aba1eb7ebcbc9f84a88620936a58d,0.9455040871934605,127349
data/raw/normal/free__exp5_num_320520.jpg,normal,free,False,363,369,L,JPEG,152.9420166015625,48.74612045288086,966.5721435546875,8f64152a139b7cd4a5e321da020ec74d,0.983739837398374,133947
data/raw/normal/free__exp5_num_320853.jpg,normal,free,False,359,354,L,JPEG,140.07615661621094,38.73948287963867,395.5260009765625,c9a96a68186d2d75e0b15509455e5453,1.0141242937853108,127086
data/raw/normal/free__exp5_num_321489.jpg,normal,free,False,370,367,L,JPEG,133.733154296875,40.95281219482422,839.4550170898438,121d30e6a83c14a6fb049ba8cf4e9516,1.008174386920981,135790
data/raw/normal/free__exp5_num_323381.jpg,normal,free,False,226,270,L,JPEG,120.28236389160156,31.98601722717285,935.8515625,a4a6780beb0cb91769da07dc0d8d1083,0.837037037037037,61020
data/raw/normal/free__exp5_num_326642.jpg,normal,free,False,370,348,L,JPEG,144.33326721191406,42.2303581237793,826.8556518554688,1b845c492bb0a13ae4743cf1542bd4a4,1.0632183908045978,128760
data/raw/normal/free__exp5_num_326973.jpg,normal,free,False,352,370,L,JPEG,138.04786682128906,35.84860610961914,351.7203674316406,bf96e10382e1ffe6325c5361b47c633f,0.9513513513513514,130240
data/raw/normal/free__exp5_num_329283.jpg,normal,free,False,372,362,L,JPEG,128.44570922851562,37.138824462890625,694.8682250976562,88e81163bdfb88a4ca41279bc7011ea1,1.0276243093922652,134664
data/raw/normal/free__exp5_num_331230.jpg,normal,free,False,360,368,L,JPEG,148.96066284179688,43.8126106262207,325.3558654785156,ffb37676fa3972cf5a40137bf42742c0,0.9782608695652174,132480
data/raw/normal/free__exp5_num_331983.jpg,normal,free,False,370,358,L,JPEG,144.15391540527344,41.1034049987793,741.70458984375,dcc5620df5aee586b130cafead73a1b8,1.0335195530726258,132460
data/raw/normal/free__exp5_num_332745.jpg,normal,free,False,291,348,L,JPEG,125.41543579101562,33.761756896972656,709.3212280273438,7984b812604c4cdd97c42a50e882ac7a,0.8362068965517241,101268
data/raw/normal/free__exp5_num_337720.jpg,normal,free,False,481,376,L,JPEG,130.391357421875,49.079833984375,1033.47216796875,4134633e2466b87ac7310a4b1855acc5,1.2792553191489362,180856
data/raw/normal/free__exp5_num_338911.jpg,normal,free,False,487,376,L,JPEG,136.3021697998047,49.40176773071289,1082.065673828125,cb4962c5ca9e0103237d1aa0a1427ec2,1.2952127659574468,183112
data/raw/normal/free__exp5_num_34157.jpg,normal,free,False,519,324,L,JPEG,116.70905303955078,33.21357727050781,274.4309997558594,b40073cbe2d0ca4061211d894e7c0895,1.6018518518518519,168156
data/raw/normal/free__exp5_num_342943.jpg,normal,free,False,503,373,L,JPEG,144.69900512695312,48.44332504272461,302.9469299316406,f4985b1b8f36daba17c58283249e88f3,1.3485254691689008,187619
data/raw/normal/free__exp5_num_344604.jpg,normal,free,False,490,383,L,JPEG,103.0410385131836,33.39559555053711,299.8389587402344,04d43327e7d8c371da1390f246055a7f,1.279373368146214,187670
data/raw/normal/free__exp5_num_349891.jpg,normal,free,False,488,373,L,JPEG,127.60939025878906,50.8054084777832,1150.4759521484375,4e8b496d7a3c9553cd44b1dda5bc891b,1.3083109919571045,182024
data/raw/normal/free__exp5_num_351099.jpg,normal,free,False,490,355,L,JPEG,142.56356811523438,54.08701705932617,999.3634033203125,24f5e61ef3787ca13487069b5dd2548d,1.380281690140845,173950
data/raw/normal/free__exp5_num_351488.jpg,normal,free,False,518,363,L,JPEG,145.4895782470703,54.65605163574219,293.83648681640625,8d4cb905d064ccb44dd96ea6a6e9ed3c,1.4269972451790633,188034
data/raw/normal/free__exp5_num_354439.jpg,normal,free,False,502,350,L,JPEG,136.38970947265625,54.1500244140625,1010.9991455078125,ec9debbb98141df9124eb0bac992df97,1.4342857142857144,175700
data/raw/normal/free__exp5_num_355692.jpg,normal,free,False,485,380,L,JPEG,145.0437469482422,53.45762252807617,1198.0333251953125,011c48508e326bfc25b6b806c199e79a,1.2763157894736843,184300
data/raw/normal/free__exp5_num_3572.jpg,normal,free,False,130,269,L,JPEG,140.74258422851562,47.1162223815918,1224.69189453125,f1d18be2a4660d83b274a6575840f1c9,0.483271375464684,34970
data/raw/normal/free__exp5_num_358149.jpg,normal,free,False,484,386,L,JPEG,148.296875,56.33334732055664,1206.87548828125,7532fe2f8d97f0ae49d457c6149216d0,1.2538860103626943,186824
data/raw/normal/free__exp5_num_358999.jpg,normal,free,False,480,370,L,JPEG,104.17718505859375,38.77886199951172,1097.1014404296875,90b4be704be47343de76407dbaaa43ce,1.2972972972972974,177600
data/raw/normal/free__exp5_num_359512.jpg,normal,free,False,512,377,L,JPEG,113.04600524902344,43.40053176879883,472.2380065917969,8208ac8f1ed52e389b07c8676ce0ce8e,1.3580901856763925,193024
data/raw/normal/free__exp5_num_37084.jpg,normal,free,False,123,275,L,JPEG,107.84201049804688,26.222881317138672,963.8836059570312,a359b2bac48ec06f9668f354bd2277b9,0.44727272727272727,33825
data/raw/normal/free__exp5_num_37319.jpg,normal,free,False,520,328,L,JPEG,128.55812072753906,36.05795669555664,631.1541137695312,c3287274b9f69ae85950354c7d3e1d42,1.5853658536585367,170560
data/raw/normal/free__exp5_num_37636.jpg,normal,free,False,131,286,L,JPEG,102.97016143798828,30.913108825683594,948.7857055664062,2ec4c9271d736270ab4a033d64367ea0,0.458041958041958,37466
data/raw/normal/free__exp5_num_38064.jpg,normal,free,False,523,333,L,JPEG,118.73239135742188,30.89305305480957,255.2161407470703,1d92359edb772387d96278e5dddd2f02,1.5705705705705706,174159
data/raw/normal/free__exp5_num_3899.jpg,normal,free,False,121,282,L,JPEG,110.64163970947266,32.58172607421875,1057.950439453125,d5f886cae96ad009a4c03003387f62a3,0.42907801418439717,34122
data/raw/normal/free__exp5_num_39497.jpg,normal,free,False,135,291,L,JPEG,137.29998779296875,50.552059173583984,1560.9691162109375,af216582fb42e89c5c69520b6b3822b2,0.4639175257731959,39285
data/raw/normal/free__exp5_num_43878.jpg,normal,free,False,520,341,L,JPEG,119.34562683105469,31.171829223632812,291.98114013671875,9e6d61a2d0a1c9d41ec756a1055a39cb,1.5249266862170088,177320
data/raw/normal/free__exp5_num_50443.jpg,normal,free,False,530,318,L,JPEG,130.95761108398438,39.30808639526367,759.620849609375,8c442a449fea4a2ab0355429fd4bdfd6,1.6666666666666667,168540
data/raw/normal/free__exp5_num_51139.jpg,normal,free,False,528,314,L,JPEG,130.09107971191406,30.22627830505371,359.3969421386719,28d4546ce4e3c2bcfbf70cbead82aa55,1.6815286624203822,165792
data/raw/normal/free__exp5_num_52740.jpg,normal,free,False,124,287,L,JPEG,124.0198974609375,38.7767333984375,1914.314453125,e9e2418f916990e3d8b2cb668ff49ebb,0.43205574912891986,35588
data/raw/normal/free__exp5_num_53060.jpg,normal,free,False,517,334,L,JPEG,121.97037506103516,32.61042785644531,642.4569091796875,200495c0d9ea133e03f2af0600d268bf,1.5479041916167664,172678
data/raw/normal/free__exp5_num_54191.jpg,normal,free,False,532,327,L,JPEG,122.61012268066406,33.915367126464844,335.47607421875,a31d85b63e8478acef27766d9a458e82,1.6269113149847094,173964
data/raw/normal/free__exp5_num_54978.jpg,normal,free,False,129,290,L,JPEG,146.6265106201172,34.319679260253906,879.40771484375,d3208c1d31e94842a788b2934fa4521c,0.44482758620689655,37410
data/raw/normal/free__exp5_num_5874.jpg,normal,free,False,525,331,L,JPEG,125.987060546875,36.0477294921875,698.1715698242188,e433644480bd9f62addc0a880ed6acf4,1.5861027190332326,173775
data/raw/normal/free__exp5_num_61380.jpg,normal,free,False,131,290,L,JPEG,130.20960998535156,34.15629959106445,875.2112426757812,3d4bf2392f767d2d55fe2d90a12673cc,0.4517241379310345,37990
data/raw/normal/free__exp5_num_65054.jpg,normal,free,False,523,334,L,JPEG,120.8891830444336,34.067501068115234,628.8590698242188,521e31ccf8a2eadb1e12732dc19c97c8,1.5658682634730539,174682
data/raw/normal/free__exp5_num_6566.jpg,normal,free,False,507,377,L,JPEG,130.74331665039062,47.431697845458984,260.8274230957031,94a0441c0c8aaeef59ab00f4f38ec139,1.3448275862068966,191139
data/raw/normal/free__exp5_num_6605.jpg,normal,free,False,128,289,L,JPEG,160.0358123779297,54.429527282714844,1651.1097412109375,d0c1210a8f2a0dabe249c6f1de0e1239,0.4429065743944637,36992
data/raw/normal/free__exp5_num_68428.jpg,normal,free,False,128,294,L,JPEG,149.09701538085938,38.060699462890625,1011.5779418945312,4df8e3bd2ef30471dbf2e38d4566b5f8,0.43537414965986393,37632
data/raw/normal/free__exp5_num_69885.jpg,normal,free,False,129,277,L,JPEG,147.0240936279297,44.159584045410156,1403.938720703125,16a301b7c7e36ab8762e29f9f1fee013,0.4657039711191336,35733
data/raw/normal/free__exp5_num_70558.jpg,normal,free,False,124,279,L,JPEG,146.13963317871094,37.1829833984375,1006.2271118164062,ff6490442b9b4477f14581873e55759f,0.4444444444444444,34596
data/raw/normal/free__exp5_num_71267.jpg,normal,free,False,124,282,L,JPEG,148.1552276611328,31.923297882080078,1005.1527099609375,9f45503123580781816141168ecfcd68,0.4397163120567376,34968
data/raw/normal/free__exp5_num_75157.jpg,normal,free,False,602,260,L,JPEG,126.99983215332031,34.256324768066406,543.10546875,4ea4f135cc05695f80c63f241d89ad02,2.3153846153846156,156520
data/raw/normal/free__exp5_num_7935.jpg,normal,free,False,124,287,L,JPEG,142.52230834960938,32.77406692504883,1079.53466796875,bad338ed3e2226c316d5e8dd4e9c4cf1,0.43205574912891986,35588
data/raw/normal/free__exp5_num_8676.jpg,normal,free,False,527,342,L,JPEG,127.0423812866211,36.592037200927734,296.8752136230469,196d9f87ae4da672bdad7de6f309ed6d,1.54093567251462,180234
data/raw/normal/free__exp5_num_91072.jpg,normal,free,False,602,258,L,JPEG,111.24199676513672,30.68562889099121,565.8013305664062,61ef608585b521e31dd5fe86fbadf021,2.3333333333333335,155316
data/raw/normal/free__exp5_num_937.jpg,normal,free,False,486,364,L,JPEG,130.35707092285156,44.8120231628418,933.97998046875,093cf30eb828169525741ef8b226edb1,1.335164835164835,176904
data/raw/normal/free__exp5_num_94986.jpg,normal,free,False,614,252,L,JPEG,124.74735260009766,32.800453186035156,563.7181396484375,a98c34a025f9a7b4f494c32b88152d3c,2.4365079365079363,154728
data/raw/normal/free__exp5_num_964.jpg,normal,free,False,250,291,L,JPEG,111.86528015136719,27.064041137695312,2366.852294921875,b9da5052e3112328c8e7bb027676e423,0.8591065292096219,72750
data/raw/normal/free__exp6_num_1012.jpg,normal,free,False,250,291,L,JPEG,126.0966567993164,30.112102508544922,2865.205078125,db59b9d03bd295951f6f16175c2ec311,0.8591065292096219,72750
data/raw/normal/free__exp6_num_10280.jpg,normal,free,False,508,374,L,JPEG,166.73977661132812,54.03693389892578,412.4267883300781,3b5862106fddbc606073b886174a3bc3,1.358288770053476,189992
data/raw/normal/free__exp6_num_106244.jpg,normal,free,False,251,362,L,JPEG,147.8821563720703,57.663883209228516,935.3247680664062,3298c49f8cc369fba8de3ae12c66240a,0.6933701657458563,90862
data/raw/normal/free__exp6_num_106873.jpg,normal,free,False,256,352,L,JPEG,151.00372314453125,45.52742004394531,1363.0484619140625,dcfe3888ec1588dec9307f05c71d602f,0.7272727272727273,90112
data/raw/normal/free__exp6_num_10790.jpg,normal,free,False,523,347,L,JPEG,143.28240966796875,41.28053665161133,349.68243408203125,aa45d230bca0412e104c0dd019120b18,1.5072046109510087,181481
data/raw/normal/free__exp6_num_11001.jpg,normal,free,False,512,361,L,JPEG,122.91320037841797,44.61629104614258,463.1435852050781,ba30e1d867f22acbb994b4007ac23236,1.4182825484764543,184832
data/raw/normal/free__exp6_num_110224.jpg,normal,free,False,618,261,L,JPEG,119.9895248413086,30.574060440063477,602.4176025390625,a50672da31129c7284b7624c8c073f8b,2.367816091954023,161298
data/raw/normal/free__exp6_num_11357.jpg,normal,free,False,486,377,L,JPEG,111.55655670166016,39.038787841796875,1152.1318359375,46a19bfab251188a67e8b0468686452c,1.2891246684350133,183222
data/raw/normal/free__exp6_num_114490.jpg,normal,free,False,258,371,L,JPEG,165.85960388183594,44.298641204833984,1327.084716796875,2b2e8fb8f969fd6f5399828cb4ffedcc,0.6954177897574124,95718
data/raw/normal/free__exp6_num_116352.jpg,normal,free,False,604,261,L,JPEG,163.79507446289062,38.66900634765625,1027.31884765625,2fb449bdb3f58cbfb2ad183d1796027e,2.314176245210728,157644
data/raw/normal/free__exp6_num_117068.jpg,normal,free,False,302,330,L,JPEG,135.148681640625,33.97776412963867,1095.68896484375,0c854ba48f94a94a6d6e19037d4f45e1,0.9151515151515152,99660
data/raw/normal/free__exp6_num_118981.jpg,normal,free,False,606,260,L,JPEG,171.76046752929688,45.31957244873047,926.6558837890625,19c682c23717459f4d4319b1575bf12e,2.330769230769231,157560
data/raw/normal/free__exp6_num_126419.jpg,normal,free,False,310,340,L,JPEG,122.91854095458984,34.2077522277832,753.1636962890625,1b6b99797e77b3760b65eb451d5e975b,0.9117647058823529,105400
data/raw/normal/free__exp6_num_126888.jpg,normal,free,False,313,336,L,JPEG,135.34559631347656,33.32240676879883,1278.129638671875,c92302631a6248c5f553503479020692,0.9315476190476191,105168
data/raw/normal/free__exp6_num_127730.jpg,normal,free,False,310,352,L,JPEG,127.30937194824219,41.646114349365234,786.4973754882812,0159d8ca7f82a9af66373017f6ff2516,0.8806818181818182,109120
data/raw/normal/free__exp6_num_128176.jpg,normal,free,False,313,339,L,JPEG,123.75334930419922,30.93909454345703,941.3812255859375,1f8c02b3aa41ac1ab3cd9f04c8b6bcaf,0.9233038348082596,106107
data/raw/normal/free__exp6_num_129718.jpg,normal,free,False,266,362,L,JPEG,173.84996032714844,39.90739059448242,1408.061767578125,c5f51342a9d40e9480f3abb3e65d51a1,0.7348066298342542,96292
data/raw/normal/free__exp6_num_13689.jpg,normal,free,False,520,342,L,JPEG,135.22503662109375,35.4857063293457,815.33837890625,7924c66508e94e27c5765cb90930e412,1.5204678362573099,177840
data/raw/normal/free__exp6_num_138723.jpg,normal,free,False,610,254,L,JPEG,142.67825317382812,37.31235122680664,718.3555297851562,814e1ca257b73f82e00362f0142a96d1,2.4015748031496065,154940
data/raw/normal/free__exp6_num_143316.jpg,normal,free,False,596,253,L,JPEG,149.6806640625,33.72833251953125,899.4154052734375,ced41e5a75ed86327c7ad308f8589b0c,2.355731225296443,150788
data/raw/normal/free__exp6_num_144276.jpg,normal,free,False,605,245,L,JPEG,156.1837158203125,42.22452163696289,597.29296875,b722478b0b096d70dc1d770b401537cf,2.4693877551020407,148225
data/raw/normal/free__exp6_num_148035.jpg,normal,free,False,597,240,L,JPEG,183.6668701171875,38.7100715637207,1043.4267578125,2272cf7a00af28d6c08452f88ff3d34d,2.4875,143280
data/raw/normal/free__exp6_num_154721.jpg,normal,free,False,190,314,L,JPEG,184.99403381347656,33.373085021972656,1435.10595703125,07986f9642f627c4cf7f1e169de6a82f,0.6050955414012739,59660
data/raw/normal/free__exp6_num_157298.jpg,normal,free,False,191,319,L,JPEG,179.05743408203125,26.1383056640625,1032.6160888671875,ec9897d9e95a277a4f7c1235ef51259e,0.5987460815047022,60929
data/raw/normal/free__exp6_num_157877.jpg,normal,free,False,195,326,L,JPEG,147.0303497314453,25.71413803100586,1241.5423583984375,ba7b47e46530474af5612be2ca824e54,0.598159509202454,63570
data/raw/normal/free__exp6_num_165523.jpg,normal,free,False,201,322,L,JPEG,191.24925231933594,41.283172607421875,1281.9205322265625,573632ae8438cfe80581de2a7f28ef88,0.6242236024844721,64722
data/raw/normal/free__exp6_num_16624.jpg,normal,free,False,524,330,L,JPEG,142.63064575195312,40.809661865234375,423.8352355957031,1ce50f123ae3dda7a864ec07fb953599,1.587878787878788,172920
data/raw/normal/free__exp6_num_166278.jpg,normal,free,False,183,330,L,JPEG,161.7346954345703,28.5820255279541,1341.050537109375,6664f3498aa3bb2e73bb688b09dfb9b3,0.5545454545454546,60390
data/raw/normal/free__exp6_num_174804.jpg,normal,free,False,193,318,L,JPEG,211.34902954101562,36.33320999145508,1088.227294921875,aec42e0db20edd1dcd678db8ffffeb39,0.6069182389937107,61374
data/raw/normal/free__exp6_num_178058.jpg,normal,free,False,194,316,L,JPEG,221.8626251220703,31.50103187561035,1512.32763671875,16a23dff18b5e0dc8c6ff5852af7d547,0.6139240506329114,61304
data/raw/normal/free__exp6_num_178602.jpg,normal,free,False,195,322,L,JPEG,167.94577026367188,36.38228988647461,1601.86962890625,3282d9619966b82605989018fd49d2d4,0.6055900621118012,62790
data/raw/normal/free__exp6_num_180428.jpg,normal,free,False,194,334,L,JPEG,140.83010864257812,29.60421371459961,1254.6932373046875,fc894606e904d0c92a94d0af98ce9ccd,0.5808383233532934,64796
data/raw/normal/free__exp6_num_180965.jpg,normal,free,False,190,328,L,JPEG,169.16513061523438,30.706079483032227,1035.072998046875,077e980c77d1e1edff920823b5865357,0.5792682926829268,62320
data/raw/normal/free__exp6_num_18258.jpg,normal,free,False,519,334,L,JPEG,148.7373504638672,36.953704833984375,861.1629638671875,c790d2734d198d0010b959b01a78f4f3,1.5538922155688624,173346
data/raw/normal/free__exp6_num_183290.jpg,normal,free,False,194,320,L,JPEG,215.99594116210938,33.67776870727539,1376.9559326171875,6ab0f50f84c3f4dc069feeb25daf058b,0.60625,62080
data/raw/normal/free__exp6_num_183930.jpg,normal,free,False,209,323,L,JPEG,188.25900268554688,52.1253776550293,1284.711669921875,3d5a1d5898a7caa440e3562f2f8d4996,0.6470588235294118,67507
data/raw/normal/free__exp6_num_187701.jpg,normal,free,False,193,324,L,JPEG,196.99513244628906,40.112361907958984,1306.7420654296875,7ee177c4c0c884f7bae8abbfb62a5611,0.595679012345679,62532
data/raw/normal/free__exp6_num_192263.jpg,normal,free,False,198,322,L,JPEG,215.7855224609375,46.54030227661133,1242.7958984375,6e06a05e102c92f6097bf6a6c95acff0,0.6149068322981367,63756
data/raw/normal/free__exp6_num_193234.jpg,normal,free,False,194,318,L,JPEG,217.49508666992188,34.075599670410156,942.7015991210938,187762586e306cd19162c3890a27e22c,0.610062893081761,61692
data/raw/normal/free__exp6_num_195761.jpg,normal,free,False,188,323,L,JPEG,203.88421630859375,32.54157638549805,1341.6182861328125,89bbde2dca0224e10b6ca11d803137b3,0.5820433436532507,60724
data/raw/normal/free__exp6_num_1965.jpg,normal,free,False,242,270,L,JPEG,121.93643951416016,23.825428009033203,591.2421264648438,82aa2dae216327ac0cf16b0124777761,0.8962962962962963,65340
data/raw/normal/free__exp6_num_19822.jpg,normal,free,False,521,315,L,JPEG,138.4429473876953,32.57503890991211,693.60498046875,fd0262955e0c38cdbc7f3871ca729cba,1.6539682539682539,164115
data/raw/normal/free__exp6_num_2121.jpg,normal,free,False,513,380,L,JPEG,150.04051208496094,50.55988693237305,524.763427734375,8c5bdbb80f1adfe58d7c32a4b366a17e,1.35,194940
data/raw/normal/free__exp6_num_240188.jpg,normal,free,False,264,367,L,JPEG,170.89666748046875,49.96866226196289,1209.51416015625,0ec4176ce3759b94d8379225f7d3ca5c,0.7193460490463215,96888
data/raw/normal/free__exp6_num_241417.jpg,normal,free,False,223,274,L,JPEG,129.4720001220703,36.754661560058594,1027.0975341796875,e55f5072fff0f73070d862e9033925b0,0.8138686131386861,61102
data/raw/normal/free__exp6_num_245834.jpg,normal,free,False,208,271,L,JPEG,154.7369842529297,37.71763610839844,1828.7174072265625,e2758ae73f52f303aef190edb03dad7f,0.7675276752767528,56368
data/raw/normal/free__exp6_num_246442.jpg,normal,free,False,221,279,L,JPEG,162.69129943847656,40.597496032714844,1588.77001953125,b32bcd757a456053ecf69762967e54b6,0.7921146953405018,61659
data/raw/normal/free__exp6_num_251550.jpg,normal,free,False,218,265,L,JPEG,158.46139526367188,53.05230712890625,1448.4091796875,34853c3ceeb16ed50b509be0c7a9a985,0.8226415094339623,57770
data/raw/normal/free__exp6_num_255822.jpg,normal,free,False,256,379,L,JPEG,163.18896484375,39.19060134887695,1300.6446533203125,6e589e8d65a14c29693b46c75584d077,0.6754617414248021,97024
data/raw/normal/free__exp6_num_256392.jpg,normal,free,False,269,385,L,JPEG,143.59898376464844,45.151329040527344,1177.4853515625,b1079842d1d0d174ddd64c9acefeee26,0.6987012987012987,103565
data/raw/normal/free__exp6_num_257334.jpg,normal,free,False,223,276,L,JPEG,145.7074432373047,41.590213775634766,1095.62841796875,47309dbb53d6df8a825cebebbceb75cd,0.8079710144927537,61548
data/raw/normal/free__exp6_num_258043.jpg,normal,free,False,255,351,L,JPEG,145.9789581298828,59.300323486328125,836.4461669921875,3556567b696513a0ea8f56cef7f8d933,0.7264957264957265,89505
data/raw/normal/free__exp6_num_258935.jpg,normal,free,False,208,264,L,JPEG,144.5055694580078,38.32663345336914,1415.449462890625,9d58cfa2e4c00ff5645384ef015501e5,0.7878787878787878,54912
data/raw/normal/free__exp6_num_260572.jpg,normal,free,False,213,273,L,JPEG,151.7533721923828,42.22105407714844,1648.6685791015625,50d7068503f1531a6508ec3dc0749e28,0.7802197802197802,58149
data/raw/normal/free__exp6_num_261003.jpg,normal,free,False,220,274,L,JPEG,150.62571716308594,33.97205352783203,1454.86279296875,a8d94b9f22bc7a2353fe41f54eae987e,0.8029197080291971,60280
data/raw/normal/free__exp6_num_262067.jpg,normal,free,False,220,271,L,JPEG,155.62283325195312,40.030906677246094,1516.6881103515625,e50ff5022375bde5ec47d01ef01af9f5,0.8118081180811808,59620
data/raw/normal/free__exp6_num_262294.jpg,normal,free,False,267,380,L,JPEG,153.92771911621094,51.287322998046875,1057.06494140625,b81824e23ee18e11bad0c7eabaf807aa,0.7026315789473684,101460
data/raw/normal/free__exp6_num_262733.jpg,normal,free,False,266,375,L,JPEG,168.99554443359375,40.070316314697266,1320.9923095703125,e038dc6d242f76cd92b46fae221d33d3,0.7093333333333334,99750
data/raw/normal/free__exp6_num_263900.jpg,normal,free,False,263,370,L,JPEG,167.06692504882812,49.77701187133789,1238.697021484375,d9fbbc24cc9473ef1feceb2acd8faed9,0.7108108108108108,97310
data/raw/normal/free__exp6_num_264283.jpg,normal,free,False,260,369,L,JPEG,156.84320068359375,39.43975067138672,1006.441650390625,e43a412a84357fc1a974891bb901363a,0.7046070460704607,95940
data/raw/normal/free__exp6_num_266375.jpg,normal,free,False,210,255,L,JPEG,158.14015197753906,35.02897262573242,1509.394775390625,292f8880bc32cb33b6b13fe2c807b8ad,0.8235294117647058,53550
data/raw/normal/free__exp6_num_266888.jpg,normal,free,False,212,269,L,JPEG,156.26258850097656,36.79961013793945,1290.0308837890625,4e6d643ac0252cd25dfdf3318505cef5,0.7881040892193308,57028
data/raw/normal/free__exp6_num_269180.jpg,normal,free,False,221,275,L,JPEG,146.2083282470703,33.76049041748047,1333.5093994140625,648edefb7302ed7485161ef005cc5b95,0.8036363636363636,60775
data/raw/normal/free__exp6_num_2697.jpg,normal,free,False,122,282,L,JPEG,154.9697723388672,36.25225830078125,1688.8072509765625,b56f26241e201750c5546c2556569811,0.4326241134751773,34404
data/raw/normal/free__exp6_num_269733.jpg,normal,free,False,210,271,L,JPEG,145.76290893554688,31.754100799560547,1279.28662109375,7e274cac1afae706195df2fb2623e903,0.7749077490774908,56910
data/raw/normal/free__exp6_num_270665.jpg,normal,free,False,263,336,L,JPEG,140.65940856933594,45.77252197265625,1036.0953369140625,24393ff25027681cd492f907e81a20ea,0.7827380952380952,88368
data/raw/normal/free__exp6_num_270880.jpg,normal,free,False,220,276,L,JPEG,176.4078826904297,51.893714904785156,1559.478515625,78aa022fc061b82794c19d41518fc996,0.7971014492753623,60720
data/raw/normal/free__exp6_num_275466.jpg,normal,free,False,265,380,L,JPEG,167.9950408935547,52.13779830932617,1155.48681640625,ce0d4a9b581d018bf29b0e45d2894e64,0.6973684210526315,100700
data/raw/normal/free__exp6_num_275757.jpg,normal,free,False,266,385,L,JPEG,165.46702575683594,42.80496597290039,1164.487060546875,eded9813ce14a7471f8e24c7895af2f8,0.6909090909090909,102410
data/raw/normal/free__exp6_num_277095.jpg,normal,free,False,267,369,L,JPEG,171.38616943359375,41.289390563964844,1188.5548095703125,fb50298ae3797d1eec8bc9ff0f76fcbe,0.7235772357723578,98523
data/raw/normal/free__exp6_num_278659.jpg,normal,free,False,256,362,L,JPEG,177.0550079345703,46.7557258605957,1173.091064453125,518f48be76aaf7b9a534f1ac27232908,0.7071823204419889,92672
data/raw/normal/free__exp6_num_279178.jpg,normal,free,False,270,382,L,JPEG,157.661376953125,50.9431266784668,1128.6204833984375,9c7b2f19582fe2c8166b9dbb09005771,0.7068062827225131,103140
data/raw/normal/free__exp6_num_280303.jpg,normal,free,False,249,348,L,JPEG,157.4789581298828,50.01252365112305,1518.2344970703125,6a8a5461823adcf3f9a3aa7b278f3396,0.7155172413793104,86652
data/raw/normal/free__exp6_num_281048.jpg,normal,free,False,237,364,L,JPEG,122.26731872558594,44.494930267333984,766.2962036132812,dd6d211b14afe594c8ab856f63549eb8,0.6510989010989011,86268
data/raw/normal/free__exp6_num_282965.jpg,normal,free,False,251,350,L,JPEG,128.4213409423828,48.16616439819336,771.0635375976562,b8f5ef6e8f099e1c544309b84b5109cc,0.7171428571428572,87850
data/raw/normal/free__exp6_num_283465.jpg,normal,free,False,272,324,L,JPEG,133.59048461914062,47.06502151489258,1171.734619140625,c0208367efb05aba61ab9acef644763e,0.8395061728395061,88128
data/raw/normal/free__exp6_num_284942.jpg,normal,free,False,248,356,L,JPEG,124.5909652709961,44.41522216796875,927.726318359375,869f17189d409586803f01b865eb695c,0.6966292134831461,88288
data/raw/normal/free__exp6_num_286336.jpg,normal,free,False,287,353,L,JPEG,141.81190490722656,38.79663848876953,910.1238403320312,8da4bdb6abffdfa91b80dd4eb417d6ed,0.8130311614730878,101311
data/raw/normal/free__exp6_num_289705.jpg,normal,free,False,304,319,L,JPEG,123.15067291259766,32.05543899536133,727.6109008789062,a65dbf901de79e2344d0e3fd623099e6,0.9529780564263323,96976
data/raw/normal/free__exp6_num_290165.jpg,normal,free,False,322,332,L,JPEG,130.83871459960938,36.702945709228516,1290.5931396484375,5aba561028dd2a1d05348339881a3857,0.9698795180722891,106904
data/raw/normal/free__exp6_num_292199.jpg,normal,free,False,297,332,L,JPEG,139.2570343017578,31.59149932861328,1381.4871826171875,26059ff68d5b43fa57c651d91361c725,0.8945783132530121,98604
data/raw/normal/free__exp6_num_293354.jpg,normal,free,False,303,325,L,JPEG,118.70791625976562,35.81633377075195,802.62890625,2b558b771c771b3ae42242e56ababf5f,0.9323076923076923,98475
data/raw/normal/free__exp6_num_293912.jpg,normal,free,False,322,336,L,JPEG,121.64021301269531,33.78352355957031,1027.2503662109375,0ec3497132f9af3d729f9590c6401e60,0.9583333333333334,108192
data/raw/normal/free__exp6_num_29564.jpg,normal,free,False,527,311,L,JPEG,157.08819580078125,43.4064826965332,406.10699462890625,dfe77f20a32fa43522b14142ea9ff3ab,1.6945337620578778,163897
data/raw/normal/free__exp6_num_296754.jpg,normal,free,False,297,348,L,JPEG,133.22911071777344,32.51736831665039,895.4758911132812,f193e0c801cae077627d4a69edc85335,0.853448275862069,103356
data/raw/normal/free__exp6_num_297388.jpg,normal,free,False,309,343,L,JPEG,134.0880889892578,34.41080093383789,1304.752197265625,061e2a900d8e82d1939929a929a1f31f,0.9008746355685131,105987
data/raw/normal/free__exp6_num_299824.jpg,normal,free,False,213,260,L,JPEG,151.98837280273438,41.89844512939453,1456.8201904296875,696eaec4f6463a8568c35808d382465e,0.8192307692307692,55380
data/raw/normal/free__exp6_num_301599.jpg,normal,free,False,366,357,L,JPEG,156.65432739257812,39.65670394897461,832.7909545898438,7fa20c4dc02a5df3418949bb25acea62,1.0252100840336134,130662
data/raw/normal/free__exp6_num_304352.jpg,normal,free,False,316,327,L,JPEG,148.03578186035156,46.264522552490234,643.381103515625,6542b72989dc73468f8703ce090adeed,0.9663608562691132,103332
data/raw/normal/free__exp6_num_304811.jpg,normal,free,False,314,300,L,JPEG,156.3197021484375,40.08628463745117,792.3619995117188,55384e4e57dd09ddb90f6098586e1b0c,1.0466666666666666,94200
data/raw/normal/free__exp6_num_304958.jpg,normal,free,False,212,272,L,JPEG,140.70541381835938,36.28558349609375,919.5797119140625,ab77c9bdb3b252ac61a9579f261d92e4,0.7794117647058824,57664
data/raw/normal/free__exp6_num_306496.jpg,normal,free,False,217,264,L,JPEG,152.3949737548828,38.96466827392578,1637.076416015625,890465593e748f8ada04e29871773f47,0.821969696969697,57288
data/raw/normal/free__exp6_num_306696.jpg,normal,free,False,360,369,L,JPEG,160.633056640625,43.77936935424805,515.0509643554688,7f0b2538d0ec91fdc3c84567bbac7c0a,0.975609756097561,132840
data/raw/normal/free__exp6_num_308897.jpg,normal,free,False,367,356,L,JPEG,173.5140380859375,47.18961715698242,807.0494384765625,cdd86ada573a8aef9759c55f2e2c7d17,1.0308988764044944,130652
data/raw/normal/free__exp6_num_309443.jpg,normal,free,False,359,360,L,JPEG,155.70228576660156,43.19395446777344,429.446533203125,1b055106be25e2590a63f5d96c8a50c9,0.9972222222222222,129240
data/raw/normal/free__exp6_num_309719.jpg,normal,free,False,216,266,L,JPEG,146.83531188964844,44.518802642822266,1638.80029296875,a90bfa04e35eb840ec5fd372f2d25818,0.8120300751879699,57456
data/raw/normal/free__exp6_num_311392.jpg,normal,free,False,205,268,L,JPEG,180.42807006835938,48.35845184326172,1894.039306640625,7487566166308928ad580b9f8e4e5029,0.7649253731343284,54940
data/raw/normal/free__exp6_num_31184.jpg,normal,free,False,124,284,L,JPEG,154.6690216064453,41.90375518798828,2364.297607421875,7320f121c1616cc501639a9c52588189,0.43661971830985913,35216
data/raw/normal/free__exp6_num_313921.jpg,normal,free,False,252,364,L,JPEG,153.7124481201172,58.31201934814453,1021.2246704101562,f3efadd62908c23e481684c63e6b1eb0,0.6923076923076923,91728
data/raw/normal/free__exp6_num_315056.jpg,normal,free,False,215,268,L,JPEG,153.24111938476562,45.106712341308594,1753.0172119140625,f2e058f396c2d614f14d7c593b1f4784,0.8022388059701493,57620
data/raw/normal/free__exp6_num_316396.jpg,normal,free,False,375,351,L,JPEG,169.40213012695312,50.63045120239258,830.1614990234375,f499717cd288ac844fff92a71bdfbce6,1.0683760683760684,131625
data/raw/normal/free__exp6_num_316778.jpg,normal,free,False,345,371,L,JPEG,163.61569213867188,42.25337219238281,473.7337341308594,2d1b2fc42b8ebc59b59bd9fa146f55f6,0.9299191374663073,127995
data/raw/normal/free__exp6_num_317640.jpg,normal,free,False,374,347,L,JPEG,165.61944580078125,51.197139739990234,813.3914184570312,bc78051fce7c6624c2ea67dd52032a8d,1.0778097982708934,129778
data/raw/normal/free__exp6_num_317978.jpg,normal,free,False,353,357,L,JPEG,162.66163635253906,46.56481170654297,459.9219055175781,05c961dbf234ccda49317e7a6240a2fc,0.988795518207283,126021
data/raw/normal/free__exp6_num_319398.jpg,normal,free,False,363,370,L,JPEG,160.04127502441406,46.17261505126953,944.7900390625,4c1a1864d0efc576de9b9e5a3f70ee28,0.981081081081081,134310
data/raw/normal/free__exp6_num_319512.jpg,normal,free,False,222,280,L,JPEG,149.8145751953125,43.4500617980957,1258.563232421875,a5e7ce35a54557fc5cbcc7ad16a65e34,0.7928571428571428,62160
data/raw/normal/free__exp6_num_319796.jpg,normal,free,False,361,366,L,JPEG,150.15118408203125,44.5625,408.6684875488281,1bab1c361d0b1804f8d03283aed769a2,0.9863387978142076,132126
data/raw/normal/free__exp6_num_320546.jpg,normal,free,False,361,365,L,JPEG,171.2008514404297,51.75851821899414,960.8098754882812,2fb38b1fc244c8a03d872b6de17ec79e,0.989041095890411,131765
data/raw/normal/free__exp6_num_320864.jpg,normal,free,False,366,362,L,JPEG,156.32156372070312,45.56721496582031,495.0423583984375,1a417239187ec1cde30292395c60bc1c,1.011049723756906,132492
data/raw/normal/free__exp6_num_321501.jpg,normal,free,False,375,367,L,JPEG,147.00875854492188,47.673614501953125,953.822021484375,607a9a75a43328ea245ec60feafaf121,1.021798365122616,137625
data/raw/normal/free__exp6_num_323405.jpg,normal,free,False,218,275,L,JPEG,136.67071533203125,33.855525970458984,1104.5872802734375,47e8651165bfee9cf93b8f42e3f3a466,0.7927272727272727,59950
data/raw/normal/free__exp6_num_326679.jpg,normal,free,False,370,361,L,JPEG,163.220458984375,45.9691047668457,960.6214599609375,a4ddf446d2bc52bcf56b04274365dc1c,1.0249307479224377,133570
data/raw/normal/free__exp6_num_327003.jpg,normal,free,False,353,363,L,JPEG,156.9593048095703,40.967552185058594,442.3192443847656,eb1e583eb5f88db3b442aadea13c609e,0.9724517906336089,128139
data/raw/normal/free__exp6_num_329323.jpg,normal,free,False,368,363,L,JPEG,144.4014129638672,41.831459045410156,843.6116333007812,17c2fa2caf1e1967d9a56a69a6087ecc,1.0137741046831956,133584
data/raw/normal/free__exp6_num_331267.jpg,normal,free,False,358,359,L,JPEG,169.8850555419922,47.69453811645508,403.33648681640625,6a7cd6ae90e29a9128e793a99ac5f111,0.9972144846796658,128522
data/raw/normal/free__exp6_num_332013.jpg,normal,free,False,358,348,L,JPEG,164.28701782226562,44.75692367553711,855.4793701171875,30ff41d9c9c0488f0e6e63b96efe3f80,1.028735632183908,124584
data/raw/normal/free__exp6_num_332792.jpg,normal,free,False,302,341,L,JPEG,139.5058135986328,41.218719482421875,868.0628662109375,4a0e10bc33965d20fdd09cf7e1f74ba7,0.8856304985337243,102982
data/raw/normal/free__exp6_num_337757.jpg,normal,free,False,487,380,L,JPEG,142.91806030273438,55.37409973144531,1121.398193359375,5822867904635a942655d2dbbe2cc9b2,1.2815789473684212,185060
data/raw/normal/free__exp6_num_338952.jpg,normal,free,False,492,372,L,JPEG,152.6648712158203,55.73986053466797,1195.2613525390625,37b28940abc868f7496a7c0e4601e976,1.3225806451612903,183024
data/raw/normal/free__exp6_num_34208.jpg,normal,free,False,521,325,L,JPEG,131.90304565429688,37.76275634765625,334.1190185546875,f5aa7f25fb4e224d85c778520c8e3107,1.603076923076923,169325
data/raw/normal/free__exp6_num_342992.jpg,normal,free,False,507,368,L,JPEG,161.49935913085938,54.82490158081055,344.88116455078125,98015d161e62283bf20d03f0f02404a6,1.377717391304348,186576
data/raw/normal/free__exp6_num_344641.jpg,normal,free,False,507,363,L,JPEG,117.39588165283203,36.23992156982422,411.2946472167969,334ac2885a412bd07cd2c70f490df1b3,1.396694214876033,184041
data/raw/normal/free__exp6_num_349930.jpg,normal,free,False,491,370,L,JPEG,145.1566925048828,56.17450714111328,1249.807861328125,419600d1c17c7427808ab7495049dc83,1.327027027027027,181670
data/raw/normal/free__exp6_num_351127.jpg,normal,free,False,487,355,L,JPEG,159.98248291015625,59.66360092163086,1022.8614501953125,6321c6898c7a4e32c4431baf592c0d33,1.371830985915493,172885
data/raw/normal/free__exp6_num_351520.jpg,normal,free,False,510,361,L,JPEG,164.3730010986328,57.19837951660156,310.8468322753906,8e91714b7f02d77a08ab3fc60a966fa0,1.4127423822714682,184110
data/raw/normal/free__exp6_num_354474.jpg,normal,free,False,482,362,L,JPEG,157.55709838867188,55.74252700805664,1117.0655517578125,a95298d0716f94bb2b09a17c6632ffb3,1.3314917127071824,174484
data/raw/normal/free__exp6_num_355732.jpg,normal,free,False,486,387,L,JPEG,161.44911193847656,59.26179885864258,1247.7879638671875,0892b1d6cc7f7f56a7ca85592cee94b5,1.255813953488372,188082
data/raw/normal/free__exp6_num_358179.jpg,normal,free,False,484,382,L,JPEG,166.25086975097656,61.24211502075195,1153.2955322265625,971b6bac1f616ec691d23a827c2fd488,1.2670157068062826,184888
data/raw/normal/free__exp6_num_359029.jpg,normal,free,False,488,371,L,JPEG,116.43087005615234,43.45486831665039,1308.3331298828125,aac139275d67b4e2004283daf37cbbd3,1.3153638814016173,181048
data/raw/normal/free__exp6_num_359542.jpg,normal,free,False,506,373,L,JPEG,127.42778015136719,47.773948669433594,532.0254516601562,6e270bef08d96697f1893139c5cead9f,1.35656836461126,188738
data/raw/normal/free__exp6_num_3620.jpg,normal,free,False,125,276,L,JPEG,162.31576538085938,47.59482955932617,1513.55712890625,ef49950f0654d163c01c99c91f79b471,0.4528985507246377,34500
data/raw/normal/free__exp6_num_37098.jpg,normal,free,False,127,284,L,JPEG,119.6473617553711,31.69486427307129,1202.7774658203125,b811dcd9eb9d42efed658f3ef2e7456f,0.4471830985915493,36068
data/raw/normal/free__exp6_num_37354.jpg,normal,free,False,525,327,L,JPEG,142.88970947265625,41.60806655883789,748.042236328125,79e485aac768edeb7ea66784805fc3b3,1.6055045871559632,171675
data/raw/normal/free__exp6_num_37675.jpg,normal,free,False,120,283,L,JPEG,121.54207611083984,29.191774368286133,1152.7296142578125,4fba7c2b7808bccf3fd456131f39a4e3,0.42402826855123676,33960
data/raw/normal/free__exp6_num_38098.jpg,normal,free,False,527,314,L,JPEG,133.1263427734375,34.48694610595703,290.4924621582031,824eb25c3eab171f11e9a4f41bb2a512,1.678343949044586,165478
data/raw/normal/free__exp6_num_39559.jpg,normal,free,False,124,284,L,JPEG,164.70689392089844,45.36021423339844,1920.1402587890625,8e088479b3254c13310a4e3b3a6f25c3,0.43661971830985913,35216
data/raw/normal/free__exp6_num_3981.jpg,normal,free,False,127,274,L,JPEG,122.39022064208984,38.55472183227539,1273.925537109375,6c4ae0f8ef96c71ad10d7f78b1f860ed,0.4635036496350365,34798
data/raw/normal/free__exp6_num_43955.jpg,normal,free,False,525,336,L,JPEG,133.9104461669922,35.418094635009766,354.86859130859375,3bfb3607f7b34bbedb24585972d6cb11,1.5625,176400
data/raw/normal/free__exp6_num_50468.jpg,normal,free,False,525,310,L,JPEG,149.30950927734375,41.2439079284668,879.6575317382812,e48fe00f834779a5efaeab32c5ffdcfa,1.6935483870967742,162750
data/raw/normal/free__exp6_num_51154.jpg,normal,free,False,532,320,L,JPEG,144.98851013183594,35.537349700927734,427.4615478515625,1179eabe778eed0a78509b9a9d5fa1a7,1.6625,170240
data/raw/normal/free__exp6_num_52784.jpg,normal,free,False,124,292,L,JPEG,138.01779174804688,44.07242965698242,2280.946533203125,2e1ec7ad416c9efb78c5f174f4964304,0.4246575342465753,36208
data/raw/normal/free__exp6_num_53080.jpg,normal,free,False,526,334,L,JPEG,137.10487365722656,37.735172271728516,793.981689453125,621f5d48d24fbda7e57ec98dca4381fa,1.5748502994011977,175684
data/raw/normal/free__exp6_num_54271.jpg,normal,free,False,533,322,L,JPEG,137.7625274658203,39.03813171386719,376.8175048828125,9f5f898cc0babc930856c20e187e46dd,1.65527950310559,171626
data/raw/normal/free__exp6_num_55020.jpg,normal,free,False,137,289,L,JPEG,156.19879150390625,50.64112854003906,1029.0987548828125,cb65eac29bb3cc22007cef9862276a6f,0.4740484429065744,39593
data/raw/normal/free__exp6_num_5892.jpg,normal,free,False,515,330,L,JPEG,143.3970184326172,38.52688217163086,837.21826171875,c1bd76e60f6da1ef18078392b28599eb,1.5606060606060606,169950
data/raw/normal/free__exp6_num_61501.jpg,normal,free,False,131,287,L,JPEG,146.9065399169922,38.535099029541016,1091.8875732421875,b0a9e8f053f789ef0d18c1e2629bf9a5,0.4564459930313589,37597
data/raw/normal/free__exp6_num_65067.jpg,normal,free,False,520,331,L,JPEG,136.60377502441406,37.384910583496094,761.4695434570312,2a505a86c8703d64e0fab7c42f2a5c90,1.5709969788519638,172120
data/raw/normal/free__exp6_num_6600.jpg,normal,free,False,507,376,L,JPEG,149.425537109375,53.15440368652344,307.82305908203125,f1ad8797cbac5cc723937c0677450ea2,1.3484042553191489,190632
data/raw/normal/free__exp6_num_6634.jpg,normal,free,False,128,288,L,JPEG,180.6852264404297,57.699222564697266,1728.5296630859375,03ebe087861081fd8471513223b178b0,0.4444444444444444,36864
data/raw/normal/free__exp6_num_68465.jpg,normal,free,False,128,285,L,JPEG,169.64454650878906,37.531314849853516,1178.7694091796875,d938f9799ec9e45a9fd92e64ac59d783,0.44912280701754387,36480
data/raw/normal/free__exp6_num_69923.jpg,normal,free,False,131,277,L,JPEG,165.56719970703125,50.64031982421875,1566.5001220703125,00c9eec34e92eb9296613b961dbbe461,0.4729241877256318,36287
data/raw/normal/free__exp6_num_70585.jpg,normal,free,False,126,285,L,JPEG,162.52333068847656,43.76348876953125,1256.1552734375,8d9e38ec6a68b8c013094ef1747162b0,0.4421052631578947,35910
data/raw/normal/free__exp6_num_71297.jpg,normal,free,False,125,284,L,JPEG,164.28306579589844,36.851287841796875,1185.51513671875,b0cfdcfd2524855892b987693c4f2e68,0.44014084507042256,35500
data/raw/normal/free__exp6_num_75343.jpg,normal,free,False,599,258,L,JPEG,144.24664306640625,36.92867660522461,652.9651489257812,b815b9474c72b73d4d67cfba07f6c8d8,2.3217054263565893,154542
data/raw/normal/free__exp6_num_8015.jpg,normal,free,False,123,286,L,JPEG,161.24375915527344,34.48871994018555,1261.868408203125,4b10c7522d715ac1d586e74e0f86eac1,0.43006993006993005,35178
data/raw/normal/free__exp6_num_91131.jpg,normal,free,False,606,248,L,JPEG,126.83141326904297,32.984764099121094,653.739501953125,12990406b7ef695c0709b0c171f16948,2.443548387096774,150288
data/raw/normal/free__exp6_num_9196.jpg,normal,free,False,514,340,L,JPEG,147.07945251464844,38.426631927490234,351.7032470703125,6cc8823b6e93144fa9f667ca858b8d23,1.511764705882353,174760
data/raw/normal/free__exp6_num_95059.jpg,normal,free,False,614,248,L,JPEG,140.5677032470703,36.104881286621094,642.3040771484375,e6229a109dfdc8f190f3617d0692ebde,2.475806451612903,152272
data/raw/defective/blowhole__exp1_num_108719.jpg,defective,blowhole,False,248,373,L,JPEG,70.13394927978516,19.13509750366211,225.34854125976562,da9e87d4ea94b83c6d2aabc6662883a7,0.6648793565683646,92504
data/raw/defective/blowhole__exp1_num_108889.jpg,defective,blowhole,False,248,373,L,JPEG,69.26390075683594,19.315162658691406,203.54693603515625,e12cb8fe4d09ede55faa1b371947af33,0.6648793565683646,92504
data/raw/defective/blowhole__exp1_num_262480.jpg,defective,blowhole,False,196,246,L,JPEG,68.27529907226562,15.707106590270996,543.2794799804688,fdac39919f43343aa8b91a24f5d5d5b8,0.7967479674796748,48216
data/raw/defective/blowhole__exp1_num_265077.jpg,defective,blowhole,False,265,356,L,JPEG,71.73698425292969,18.298355102539062,244.70713806152344,d4288e47d29352a03d62686cfecb6ce7,0.7443820224719101,94340
data/raw/defective/blowhole__exp1_num_290998.jpg,defective,blowhole,False,289,352,L,JPEG,61.533058166503906,20.417966842651367,365.03961181640625,4553064ef5bc73cf2ba6e22b95f7a6e1,0.8210227272727273,101728
data/raw/defective/blowhole__exp1_num_297464.jpg,defective,blowhole,False,213,270,L,JPEG,68.19503021240234,25.436105728149414,314.5787048339844,70ac03bdfbc9b3bd541b8ca4b6ea31c6,0.7888888888888889,57510
data/raw/defective/blowhole__exp1_num_308015.jpg,defective,blowhole,False,221,272,L,JPEG,52.23231506347656,10.664037704467773,170.27296447753906,42ef9573a079511dad98b3d637cbb2cc,0.8125,60112
data/raw/defective/blowhole__exp1_num_317483.jpg,defective,blowhole,False,218,269,L,JPEG,59.838748931884766,14.6642484664917,277.01312255859375,c0b0c9dbaabfdd3edc57c3b605c6423c,0.8104089219330854,58642
data/raw/defective/blowhole__exp1_num_322605.jpg,defective,blowhole,False,204,257,L,JPEG,64.25988006591797,12.166034698486328,318.14520263671875,1948c32556ff47b0fec0d1ce22ee9b57,0.7937743190661478,52428
data/raw/defective/blowhole__exp1_num_327970.jpg,defective,blowhole,False,360,349,L,JPEG,61.85672378540039,18.12661361694336,74.33545684814453,fa216c4a2e7ecd7456707784c4d2570e,1.0315186246418337,125640
data/raw/defective/blowhole__exp1_num_346311.jpg,defective,blowhole,False,504,371,L,JPEG,72.5766830444336,26.032297134399414,113.14425659179688,52e69480a2de94497688a3047dc004b3,1.3584905660377358,186984
data/raw/defective/blowhole__exp1_num_36290.jpg,defective,blowhole,False,117,281,L,JPEG,59.95963668823242,13.042732238769531,419.0177307128906,5941b127124bc073561b82e19797c5f5,0.41637010676156583,32877
data/raw/defective/blowhole__exp1_num_3667.jpg,defective,blowhole,False,491,376,L,JPEG,62.922489166259766,22.000133514404297,56.637577056884766,e839f1c06e153b724042179b7a23498a,1.3058510638297873,184616
data/raw/defective/blowhole__exp1_num_40410.jpg,defective,blowhole,False,113,290,L,JPEG,78.05853271484375,12.281193733215332,276.0005187988281,59f94ac0d09f0c21aac107a020d25918,0.3896551724137931,32770
data/raw/defective/blowhole__exp1_num_4727.jpg,defective,blowhole,False,113,288,L,JPEG,78.24237823486328,12.227886199951172,265.6134948730469,8165e6ed00099c79af386617bde66627,0.3923611111111111,32544
data/raw/defective/blowhole__exp1_num_4944.jpg,defective,blowhole,False,116,282,L,JPEG,53.15456008911133,9.55482006072998,293.4961853027344,89f771b84a2ad069ac6d5d00a7587387,0.41134751773049644,32712
data/raw/defective/blowhole__exp1_num_51674.jpg,defective,blowhole,False,112,284,L,JPEG,65.5894775390625,13.627480506896973,456.8056640625,bee9bb449155df3357411dc8f471d495,0.39436619718309857,31808
data/raw/defective/blowhole__exp1_num_54246.jpg,defective,blowhole,False,116,278,L,JPEG,79.25028228759766,12.234236717224121,276.4211730957031,fc731153215e2598d1c0a9c0017ae03e,0.4172661870503597,32248
data/raw/defective/blowhole__exp1_num_6984.jpg,defective,blowhole,False,474,361,L,JPEG,61.87899398803711,21.628379821777344,229.3031463623047,a6786613e3bc99410c14657bff9d37e2,1.3130193905817173,171114
data/raw/defective/blowhole__exp1_num_9473.jpg,defective,blowhole,False,456,382,L,JPEG,67.81478881835938,24.960857391357422,275.806640625,bbf3f4e2ad03e3a654e2c4f514585c31,1.193717277486911,174192
data/raw/defective/blowhole__exp2_num_108741.jpg,defective,blowhole,False,265,375,L,JPEG,85.96633911132812,26.756132125854492,357.1220397949219,c2a43e5acf01459b2be4727c0403cf1f,0.7066666666666667,99375
data/raw/defective/blowhole__exp2_num_108923.jpg,defective,blowhole,False,265,375,L,JPEG,86.44620513916016,27.012069702148438,341.66143798828125,ce8d71cf0c31ccfd43e9d609958bb0ed,0.7066666666666667,99375
data/raw/defective/blowhole__exp2_num_262572.jpg,defective,blowhole,False,187,231,L,JPEG,88.0147476196289,19.077411651611328,833.5031127929688,67bf4d220e92429ae363056cb47fbdfd,0.8095238095238095,43197
data/raw/defective/blowhole__exp2_num_265103.jpg,defective,blowhole,False,257,348,L,JPEG,90.98133087158203,21.865537643432617,392.0458679199219,686539b502a942faaa080aae8399dbe3,0.7385057471264368,89436
data/raw/defective/blowhole__exp2_num_291023.jpg,defective,blowhole,False,294,356,L,JPEG,77.91649627685547,26.275114059448242,579.7155151367188,fb1e19aebb45c23ac065c89e1bb4f22c,0.8258426966292135,104664
data/raw/defective/blowhole__exp2_num_297490.jpg,defective,blowhole,False,220,267,L,JPEG,86.85165405273438,33.81288528442383,458.8135070800781,93d2baef540ba0e63e5bdba52817ed4a,0.8239700374531835,58740
data/raw/defective/blowhole__exp2_num_308043.jpg,defective,blowhole,False,224,277,L,JPEG,65.96868896484375,14.160294532775879,288.1260070800781,e9c869107699e6079403044a379bc705,0.8086642599277978,62048
data/raw/defective/blowhole__exp2_num_317512.jpg,defective,blowhole,False,214,266,L,JPEG,76.38275909423828,18.16901969909668,447.7463684082031,1db7cde71eb309b6bc189571b172f766,0.8045112781954887,56924
data/raw/defective/blowhole__exp2_num_322630.jpg,defective,blowhole,False,212,255,L,JPEG,79.06568908691406,18.966737747192383,503.8165283203125,1025dd4dca8155738164b437c7c47f2e,0.8313725490196079,54060
data/raw/defective/blowhole__exp2_num_327997.jpg,defective,blowhole,False,356,351,L,JPEG,78.88047790527344,22.745275497436523,109.41236114501953,b2330728d3812590df41e0e6ae131b3f,1.0142450142450143,124956
data/raw/defective/blowhole__exp2_num_36302.jpg,defective,blowhole,False,119,280,L,JPEG,74.37857055664062,16.461322784423828,668.2484741210938,fe9a5f9e7cbe009f6c4772f82222d5ab,0.425,33320
data/raw/defective/blowhole__exp2_num_3696.jpg,defective,blowhole,False,460,366,L,JPEG,79.00886535644531,27.833833694458008,68.68071746826172,558feeebd9f3cc59cb4f59afdbb3054e,1.2568306010928962,168360
data/raw/defective/blowhole__exp2_num_40424.jpg,defective,blowhole,False,105,283,L,JPEG,98.34252166748047,14.927539825439453,410.7034606933594,eb95e2bd0531eca0863f63e4b25eadad,0.3710247349823322,29715
data/raw/defective/blowhole__exp2_num_4748.jpg,defective,blowhole,False,121,285,L,JPEG,97.8387451171875,16.72879981994629,446.8262634277344,b996464805539c9ed60ce6da6e9ca4e2,0.4245614035087719,34485
data/raw/defective/blowhole__exp2_num_4964.jpg,defective,blowhole,False,114,281,L,JPEG,67.06558990478516,11.8543701171875,482.2796325683594,ebb51b82167f787227b19005abf189b0,0.40569395017793597,32034
data/raw/defective/blowhole__exp2_num_51697.jpg,defective,blowhole,False,119,290,L,JPEG,83.61799621582031,18.61153221130371,758.8809204101562,b0795df34dd2a35b2fd7a97974246bb3,0.4103448275862069,34510
data/raw/defective/blowhole__exp2_num_54273.jpg,defective,blowhole,False,116,274,L,JPEG,99.96422576904297,15.163520812988281,461.49090576171875,21a1405cecb320ce35042f0d6c28787c,0.4233576642335766,31784
data/raw/defective/blowhole__exp2_num_7009.jpg,defective,blowhole,False,478,360,L,JPEG,77.18611907958984,27.859743118286133,374.2810974121094,8746701099d30d66138fdf6b04b767e3,1.3277777777777777,172080
data/raw/defective/blowhole__exp2_num_9496.jpg,defective,blowhole,False,354,394,L,JPEG,88.96194458007812,30.596206665039062,450.0186462402344,6544595ab4b33990a433a4999e6e5606,0.8984771573604061,139476
data/raw/defective/blowhole__exp3_num_108757.jpg,defective,blowhole,False,259,381,L,JPEG,105.17359161376953,31.62274169921875,539.4429321289062,bf101e802ba604710dc398fa1f7c554e,0.6797900262467191,98679
data/raw/defective/blowhole__exp3_num_262601.jpg,defective,blowhole,False,211,258,L,JPEG,101.01325988769531,26.78415298461914,1156.4228515625,74858cb2fca95478c570445aa6c08e34,0.8178294573643411,54438
data/raw/defective/blowhole__exp3_num_265117.jpg,defective,blowhole,False,247,382,L,JPEG,109.9834213256836,28.610130310058594,624.950927734375,d24612fb5305fec8574b2811d8d0bf19,0.6465968586387435,94354
data/raw/defective/blowhole__exp3_num_291038.jpg,defective,blowhole,False,290,345,L,JPEG,94.59835052490234,30.95209312438965,824.13720703125,7babba1bc1b260064493bdf7499d596c,0.8405797101449275,100050
data/raw/defective/blowhole__exp3_num_297506.jpg,defective,blowhole,False,221,268,L,JPEG,104.34878540039062,38.649295806884766,619.2831420898438,cf90113b5229f62f7f5138ba5e76334a,0.8246268656716418,59228
data/raw/defective/blowhole__exp3_num_308061.jpg,defective,blowhole,False,223,279,L,JPEG,79.42652130126953,17.255462646484375,432.0987854003906,cc0b2443d8a4358ff6244c9897e8816b,0.7992831541218638,62217
data/raw/defective/blowhole__exp3_num_317526.jpg,defective,blowhole,False,224,265,L,JPEG,90.32744598388672,23.11702537536621,627.3235473632812,18054a35c03e8543a49909050c9de52a,0.8452830188679246,59360
data/raw/defective/blowhole__exp3_num_322643.jpg,defective,blowhole,False,213,261,L,JPEG,95.41191864013672,23.944276809692383,732.023193359375,825fcacdd111aefa84596e101fcf39b7,0.8160919540229885,55593
data/raw/defective/blowhole__exp3_num_328014.jpg,defective,blowhole,False,355,348,L,JPEG,96.22156524658203,27.231550216674805,174.1338348388672,cd17586b4f6f51e341590df758fd0f65,1.0201149425287357,123540
data/raw/defective/blowhole__exp3_num_346347.jpg,defective,blowhole,False,512,375,L,JPEG,109.86267852783203,40.69107437133789,257.2774353027344,811e563f456fb14288f2a7273b9484f0,1.3653333333333333,192000
data/raw/defective/blowhole__exp3_num_36246.jpg,defective,blowhole,False,117,283,L,JPEG,90.20669555664062,19.931167602539062,967.9932250976562,ae7716d08a2c816a83e4e3891021e7f8,0.4134275618374558,33111
data/raw/defective/blowhole__exp3_num_3710.jpg,defective,blowhole,False,480,367,L,JPEG,96.94354248046875,33.69475173950195,120.02616119384766,3a54f1161711f3a85f831e1d64625bb9,1.3079019073569482,176160
data/raw/defective/blowhole__exp3_num_40438.jpg,defective,blowhole,False,116,290,L,JPEG,120.38941955566406,20.51494789123535,724.6234130859375,e0d3980715a7fb40c56301d2caaa20fd,0.4,33640
data/raw/defective/blowhole__exp3_num_4764.jpg,defective,blowhole,False,121,290,L,JPEG,119.32411193847656,20.610857009887695,678.5767822265625,1d3a2ca5757a86ebd92d0d90170943bb,0.41724137931034483,35090
data/raw/defective/blowhole__exp3_num_4978.jpg,defective,blowhole,False,114,286,L,JPEG,81.71537017822266,14.41163444519043,731.311767578125,77e3a5a8dd1686a4f3f75ccdd77a014d,0.3986013986013986,32604
data/raw/defective/blowhole__exp3_num_51711.jpg,defective,blowhole,False,118,284,L,JPEG,101.88905334472656,22.083040237426758,1099.1922607421875,a68337fb39b83f106e1f52b5cc219ebc,0.4154929577464789,33512
data/raw/defective/blowhole__exp3_num_54291.jpg,defective,blowhole,False,122,274,L,JPEG,119.32759857177734,20.14771270751953,677.835693359375,3263b224e0e6e2f479449e9f8ef66260,0.44525547445255476,33428
data/raw/defective/blowhole__exp3_num_7023.jpg,defective,blowhole,False,477,365,L,JPEG,93.71281433105469,33.639122009277344,556.3839111328125,ab53e5d0205cd576d523f20c382a373a,1.3068493150684932,174105
data/raw/defective/blowhole__exp3_num_853.jpg,defective,blowhole,False,490,360,L,JPEG,96.39265441894531,34.025299072265625,547.918212890625,94242ee6260a17dd064f469611a9dc0f,1.3611111111111112,176400
data/raw/defective/blowhole__exp3_num_9508.jpg,defective,blowhole,False,388,398,L,JPEG,103.37187957763672,40.87614822387695,672.6138916015625,be1b0d0b6fb25846b109c8015169b24b,0.9748743718592965,154424
data/raw/defective/blowhole__exp4_num_108774.jpg,defective,blowhole,False,254,381,L,JPEG,124.38754272460938,35.814579010009766,739.5237426757812,e6da864afaefcf13b53ade51d5d795e4,0.6666666666666666,96774
data/raw/defective/blowhole__exp4_num_262626.jpg,defective,blowhole,False,193,250,L,JPEG,122.12335968017578,26.650482177734375,1471.9898681640625,6f8f50ee0dca0d48ed366f378375c01c,0.772,48250
data/raw/defective/blowhole__exp4_num_265131.jpg,defective,blowhole,False,264,360,L,JPEG,128.88748168945312,32.51085662841797,804.5457153320312,82c3dea3b33d7617b6321aa1d91638ef,0.7333333333333333,95040
data/raw/defective/blowhole__exp4_num_291052.jpg,defective,blowhole,False,298,348,L,JPEG,110.54293823242188,37.156288146972656,1076.232421875,f79284f33cda910b86f50291b321a745,0.8563218390804598,103704
data/raw/defective/blowhole__exp4_num_297524.jpg,defective,blowhole,False,219,272,L,JPEG,119.86064910888672,38.91270446777344,762.565673828125,1e44644bb933e2db468aca349707bfa0,0.8051470588235294,59568
data/raw/defective/blowhole__exp4_num_308078.jpg,defective,blowhole,False,219,273,L,JPEG,94.40239715576172,18.613632202148438,564.10205078125,00ffc63d2222d1b1bab988c72624a0fb,0.8021978021978022,59787
data/raw/defective/blowhole__exp4_num_317540.jpg,defective,blowhole,False,219,266,L,JPEG,107.70774841308594,26.357690811157227,884.4083251953125,b048e6e68647aa4aa88ff463cacbd1bc,0.8233082706766918,58254
data/raw/defective/blowhole__exp4_num_322656.jpg,defective,blowhole,False,214,253,L,JPEG,111.74197387695312,27.129093170166016,970.7844848632812,7fe3de299914c3eda9db7f81464a3152,0.8458498023715415,54142
data/raw/defective/blowhole__exp4_num_328029.jpg,defective,blowhole,False,353,353,L,JPEG,112.2372817993164,31.94044303894043,243.9087677001953,f7422d09398cc230aabb8be04a8a4ef8,1.0,124609
data/raw/defective/blowhole__exp4_num_36258.jpg,defective,blowhole,False,120,287,L,JPEG,106.3343505859375,23.557716369628906,1324.7852783203125,a2a1c45a2b6090260088ed48fec33dc7,0.4181184668989547,34440
data/raw/defective/blowhole__exp4_num_3724.jpg,defective,blowhole,False,476,367,L,JPEG,112.19245147705078,39.49109649658203,157.0797882080078,21e0bf808f991488b7ad09e15a201086,1.2970027247956404,174692
data/raw/defective/blowhole__exp4_num_40450.jpg,defective,blowhole,False,125,287,L,JPEG,137.29212951660156,27.974393844604492,971.7265014648438,0f46dfd714d2ffc321afcc56833ebbc0,0.4355400696864111,35875
data/raw/defective/blowhole__exp4_num_4779.jpg,defective,blowhole,False,122,288,L,JPEG,137.67901611328125,27.629270553588867,911.6138916015625,f09388398b4d1d251cf2367a803415da,0.4236111111111111,35136
data/raw/defective/blowhole__exp4_num_4995.jpg,defective,blowhole,False,120,288,L,JPEG,94.82659149169922,17.64266014099121,1007.65380859375,815f624b4f502bafd56bb3ec0f659e47,0.4166666666666667,34560
data/raw/defective/blowhole__exp4_num_51725.jpg,defective,blowhole,False,123,289,L,JPEG,117.64666748046875,27.16788673400879,1482.11376953125,7d943204628f8f65dbdf60160ddc4300,0.42560553633217996,35547
data/raw/defective/blowhole__exp4_num_54308.jpg,defective,blowhole,False,118,270,L,JPEG,142.5425567626953,23.36041259765625,932.3897094726562,7d957405a2d93e0684a0fe30ee91f504,0.43703703703703706,31860
data/raw/defective/blowhole__exp4_num_7036.jpg,defective,blowhole,False,472,353,L,JPEG,111.0101318359375,38.56742858886719,741.7809448242188,2d5800649df87600799865a3abb4dda5,1.3371104815864023,166616
data/raw/defective/blowhole__exp4_num_9520.jpg,defective,blowhole,False,433,386,L,JPEG,123.64036560058594,43.516422271728516,899.7138671875,1802c1c2b1360b9167c43fa86b6e8ddf,1.121761658031088,167138
data/raw/defective/blowhole__exp5_num_108791.jpg,defective,blowhole,False,254,377,L,JPEG,143.22128295898438,41.16621017456055,893.3577270507812,9c128e23bd4df2f4a9f3554a5b429d9e,0.6737400530503979,95758
data/raw/defective/blowhole__exp5_num_262654.jpg,defective,blowhole,False,182,254,L,JPEG,139.26351928710938,27.913421630859375,1621.38134765625,bb3d273eac1762f637220ef8eee03a59,0.7165354330708661,46228
data/raw/defective/blowhole__exp5_num_265149.jpg,defective,blowhole,False,262,360,L,JPEG,149.35653686523438,37.037200927734375,1035.3643798828125,7f7cb2405f53dca4e07dc835fd5eae51,0.7277777777777777,94320
data/raw/defective/blowhole__exp5_num_291077.jpg,defective,blowhole,False,295,356,L,JPEG,125.15583801269531,42.937843322753906,1320.2137451171875,b9ba1becd89d4e7433182c8915fa8269,0.8286516853932584,105020
data/raw/defective/blowhole__exp5_num_297552.jpg,defective,blowhole,False,221,272,L,JPEG,134.71998596191406,40.4860954284668,901.7682495117188,d6c6c323d810abeb4c71de7e9acc2299,0.8125,60112
data/raw/defective/blowhole__exp5_num_308098.jpg,defective,blowhole,False,220,278,L,JPEG,107.03289794921875,22.325143814086914,762.1781005859375,cd3703aa230708ae3677b78c7030e51a,0.7913669064748201,61160
data/raw/defective/blowhole__exp5_num_317558.jpg,defective,blowhole,False,217,271,L,JPEG,122.42294311523438,29.724956512451172,1142.9825439453125,faf1c4fe2150126e8c8796e0f2d61a06,0.8007380073800738,58807
data/raw/defective/blowhole__exp5_num_322672.jpg,defective,blowhole,False,216,254,L,JPEG,128.57467651367188,32.43946075439453,1212.03662109375,edf4616f146c96944929594c3bfb9a06,0.8503937007874016,54864
data/raw/defective/blowhole__exp5_num_328057.jpg,defective,blowhole,False,354,360,L,JPEG,130.19967651367188,35.61094665527344,313.2112731933594,9826a0feed711843dbcfe5f9ef093db8,0.9833333333333333,127440
data/raw/defective/blowhole__exp5_num_346381.jpg,defective,blowhole,False,510,364,L,JPEG,147.23513793945312,51.32668685913086,347.782958984375,ab691c39f6a161364f2a7b587f165866,1.401098901098901,185640
data/raw/defective/blowhole__exp5_num_36269.jpg,defective,blowhole,False,119,291,L,JPEG,121.20320892333984,27.541725158691406,1712.5955810546875,b713e81397c27a5f1f2c287443d41b7c,0.40893470790378006,34629
data/raw/defective/blowhole__exp5_num_3746.jpg,defective,blowhole,False,478,361,L,JPEG,128.6746063232422,45.128780364990234,202.38172912597656,abe9f2b3781bf46f948a2a3d84d6f99f,1.3240997229916898,172558
data/raw/defective/blowhole__exp5_num_40480.jpg,defective,blowhole,False,116,280,L,JPEG,162.86903381347656,25.91124725341797,1194.774169921875,0a5d03f55af60a3822b9f89ada7423a0,0.4142857142857143,32480
data/raw/defective/blowhole__exp5_num_4801.jpg,defective,blowhole,False,126,288,L,JPEG,156.0522003173828,32.2065315246582,1111.30859375,60e1156e266425b4d4e3b218d561822d,0.4375,36288
data/raw/defective/blowhole__exp5_num_5022.jpg,defective,blowhole,False,120,288,L,JPEG,108.85963439941406,20.38194465637207,1303.8973388671875,62d3c427df402591ad8c39998ae4e06a,0.4166666666666667,34560
data/raw/defective/blowhole__exp5_num_51739.jpg,defective,blowhole,False,121,286,L,JPEG,135.24183654785156,30.457094192504883,1843.7540283203125,3d67c34a883c99a0a2fa7372d453ba25,0.4230769230769231,34606
data/raw/defective/blowhole__exp5_num_54331.jpg,defective,blowhole,False,122,285,L,JPEG,160.40310668945312,30.04560661315918,1159.4669189453125,1f155ee69037aff951790abfeaffc554,0.4280701754385965,34770
data/raw/defective/blowhole__exp5_num_7054.jpg,defective,blowhole,False,482,364,L,JPEG,125.6185073852539,45.668487548828125,921.2255249023438,131347f766e21bdee332cc561e8a0a2b,1.3241758241758241,175448
data/raw/defective/blowhole__exp5_num_9549.jpg,defective,blowhole,False,451,390,L,JPEG,140.48719787597656,49.19292449951172,1076.77197265625,bf3740d7ab6fe697af741c7b2a1d26b0,1.1564102564102565,175890
data/raw/defective/blowhole__exp6_num_108812.jpg,defective,blowhole,False,256,372,L,JPEG,160.98526000976562,45.07323455810547,1007.3665161132812,73f5469a2b827b4c31b54fece3276da2,0.6881720430107527,95232
data/raw/defective/blowhole__exp6_num_262705.jpg,defective,blowhole,False,185,249,L,JPEG,159.27999877929688,30.929054260253906,1868.2620849609375,2fd88f22ef64ffe6862bb3d26b22f6f4,0.7429718875502008,46065
data/raw/defective/blowhole__exp6_num_265182.jpg,defective,blowhole,False,234,364,L,JPEG,171.9666748046875,40.56019973754883,1222.8232421875,8de6ebc75e242f859f163909b1a71521,0.6428571428571429,85176
data/raw/defective/blowhole__exp6_num_291134.jpg,defective,blowhole,False,298,357,L,JPEG,139.22659301757812,48.63242721557617,1442.069580078125,661caf02d4ef85d7bfc7a96189ab5ba4,0.834733893557423,106386
data/raw/defective/blowhole__exp6_num_297601.jpg,defective,blowhole,False,218,271,L,JPEG,153.3658447265625,39.99272537231445,1074.2989501953125,43481cc2cf7ba5ec87d3796d57774222,0.8044280442804428,59078
data/raw/defective/blowhole__exp6_num_308130.jpg,defective,blowhole,False,220,275,L,JPEG,122.2028579711914,24.64057731628418,955.6405639648438,0ed2c76e9027fa3e682a763e4c5c2f27,0.8,60500
data/raw/defective/blowhole__exp6_num_317592.jpg,defective,blowhole,False,225,267,L,JPEG,135.38685607910156,37.78428268432617,1375.2261962890625,d5526741f04a6ca1f38815d5cdcbfc5c,0.8426966292134831,60075
data/raw/defective/blowhole__exp6_num_322697.jpg,defective,blowhole,False,204,241,L,JPEG,151.0747528076172,27.531755447387695,1495.051513671875,4d82db72e9f2bdb5714c9c46397153e1,0.8464730290456431,49164
data/raw/defective/blowhole__exp6_num_328105.jpg,defective,blowhole,False,359,348,L,JPEG,144.39926147460938,42.10907745361328,393.2186279296875,3addf06dbca9389bfa07d4ca047b8af6,1.0316091954022988,124932
data/raw/defective/blowhole__exp6_num_346414.jpg,defective,blowhole,False,494,382,L,JPEG,164.6553192138672,53.57815170288086,366.1136169433594,24f934ffd329b605a529d707451bb92b,1.293193717277487,188708
data/raw/defective/blowhole__exp6_num_36280.jpg,defective,blowhole,False,113,287,L,JPEG,138.06552124023438,29.475290298461914,2086.212646484375,cbd0069c0bba2e950fe79ab37481470d,0.39372822299651566,32431
data/raw/defective/blowhole__exp6_num_3789.jpg,defective,blowhole,False,469,366,L,JPEG,147.24972534179688,50.982025146484375,243.85720825195312,68cb917c4046ede0cff0fb7a15b19945,1.2814207650273224,171654
data/raw/defective/blowhole__exp6_num_40515.jpg,defective,blowhole,False,118,289,L,JPEG,177.65406799316406,30.517675399780273,1313.9918212890625,b396dd5eccc4b4575f4f4ca724decd77,0.4083044982698962,34102
data/raw/defective/blowhole__exp6_num_4841.jpg,defective,blowhole,False,122,288,L,JPEG,179.92733764648438,30.820423126220703,1344.6168212890625,4a6f563d981d506e7fdf15e925602c29,0.4236111111111111,35136
data/raw/defective/blowhole__exp6_num_5106.jpg,defective,blowhole,False,121,283,L,JPEG,120.64929962158203,24.16207504272461,1532.963623046875,adc3bb68ba2f871503f5bc3f15891fc0,0.4275618374558304,34243
data/raw/defective/blowhole__exp6_num_51771.jpg,defective,blowhole,False,119,283,L,JPEG,153.3232421875,32.515625,2262.406982421875,3cfe5c32cab5582ade5a196b5c30a0c7,0.4204946996466431,33677
data/raw/defective/blowhole__exp6_num_54366.jpg,defective,blowhole,False,125,276,L,JPEG,180.26524353027344,35.36637878417969,1407.601318359375,1d8a01293d41d92e7a54d294be1c621e,0.4528985507246377,34500
data/raw/defective/blowhole__exp6_num_7102.jpg,defective,blowhole,False,479,372,L,JPEG,142.281494140625,51.27924346923828,1063.1197509765625,803bc3114a5d9a0ad41e30f202d068c7,1.2876344086021505,178188
data/raw/defective/blowhole__exp6_num_9594.jpg,defective,blowhole,False,301,364,L,JPEG,165.40353393554688,50.905460357666016,1139.7142333984375,12cfa81779588c2cf034162265ab410e,0.8269230769230769,109564
data/raw/defective/break__exp1_num_116934.jpg,defective,break,False,592,247,L,JPEG,62.444374084472656,16.188005447387695,110.68069458007812,ab4c6a12048f5abe23d3c5cefa41c399,2.396761133603239,146224
data/raw/defective/break__exp1_num_194173.jpg,defective,break,False,189,320,L,JPEG,92.91000366210938,19.04916000366211,501.6307678222656,2b148cea440c7b8fc75233f997978f60,0.590625,60480
data/raw/defective/break__exp1_num_241889.jpg,defective,break,False,189,268,L,JPEG,57.910762786865234,12.935823440551758,231.3948211669922,c61c8f3b51eca75b547f39d77ff0ea70,0.7052238805970149,50652
data/raw/defective/break__exp1_num_26106.jpg,defective,break,False,513,309,L,JPEG,64.9499282836914,18.348114013671875,114.29629516601562,c3f1a10d5b93fbcec98e239a9d3b015a,1.6601941747572815,158517
data/raw/defective/break__exp1_num_271361.jpg,defective,break,False,217,281,L,JPEG,65.44902038574219,17.955657958984375,303.4361267089844,23a14a6ac76f57cbdd4f47c6fd31d901,0.7722419928825622,60977
data/raw/defective/break__exp1_num_284482.jpg,defective,break,False,253,367,L,JPEG,57.714027404785156,18.390777587890625,197.10499572753906,1c55d68c5618242db35af333f1d68b6e,0.6893732970027248,92851
data/raw/defective/break__exp1_num_304290.jpg,defective,break,False,208,261,L,JPEG,73.1273422241211,15.283913612365723,401.00225830078125,4ee3fe86135daa96c42438e20c70101d,0.7969348659003831,54288
data/raw/defective/break__exp1_num_320649.jpg,defective,break,False,191,262,L,JPEG,71.13990020751953,14.001730918884277,291.9607238769531,50f3954c1e43c2d32d4aa2c9e7731033,0.7290076335877863,50042
data/raw/defective/break__exp1_num_348629.jpg,defective,break,False,512,373,L,JPEG,70.54754638671875,26.304210662841797,104.0093002319336,ecdc3f37f0494b142a977801e0d8cae9,1.3726541554959786,190976
data/raw/defective/break__exp1_num_356718.jpg,defective,break,False,504,376,L,JPEG,68.07891082763672,23.628341674804688,139.11404418945312,f8afd7128c54168b89e1e0d14274b4bc,1.3404255319148937,189504
data/raw/defective/break__exp1_num_62553.jpg,defective,break,False,115,287,L,JPEG,63.88592529296875,15.689215660095215,251.0465545654297,735bbbfd5582c4ddee0d226549e386e8,0.40069686411149824,33005
data/raw/defective/break__exp1_num_98080.jpg,defective,break,False,586,266,L,JPEG,61.89992141723633,14.597246170043945,146.71043395996094,423b8391cbe49e1f15a20a8f7db57b4b,2.2030075187969924,155876
data/raw/defective/break__exp2_num_105807.jpg,defective,break,False,610,286,L,JPEG,82.74097442626953,30.08005714416504,290.2467956542969,4f9a95c23ba1a832df844db9340253a3,2.132867132867133,174460
data/raw/defective/break__exp2_num_116961.jpg,defective,break,False,608,256,L,JPEG,77.919921875,21.245502471923828,196.51918029785156,97fc3345898c504e20b4553fc437056e,2.375,155648
data/raw/defective/break__exp2_num_194202.jpg,defective,break,False,188,326,L,JPEG,117.56680297851562,24.50877571105957,817.8522338867188,72dee8af286d52ca6807607895e44235,0.5766871165644172,61288
data/raw/defective/break__exp2_num_241913.jpg,defective,break,False,191,272,L,JPEG,73.64608001708984,16.729793548583984,392.46051025390625,14028ca472d7af9a46f5285510cbb1fe,0.7022058823529411,51952
data/raw/defective/break__exp2_num_26130.jpg,defective,break,False,509,313,L,JPEG,82.32574462890625,23.043636322021484,177.3636932373047,651463df86203cfa0416aafec924f2b2,1.6261980830670926,159317
data/raw/defective/break__exp2_num_271384.jpg,defective,break,False,215,283,L,JPEG,84.04856872558594,21.579919815063477,495.984619140625,0f53bdf17ed9fe854a5998503c847fd9,0.7597173144876325,60845
data/raw/defective/break__exp2_num_276373.jpg,defective,break,False,230,384,L,JPEG,96.44647979736328,30.29714012145996,478.9268493652344,c3f18c8fd43ee508bd549b4559ad95cf,0.5989583333333334,88320
data/raw/defective/break__exp2_num_284506.jpg,defective,break,False,253,357,L,JPEG,73.38970184326172,22.56867027282715,320.2236328125,0f368e9742e108dc5d0838c42ffba63a,0.7086834733893558,90321
data/raw/defective/break__exp2_num_304305.jpg,defective,break,False,206,262,L,JPEG,93.08078002929688,19.02813720703125,656.9857177734375,b1efce7c2919bd8538d1f894454e67c4,0.7862595419847328,53972
data/raw/defective/break__exp2_num_320673.jpg,defective,break,False,190,268,L,JPEG,90.86358642578125,18.007564544677734,512.1073608398438,a6b1f7efcf5bb70d91d228b8be852353,0.7089552238805971,50920
data/raw/defective/break__exp2_num_348648.jpg,defective,break,False,497,374,L,JPEG,90.1123046875,32.387939453125,162.78016662597656,01c9e3a84bbcd62d7eab3cdd4008ac33,1.3288770053475936,185878
data/raw/defective/break__exp2_num_356745.jpg,defective,break,False,504,378,L,JPEG,85.48880004882812,29.971189498901367,220.5275421142578,51e3260f6a911946a3380f7b56f04159,1.3333333333333333,190512
data/raw/defective/break__exp2_num_62577.jpg,defective,break,False,123,284,L,JPEG,78.95382690429688,21.120567321777344,408.7611083984375,3cb184059a915a80b3eff911fdf67d25,0.43309859154929575,34932
data/raw/defective/break__exp2_num_98102.jpg,defective,break,False,452,290,L,JPEG,78.5980453491211,21.550811767578125,274.5617370605469,11bbbe3b135c484cf60d46f60e9a04f6,1.5586206896551724,131080
data/raw/defective/break__exp3_num_105826.jpg,defective,break,False,616,252,L,JPEG,106.80526733398438,32.02079772949219,408.55938720703125,20000e4cbba7cd675abdb10f141c5671,2.4444444444444446,155232
data/raw/defective/break__exp3_num_116981.jpg,defective,break,False,606,264,L,JPEG,94.78509521484375,26.237119674682617,287.0251770019531,3c0ccb35cb2ff3f7daffd2253a9c5091,2.2954545454545454,159984
data/raw/defective/break__exp3_num_148977.jpg,defective,break,False,632,312,L,JPEG,90.68974304199219,38.74055862426758,307.1533508300781,e01e6a5311b5430e5a61643f1da201cc,2.0256410256410255,197184
data/raw/defective/break__exp3_num_194220.jpg,defective,break,False,194,326,L,JPEG,141.30015563964844,31.48120880126953,1160.427490234375,80bf05fa97edeb4b3ba94a49883b8488,0.5950920245398773,63244
data/raw/defective/break__exp3_num_241926.jpg,defective,break,False,197,280,L,JPEG,87.78932189941406,21.965551376342773,570.3530883789062,e196c14b471aa8703ed286a8f59c1f4f,0.7035714285714286,55160
data/raw/defective/break__exp3_num_26146.jpg,defective,break,False,532,312,L,JPEG,96.86543273925781,29.596853256225586,254.96083068847656,d625583f24f59e1ffc7e5b1cb64291df,1.705128205128205,165984
data/raw/defective/break__exp3_num_271400.jpg,defective,break,False,220,274,L,JPEG,101.31016540527344,26.534868240356445,706.4478149414062,5cc2093f1370ad7f746ea1686929949e,0.8029197080291971,60280
data/raw/defective/break__exp3_num_276387.jpg,defective,break,False,272,386,L,JPEG,110.48592376708984,40.31557083129883,712.9815673828125,8edab6e3c6edf906e83a9410941a630b,0.7046632124352331,104992
data/raw/defective/break__exp3_num_284520.jpg,defective,break,False,255,368,L,JPEG,87.02873229980469,27.996288299560547,466.53887939453125,5d1e7a7660587fd55cd74c696010cd8a,0.6929347826086957,93840
data/raw/defective/break__exp3_num_304317.jpg,defective,break,False,219,252,L,JPEG,109.13093566894531,29.35131072998047,897.5921630859375,3938b8e07783bfc3f83cdc6362cc8ab0,0.8690476190476191,55188
data/raw/defective/break__exp3_num_320689.jpg,defective,break,False,202,265,L,JPEG,107.1128158569336,25.293636322021484,804.254150390625,557b208207c8986d7b24c898e051c1f9,0.7622641509433963,53530
data/raw/defective/break__exp3_num_348661.jpg,defective,break,False,509,384,L,JPEG,107.88690948486328,40.02518844604492,242.95684814453125,071c14940253bda440bfdc8839356fd2,1.3255208333333333,195456
data/raw/defective/break__exp3_num_356756.jpg,defective,break,False,503,382,L,JPEG,103.73434448242188,36.444976806640625,304.0814208984375,d41e67ac317542cfb3a2b5ee2454e43f,1.3167539267015707,192146
data/raw/defective/break__exp3_num_62592.jpg,defective,break,False,123,280,L,JPEG,95.4239273071289,25.089847564697266,589.0966186523438,6a39d9745a39d96845611aef0e775a67,0.4392857142857143,34440
data/raw/defective/break__exp3_num_77583.jpg,defective,break,False,602,232,L,JPEG,117.07523345947266,33.76802062988281,423.9335632324219,e584112ed2951922589b1e4e2385b10d,2.5948275862068964,139664
data/raw/defective/break__exp3_num_98116.jpg,defective,break,False,450,304,L,JPEG,92.40433502197266,31.59981918334961,386.6021728515625,18abe9a004f9699ca83fd2b96ba22ad6,1.480263157894737,136800
data/raw/defective/break__exp4_num_105851.jpg,defective,break,False,618,278,L,JPEG,119.47113800048828,41.70964813232422,513.7720336914062,cc8e42b44198252df5061912a6aa5cf0,2.223021582733813,171804
data/raw/defective/break__exp4_num_116999.jpg,defective,break,False,606,269,L,JPEG,109.63607788085938,31.314983367919922,386.63336181640625,5dd9655c1e9d966f2d7061edc38a1312,2.2527881040892193,163014
data/raw/defective/break__exp4_num_194236.jpg,defective,break,False,189,321,L,JPEG,168.3678741455078,33.40664291381836,1441.03369140625,1fb6dbb05f5c0384d3143630325b457c,0.5887850467289719,60669
data/raw/defective/break__exp4_num_241939.jpg,defective,break,False,203,273,L,JPEG,102.45762634277344,25.592729568481445,771.11962890625,a8ef951926f6eba3af2a303fa4a62fcc,0.7435897435897436,55419
data/raw/defective/break__exp4_num_26163.jpg,defective,break,False,532,315,L,JPEG,114.49272918701172,34.895687103271484,348.4136047363281,a9d8fb08f83a6043fc75079488d66652,1.6888888888888889,167580
data/raw/defective/break__exp4_num_271416.jpg,defective,break,False,218,280,L,JPEG,118.48980712890625,32.69170379638672,962.1362915039062,99186a9864197920a91fdba95bfaf041,0.7785714285714286,61040
data/raw/defective/break__exp4_num_276401.jpg,defective,break,False,224,392,L,JPEG,137.86839294433594,43.3764762878418,920.0101928710938,730c356cc3127fb2fd166ee23bad2328,0.5714285714285714,87808
data/raw/defective/break__exp4_num_284532.jpg,defective,break,False,247,362,L,JPEG,103.55860137939453,32.31107711791992,638.7213745117188,11671e18f7068f9c37bf7eaed9f262e0,0.6823204419889503,89414
data/raw/defective/break__exp4_num_304328.jpg,defective,break,False,202,245,L,JPEG,133.92970275878906,26.029346466064453,1212.178955078125,3091f9154aa263c759230529ddc9208a,0.8244897959183674,49490
data/raw/defective/break__exp4_num_320705.jpg,defective,break,False,198,257,L,JPEG,127.40476989746094,26.763065338134766,909.5215454101562,24ec2912ec3e965a7d2e6250d4fe914f,0.7704280155642024,50886
data/raw/defective/break__exp4_num_348673.jpg,defective,break,False,516,378,L,JPEG,126.27888488769531,47.36833953857422,299.9967956542969,34c66b506d06476485cd5c6d83357ee6,1.3650793650793651,195048
data/raw/defective/break__exp4_num_356767.jpg,defective,break,False,510,384,L,JPEG,119.9938735961914,43.13036346435547,378.3421630859375,c00f09f8c745d64b118e12696f5543bd,1.328125,195840
data/raw/defective/break__exp4_num_62606.jpg,defective,break,False,120,282,L,JPEG,113.05469512939453,30.464067459106445,832.3123168945312,f3be61db34cdf30edd76ec6056c8d1a4,0.425531914893617,33840
data/raw/defective/break__exp4_num_98305.jpg,defective,break,False,296,277,L,JPEG,114.68048095703125,31.68254280090332,466.3901062011719,36b1153fcf783971ffd034d5cddfd224,1.068592057761733,81992
data/raw/defective/break__exp5_num_105879.jpg,defective,break,False,611,247,L,JPEG,143.77886962890625,41.0936164855957,595.9349975585938,6512266f561ad36b39d873be5768f725,2.473684210526316,150917
data/raw/defective/break__exp5_num_149023.jpg,defective,break,False,615,267,L,JPEG,136.82537841796875,39.96282196044922,581.15966796875,259b9007da52fa58724f29a4b3a403be,2.303370786516854,164205
data/raw/defective/break__exp5_num_194256.jpg,defective,break,False,181,329,L,JPEG,190.2823486328125,40.232643127441406,1588.406005859375,4912e06bbbaa1b6b96fba80e64f6acd3,0.5501519756838906,59549
data/raw/defective/break__exp5_num_242089.jpg,defective,break,False,200,276,L,JPEG,119.3579330444336,27.35291290283203,1054.498291015625,8625a6419c5a23ec9bc325f49f9269ad,0.7246376811594203,55200
data/raw/defective/break__exp5_num_26212.jpg,defective,break,False,498,323,L,JPEG,133.34091186523438,37.316890716552734,366.3889465332031,01411a5e6c550249dc517c21b4bdcd80,1.541795665634675,160854
data/raw/defective/break__exp5_num_271434.jpg,defective,break,False,221,278,L,JPEG,135.44680786132812,36.11152648925781,1207.4215087890625,63616e68048f1dba410c21dbfbdc8af1,0.7949640287769785,61438
data/raw/defective/break__exp5_num_276416.jpg,defective,break,False,253,385,L,JPEG,152.3337860107422,50.1065673828125,1112.4814453125,8aed1856d8ba7ac85540b4109f79ea44,0.6571428571428571,97405
data/raw/defective/break__exp5_num_284552.jpg,defective,break,False,257,368,L,JPEG,118.48800659179688,38.47327423095703,845.7608642578125,2992dd78045eae090150fdacd879757a,0.6983695652173914,94576
data/raw/defective/break__exp5_num_304345.jpg,defective,break,False,212,263,L,JPEG,149.15411376953125,36.13153839111328,1377.44873046875,b588e5f95fed0e58fd85226fb684fd42,0.8060836501901141,55756
data/raw/defective/break__exp5_num_320724.jpg,defective,break,False,201,270,L,JPEG,143.91976928710938,33.11698913574219,1181.1083984375,01fc3a9f6bf3cea8095d6ccaa9b23809,0.7444444444444445,54270
data/raw/defective/break__exp5_num_348696.jpg,defective,break,False,509,381,L,JPEG,144.89573669433594,52.33291244506836,333.0747375488281,c3111aad1143c30aa68fbd90a638ceec,1.3359580052493438,193929
data/raw/defective/break__exp5_num_356780.jpg,defective,break,False,512,383,L,JPEG,137.73397827148438,48.433841705322266,431.0287780761719,932f8fa255daf25cef6b477cbee60580,1.3368146214099217,196096
data/raw/defective/break__exp5_num_62619.jpg,defective,break,False,122,285,L,JPEG,130.1904296875,33.62529754638672,1086.6492919921875,a4184b90c2839970d6fc9352da92b543,0.4280701754385965,34770
data/raw/defective/break__exp5_num_98336.jpg,defective,break,False,421,296,L,JPEG,126.70135498046875,43.820735931396484,691.8743286132812,c7d422e35ba760ede5671a351812523e,1.4222972972972974,124616
data/raw/defective/break__exp6_num_105927.jpg,defective,break,False,611,252,L,JPEG,161.1964874267578,46.34537887573242,631.4859008789062,8191bae2d34c00bee40383c108e4f940,2.4246031746031744,153972
data/raw/defective/break__exp6_num_117060.jpg,defective,break,False,610,270,L,JPEG,141.02835083007812,40.72982406616211,595.84375,6fe06ba98cb523a0a5f1b94bb5178be9,2.259259259259259,164700
data/raw/defective/break__exp6_num_149097.jpg,defective,break,False,582,265,L,JPEG,159.16551208496094,39.735679626464844,682.6596069335938,c483e5c8f6424e4a07d5bbae5bd6e0a5,2.1962264150943396,154230
data/raw/defective/break__exp6_num_194304.jpg,defective,break,False,190,335,L,JPEG,207.47547912597656,45.358375549316406,1308.77001953125,244dff14648b197223203564b8c3b6fe,0.5671641791044776,63650
data/raw/defective/break__exp6_num_242123.jpg,defective,break,False,198,276,L,JPEG,134.56497192382812,31.578983306884766,1253.9903564453125,568b84719d25727b6475b795ea8b9084,0.717391304347826,54648
data/raw/defective/break__exp6_num_26244.jpg,defective,break,False,500,315,L,JPEG,150.1790008544922,41.34344482421875,391.5472106933594,a00972dabb8c27ac2c5565d9ded83d9a,1.5873015873015872,157500
data/raw/defective/break__exp6_num_271512.jpg,defective,break,False,211,290,L,JPEG,155.32498168945312,38.408714294433594,1545.8394775390625,145689545c5ab5fb94cdde0d2e92382b,0.7275862068965517,61190
data/raw/defective/break__exp6_num_276451.jpg,defective,break,False,260,388,L,JPEG,170.2700958251953,55.300540924072266,1225.2626953125,e41e2f0aed2b1410c5264f34218a2607,0.6701030927835051,100880
data/raw/defective/break__exp6_num_284593.jpg,defective,break,False,263,369,L,JPEG,129.89186096191406,45.553253173828125,1028.3905029296875,daf0557fcd7f5efb244d24e00ce37377,0.7127371273712737,97047
data/raw/defective/break__exp6_num_304361.jpg,defective,break,False,207,262,L,JPEG,169.184326171875,36.64573669433594,1614.7919921875,7b1a6477a232e4131f14124417a6319c,0.7900763358778626,54234
data/raw/defective/break__exp6_num_320759.jpg,defective,break,False,185,252,L,JPEG,164.5139617919922,32.16679000854492,1204.430908203125,15300fe896a4577dd3fdc77831043bc2,0.7341269841269841,46620
data/raw/defective/break__exp6_num_348888.jpg,defective,break,False,488,380,L,JPEG,161.8736572265625,53.359031677246094,334.2789611816406,b8a68c88ff9a68bbb33188d30ce5ad6d,1.2842105263157895,185440
data/raw/defective/break__exp6_num_356817.jpg,defective,break,False,513,381,L,JPEG,153.39573669433594,52.204803466796875,460.8984680175781,141387e816882cb601a29e296e0eea62,1.3464566929133859,195453
data/raw/defective/break__exp6_num_62649.jpg,defective,break,False,115,291,L,JPEG,145.21592712402344,38.55671310424805,1350.5472412109375,17038c0ddde6292e1c47ba43804dbba3,0.3951890034364261,33465
data/raw/defective/break__exp6_num_98402.jpg,defective,break,False,278,297,L,JPEG,139.94131469726562,49.29558181762695,704.3671875,ffaccad3a0e88a0c60ceb5321ab8d72d,0.936026936026936,82566
data/raw/defective/crack__exp1_num_249594.jpg,defective,crack,False,219,264,L,JPEG,69.02113342285156,17.99251937866211,378.8867492675781,bcc1ac8c3ed823ced43b14a62690c02e,0.8295454545454546,57816
data/raw/defective/crack__exp1_num_265613.jpg,defective,crack,False,253,381,L,JPEG,70.0714340209961,19.953908920288086,257.9851989746094,9565c47a5d097ef0afc13e46ec985644,0.6640419947506562,96393
data/raw/defective/crack__exp1_num_276355.jpg,defective,crack,False,236,389,L,JPEG,76.90919494628906,23.134336471557617,313.9735107421875,010f99268e2e519b99318d7108716895,0.6066838046272494,91804
data/raw/defective/crack__exp1_num_3191.jpg,defective,crack,False,469,370,L,JPEG,68.73957824707031,25.417688369750977,288.1658020019531,c5e038babc2ec09cbdb737dd157de388,1.2675675675675675,173530
data/raw/defective/crack__exp1_num_32128.jpg,defective,crack,False,122,285,L,JPEG,68.53900146484375,11.43344497680664,237.72174072265625,e496b69e43792762ae3114eabbe2455a,0.4280701754385965,34770
data/raw/defective/crack__exp1_num_339819.jpg,defective,crack,False,390,371,L,JPEG,54.803768157958984,19.86504554748535,301.4528503417969,ab93f86dead4014b553b314eb22b30d7,1.0512129380053907,144690
data/raw/defective/crack__exp1_num_342140.jpg,defective,crack,False,421,372,L,JPEG,71.04293060302734,23.907848358154297,347.6536560058594,26d72b45fe7e72385b331d2dec65bf88,1.131720430107527,156612
data/raw/defective/crack__exp1_num_85781.jpg,defective,crack,False,606,242,L,JPEG,55.52155303955078,16.10030746459961,154.45289611816406,684c2e7998f2086c946ca19839b75239,2.5041322314049586,146652
data/raw/defective/crack__exp1_num_86828.jpg,defective,crack,False,599,243,L,JPEG,56.40610122680664,15.56180477142334,153.9642333984375,632cafe86e280d99ae3b1f2fd150a08d,2.4650205761316872,145557
data/raw/defective/crack__exp2_num_116527.jpg,defective,crack,False,291,353,L,JPEG,74.34833526611328,24.800762176513672,491.4742431640625,3ac65180d55ae77a540e266b76238d14,0.8243626062322946,102723
data/raw/defective/crack__exp2_num_249619.jpg,defective,crack,False,221,264,L,JPEG,87.50637817382812,23.042354583740234,612.0399169921875,586c279a1b3783197d7db640ca9e1ec1,0.8371212121212122,58344
data/raw/defective/crack__exp2_num_265639.jpg,defective,crack,False,260,383,L,JPEG,88.4673843383789,27.011106491088867,429.9739990234375,00e5141e84262dfa38169214cad80613,0.6788511749347258,99580
data/raw/defective/crack__exp2_num_3211.jpg,defective,crack,False,470,369,L,JPEG,86.06868743896484,32.85361099243164,466.9960632324219,a2ef5a89c6b47fd1dfaadf746edd6df0,1.2737127371273713,173430
data/raw/defective/crack__exp2_num_32153.jpg,defective,crack,False,119,279,L,JPEG,87.84798431396484,13.335336685180664,397.6852111816406,9a12e84b8c6259f71c6b8200936c92d1,0.4265232974910394,33201
data/raw/defective/crack__exp2_num_339841.jpg,defective,crack,False,360,380,L,JPEG,69.3022232055664,26.621164321899414,509.9798278808594,42440b18be3771147df517ca23e0255c,0.9473684210526315,136800
data/raw/defective/crack__exp2_num_342162.jpg,defective,crack,False,435,372,L,JPEG,89.24435424804688,31.061243057250977,553.678466796875,723f163cb954d8427d1703bfe2677ede,1.1693548387096775,161820
data/raw/defective/crack__exp2_num_85846.jpg,defective,crack,False,593,244,L,JPEG,71.54556274414062,19.706729888916016,259.34405517578125,1c9936b5afd355e16efbf27f27429a5c,2.430327868852459,144692
data/raw/defective/crack__exp2_num_86854.jpg,defective,crack,False,593,244,L,JPEG,71.26111602783203,19.92340850830078,261.45562744140625,106c5ed91ddbaf83bff1ea352ec996da,2.430327868852459,144692
data/raw/defective/crack__exp3_num_116541.jpg,defective,crack,False,299,363,L,JPEG,87.63701629638672,32.05771255493164,741.9771118164062,89cb47c3e9f185537ab75b9d0b8913f9,0.8236914600550964,108537
data/raw/defective/crack__exp3_num_249637.jpg,defective,crack,False,233,288,L,JPEG,98.59339141845703,34.83546447753906,890.2310791015625,216baf0072d446e92fd959b45bc374d8,0.8090277777777778,67104
data/raw/defective/crack__exp3_num_265659.jpg,defective,crack,False,199,399,L,JPEG,113.26347351074219,29.40609359741211,601.07958984375,4b54ac0a6a0d9a3c34dcc89fddced62f,0.49874686716791977,79401
data/raw/defective/crack__exp3_num_32171.jpg,defective,crack,False,120,276,L,JPEG,105.80839538574219,16.507587432861328,568.9775390625,b6dcee500cfd129d764227394a925ed2,0.43478260869565216,33120
data/raw/defective/crack__exp3_num_3223.jpg,defective,crack,False,456,377,L,JPEG,105.9395980834961,37.469207763671875,677.605224609375,2ff177639457eb89c9af2ef1df4466f4,1.209549071618037,171912
data/raw/defective/crack__exp3_num_339854.jpg,defective,crack,False,404,377,L,JPEG,83.75758361816406,30.09625816345215,692.6710205078125,c369465141d5b9a47fd0277dfcbd3d9e,1.0716180371352786,152308
data/raw/defective/crack__exp3_num_342176.jpg,defective,crack,False,428,392,L,JPEG,105.2615966796875,40.18092727661133,799.5667724609375,6ad3107c513ea3c6f4e1f871b0ff57ae,1.0918367346938775,167776
data/raw/defective/crack__exp3_num_85897.jpg,defective,crack,False,606,245,L,JPEG,85.82653045654297,24.66133689880371,384.4934997558594,7576b0e210955d5f243a5e941b92c6c0,2.473469387755102,148470
data/raw/defective/crack__exp3_num_86892.jpg,defective,crack,False,606,245,L,JPEG,85.49520111083984,24.771203994750977,383.9408874511719,52ab56f060116f1967feda57e24b550f,2.473469387755102,148470
data/raw/defective/crack__exp4_num_116553.jpg,defective,crack,False,298,358,L,JPEG,104.3402099609375,36.9025764465332,976.3679809570312,80e27460bc53dcd2709bbb4ffbb19e50,0.8324022346368715,106684
data/raw/defective/crack__exp4_num_249762.jpg,defective,crack,False,219,274,L,JPEG,123.04176330566406,29.770763397216797,1179.1328125,a9e7b7641ba5d55315da1945a3eeb97e,0.7992700729927007,60006
data/raw/defective/crack__exp4_num_265677.jpg,defective,crack,False,256,393,L,JPEG,125.04887390136719,39.10280990600586,872.7201538085938,6acb87408d36804508e74da40dccf523,0.6513994910941476,100608
data/raw/defective/crack__exp4_num_32185.jpg,defective,crack,False,123,274,L,JPEG,121.8016128540039,21.483470916748047,770.859130859375,1b099978d29010c297248294c6012a59,0.4489051094890511,33702
data/raw/defective/crack__exp4_num_3234.jpg,defective,crack,False,321,381,L,JPEG,128.010986328125,44.155189514160156,803.5112915039062,71adffa04097ba6d8f737f2d91f589d7,0.84251968503937,122301
data/raw/defective/crack__exp4_num_339867.jpg,defective,crack,False,359,365,L,JPEG,98.5302963256836,35.11677169799805,942.1210327148438,a9dd056d4928b111fd1aeaab92bf6c3f,0.9835616438356164,131035
data/raw/defective/crack__exp4_num_342190.jpg,defective,crack,False,342,374,L,JPEG,138.1697998046875,34.76443099975586,1214.790283203125,61536c3ae932f4864ef991db9a1b8c4d,0.9144385026737968,127908
data/raw/defective/crack__exp4_num_85602.jpg,defective,crack,False,596,260,L,JPEG,99.08480072021484,30.6698055267334,560.1671142578125,e20016f74a46ade314b28222b5b3e4f9,2.292307692307692,154960
data/raw/defective/crack__exp4_num_85998.jpg,defective,crack,False,596,260,L,JPEG,98.18254089355469,30.888071060180664,553.4108276367188,287284f8cd22b13871a8a9e32ffad171,2.292307692307692,154960
data/raw/defective/crack__exp4_num_88149.jpg,defective,crack,False,596,260,L,JPEG,99.81133270263672,29.939041137695312,577.6315307617188,7a9122fea64329152b45dad7873cd717,2.292307692307692,154960
data/raw/defective/crack__exp5_num_116575.jpg,defective,crack,False,292,349,L,JPEG,122.48918914794922,39.94102096557617,1266.5828857421875,e43ace0d8ab86f2b55cf4a2b74ce114a,0.836676217765043,101908
data/raw/defective/crack__exp5_num_249786.jpg,defective,crack,False,220,270,L,JPEG,139.39044189453125,33.63999557495117,1385.702880859375,7f594d83520885815794518ac57d6549,0.8148148148148148,59400
data/raw/defective/crack__exp5_num_265695.jpg,defective,crack,False,203,386,L,JPEG,155.17098999023438,35.719566345214844,945.6842651367188,7817523ecf5069d2343322f1626ba5ef,0.5259067357512953,78358
data/raw/defective/crack__exp5_num_32201.jpg,defective,crack,False,121,287,L,JPEG,140.42721557617188,23.136648178100586,999.2001342773438,54567ba8ccef09de76468a67bce0458b,0.42160278745644597,34727
data/raw/defective/crack__exp5_num_3247.jpg,defective,crack,False,375,376,L,JPEG,145.01052856445312,51.34934997558594,1035.630615234375,473556134e9bab321a49aa0cfdb7dae1,0.9973404255319149,141000
data/raw/defective/crack__exp5_num_339932.jpg,defective,crack,False,447,369,L,JPEG,111.32364654541016,39.980796813964844,1102.30322265625,859e6f004ff5e4da77cf861f9b4b1317,1.2113821138211383,164943
data/raw/defective/crack__exp5_num_342212.jpg,defective,crack,False,392,377,L,JPEG,145.3719482421875,51.024314880371094,1270.418701171875,add93e8459318cfedbb09ed2d39448ff,1.039787798408488,147784
data/raw/defective/crack__exp5_num_85642.jpg,defective,crack,False,599,244,L,JPEG,116.7761001586914,32.533512115478516,682.4791870117188,eb9981a1683215c3b847a18f0c745e8a,2.4549180327868854,146156
data/raw/defective/crack__exp5_num_86031.jpg,defective,crack,False,599,244,L,JPEG,116.59954833984375,32.36964416503906,680.3853759765625,f763a82c900c467672ef0184cc0045ab,2.4549180327868854,146156
data/raw/defective/crack__exp5_num_88170.jpg,defective,crack,False,599,244,L,JPEG,116.8916244506836,31.933086395263672,712.3538818359375,925ae035e25970ae3e9b8601635405e8,2.4549180327868854,146156
data/raw/defective/crack__exp6_num_116623.jpg,defective,crack,False,286,345,L,JPEG,138.9281005859375,44.912193298339844,1462.4749755859375,d04ff00e03828c0b8180be6f1323f27f,0.8289855072463768,98670
data/raw/defective/crack__exp6_num_249821.jpg,defective,crack,False,201,274,L,JPEG,160.6170654296875,32.18449783325195,1774.29052734375,f5183e71ef8dd65861c5cf4df22f2662,0.7335766423357665,55074
data/raw/defective/crack__exp6_num_265737.jpg,defective,crack,False,236,386,L,JPEG,166.22222900390625,46.14373779296875,1114.643310546875,7c4e7e808bbef8981fbfd23148a8ba66,0.6113989637305699,91096
data/raw/defective/crack__exp6_num_32235.jpg,defective,crack,False,128,288,L,JPEG,153.68438720703125,37.67729187011719,1205.4710693359375,7414f28281d5d39371c209e6d250c80c,0.4444444444444444,36864
data/raw/defective/crack__exp6_num_3279.jpg,defective,crack,False,428,380,L,JPEG,165.2445831298828,53.30365753173828,1146.8526611328125,695dfb00b3b0be314dab401891bb340e,1.1263157894736842,162640
data/raw/defective/crack__exp6_num_339965.jpg,defective,crack,False,358,399,L,JPEG,130.9290771484375,47.14791488647461,1532.6436767578125,cfd799fb245a9911617c80e384f9bad7,0.8972431077694235,142842
data/raw/defective/crack__exp6_num_342249.jpg,defective,crack,False,355,403,L,JPEG,168.07876586914062,52.84115219116211,1503.2506103515625,820ccb31944645707d926b34a3ab0509,0.8808933002481389,143065
data/raw/defective/crack__exp6_num_85665.jpg,defective,crack,False,594,242,L,JPEG,130.70111083984375,35.96530532836914,851.5816650390625,81960c23288c32510f0681fe08bf9f97,2.4545454545454546,143748
data/raw/defective/crack__exp6_num_86064.jpg,defective,crack,False,594,242,L,JPEG,131.32122802734375,35.83143615722656,855.4920043945312,79313ce6edb9be57b9c0114d91adf41c,2.4545454545454546,143748
data/raw/defective/crack__exp6_num_88201.jpg,defective,crack,False,594,242,L,JPEG,130.02513122558594,35.808631896972656,875.1223754882812,9fa341da3a4965ebebbb2b8c44637722,2.4545454545454546,143748
data/raw/defective/fray__exp0_num_797.jpg,defective,fray,False,488,354,L,JPEG,62.849430084228516,21.67172622680664,225.81117248535156,1863e05b19e740939f7788db0bd85035,1.3785310734463276,172752
data/raw/defective/fray__exp1_num_135544.jpg,defective,fray,False,602,240,L,JPEG,64.57950592041016,18.224199295043945,211.11282348632812,0bd675dcccc49acb49fc0ef82f16ae85,2.5083333333333333,144480
data/raw/defective/fray__exp1_num_136254.jpg,defective,fray,False,568,233,L,JPEG,49.46527862548828,11.976201057434082,84.67707061767578,262a01be24e9d18f3a4660e9e2893dea,2.4377682403433476,132344
data/raw/defective/fray__exp1_num_20362.jpg,defective,fray,False,502,308,L,JPEG,58.20209884643555,21.01563835144043,108.18827819824219,eae3c9b34a4243a2f4b041a09ec7a035,1.62987012987013,154616
data/raw/defective/fray__exp1_num_258511.jpg,defective,fray,False,232,325,L,JPEG,59.43277359008789,15.500207901000977,156.71463012695312,5b048e065affa066fe54c5499f27a342,0.7138461538461538,75400
data/raw/defective/fray__exp1_num_331149.jpg,defective,fray,False,369,372,L,JPEG,70.23564910888672,22.78414535522461,70.6608657836914,16d0c9832c86d3eae4097f808a29445e,0.9919354838709677,137268
data/raw/defective/fray__exp1_num_77531.jpg,defective,fray,False,601,232,L,JPEG,75.47628784179688,21.853927612304688,202.72108459472656,833aa47f9f8d82c60c50baa312cb2ac9,2.5905172413793105,139432
data/raw/defective/fray__exp2_num_135572.jpg,defective,fray,False,598,247,L,JPEG,81.68394470214844,23.019208908081055,351.148193359375,fb7883b21d1f1bd12dddddc78bd9540d,2.4210526315789473,147706
data/raw/defective/fray__exp2_num_136286.jpg,defective,fray,False,584,231,L,JPEG,61.876014709472656,15.48994255065918,138.22935485839844,86798c48dd681ae40a5d4548876cc25e,2.5281385281385282,134904
data/raw/defective/fray__exp2_num_20390.jpg,defective,fray,False,531,308,L,JPEG,73.05365753173828,26.887929916381836,177.12911987304688,663b58dfd8584d1cdab6b93d9e995097,1.724025974025974,163548
data/raw/defective/fray__exp2_num_258536.jpg,defective,fray,False,236,347,L,JPEG,72.73226928710938,20.303844451904297,246.67446899414062,03238803caf80026b84b140284a5c3e9,0.6801152737752162,81892
data/raw/defective/fray__exp2_num_77559.jpg,defective,fray,False,605,229,L,JPEG,96.3504867553711,29.168169021606445,322.8798828125,0c1a86cd194c5191e2ff4147c9a28c40,2.6419213973799125,138545
data/raw/defective/fray__exp3_num_135593.jpg,defective,fray,False,600,251,L,JPEG,97.31417083740234,28.993139266967773,513.3268432617188,3a108df2102128173df263d6b1da4817,2.3904382470119523,150600
data/raw/defective/fray__exp3_num_136351.jpg,defective,fray,False,601,241,L,JPEG,73.94569396972656,18.8215389251709,210.25184631347656,deaf09e4d589a9aa100bb56f359c784e,2.4937759336099585,144841
data/raw/defective/fray__exp3_num_20409.jpg,defective,fray,False,535,329,L,JPEG,85.84628295898438,34.052635192871094,262.1707458496094,f952ddc4430fe01b21462a2c43f22914,1.6261398176291793,176015
data/raw/defective/fray__exp3_num_258558.jpg,defective,fray,False,252,360,L,JPEG,84.628662109375,27.241952896118164,369.136962890625,5be68c36cd3947c4aa3c4c042639eece,0.7,90720
data/raw/defective/fray__exp4_num_135615.jpg,defective,fray,False,603,252,L,JPEG,115.11587524414062,33.73060989379883,702.4328002929688,9aa9d9372a0e25d7f7b37599d74c4742,2.392857142857143,151956
data/raw/defective/fray__exp4_num_136676.jpg,defective,fray,False,616,230,L,JPEG,87.76502990722656,22.504745483398438,314.1366882324219,659aa9b5819f00c3c4cbf1e96d487b8b,2.6782608695652175,141680
data/raw/defective/fray__exp4_num_20426.jpg,defective,fray,False,523,340,L,JPEG,101.60395050048828,38.852317810058594,342.08050537109375,3948ae87b407e72df0517e35db490f66,1.5382352941176471,177820
data/raw/defective/fray__exp4_num_258590.jpg,defective,fray,False,257,359,L,JPEG,100.84039306640625,31.27802848815918,519.4599609375,df6febdb10863caa32452acf1c7be77e,0.7158774373259053,92263
data/raw/defective/fray__exp4_num_77613.jpg,defective,fray,False,609,230,L,JPEG,135.2548065185547,42.104801177978516,518.175048828125,ca86a4664cf913bc7e7c42fb71887eda,2.6478260869565218,140070
data/raw/defective/fray__exp5_num_135651.jpg,defective,fray,False,599,247,L,JPEG,131.7523193359375,37.564334869384766,882.7947998046875,b5754f9f9da89dd6d082fda48b1df5f1,2.425101214574899,147953
data/raw/defective/fray__exp5_num_136716.jpg,defective,fray,False,608,227,L,JPEG,100.92549896240234,25.402318954467773,393.30322265625,44335955955fb288a33d0ae4d3fbde73,2.6784140969162995,138016
data/raw/defective/fray__exp5_num_20449.jpg,defective,fray,False,459,334,L,JPEG,116.72480010986328,42.56828308105469,281.4556579589844,440a0767dde254e67b35c67794c63539,1.374251497005988,153306
data/raw/defective/fray__exp5_num_258619.jpg,defective,fray,False,239,343,L,JPEG,119.1422348022461,33.54790115356445,666.8081665039062,7482725c25924384f7e85886fa6c07d9,0.6967930029154519,81977
data/raw/defective/fray__exp5_num_77692.jpg,defective,fray,False,606,242,L,JPEG,154.09120178222656,46.94517517089844,558.8497924804688,44714a84c49e3cbe77d84c2f313e579b,2.5041322314049586,146652
data/raw/defective/fray__exp6_num_135686.jpg,defective,fray,False,607,251,L,JPEG,148.20790100097656,43.35370635986328,1076.74365234375,6931b33e81ae6b70133bc867e5b7b223,2.4183266932270917,152357
data/raw/defective/fray__exp6_num_136770.jpg,defective,fray,False,540,238,L,JPEG,112.38473510742188,26.926538467407227,389.3507080078125,860f3c97c780d4fe881fdc9369f3f17a,2.26890756302521,128520
data/raw/defective/fray__exp6_num_20496.jpg,defective,fray,False,423,355,L,JPEG,130.6163787841797,48.87628936767578,276.7017822265625,bfc5a5bc6b6494b16948253b1226defb,1.1915492957746479,150165
data/raw/defective/fray__exp6_num_258703.jpg,defective,fray,False,242,342,L,JPEG,133.8461456298828,38.575504302978516,826.787841796875,1f30eb53d9985d8dded0f7e408ef666c,0.7076023391812866,82764
data/raw/defective/fray__exp6_num_77744.jpg,defective,fray,False,606,240,L,JPEG,172.20263671875,50.47936248779297,575.2130126953125,87feb2d297751a40ca3b312efd95b457,2.525,145440
data/raw/defective/fray__exp6_num_972.jpg,defective,fray,False,491,363,L,JPEG,145.88949584960938,51.55952072143555,1084.7940673828125,b0c40b18eddd07724262669d66cca974,1.3526170798898072,178233
data/raw/defective/uneven__exp0_num_461.jpg,defective,uneven,False,121,289,L,JPEG,74.09554290771484,11.307816505432129,302.0609130859375,785a5decd7d4536ba34ed0c7e6cc418e,0.4186851211072664,34969
data/raw/defective/uneven__exp1_num_109232.jpg,defective,uneven,False,593,261,L,JPEG,56.781124114990234,17.90313148498535,474.6455383300781,759cdf88c6344ac17ce15e7050731858,2.2720306513409962,154773
data/raw/defective/uneven__exp1_num_124236.jpg,defective,uneven,False,594,238,L,JPEG,67.89983367919922,14.563928604125977,149.0104217529297,82400872a185d0b3261aac72be6b7f96,2.495798319327731,141372
data/raw/defective/uneven__exp1_num_129031.jpg,defective,uneven,False,244,340,L,JPEG,76.4520034790039,20.785263061523438,246.85107421875,48b944a2cf50e47293698e8262613ba2,0.7176470588235294,82960
data/raw/defective/uneven__exp1_num_139798.jpg,defective,uneven,False,594,243,L,JPEG,75.03764343261719,21.29764175415039,288.39111328125,f8e63dca40c751a7e2ad7ef64384e667,2.4444444444444446,144342
data/raw/defective/uneven__exp1_num_155300.jpg,defective,uneven,False,181,299,L,JPEG,90.43470764160156,17.385976791381836,517.7130126953125,2162c6e522296c8e321b49975acf6b5d,0.6053511705685619,54119
data/raw/defective/uneven__exp1_num_172241.jpg,defective,uneven,False,166,322,L,JPEG,93.7210922241211,12.756486892700195,282.2371520996094,f6bc33e6942ce7b5c8bbe6ee1a937bbb,0.515527950310559,53452
data/raw/defective/uneven__exp1_num_186826.jpg,defective,uneven,False,190,312,L,JPEG,89.22591400146484,19.77425765991211,624.4428100585938,d760f3cae5c157d8928e77b80c8a4506,0.6089743589743589,59280
data/raw/defective/uneven__exp1_num_24793.jpg,defective,uneven,False,511,327,L,JPEG,73.1508560180664,18.952802658081055,189.27223205566406,819f58979307889a7eef0c7619c6fcd9,1.562691131498471,167097
data/raw/defective/uneven__exp1_num_270128.jpg,defective,uneven,False,245,359,L,JPEG,65.23686218261719,26.478134155273438,226.49929809570312,039f4b2b7b28b9994c4d870dd34c05fd,0.6824512534818942,87955
data/raw/defective/uneven__exp1_num_274094.jpg,defective,uneven,False,214,270,L,JPEG,72.60882568359375,24.53107261657715,326.6241455078125,50c54fb93297a3311dccff6277e3c2bd,0.7925925925925926,57780
data/raw/defective/uneven__exp1_num_28341.jpg,defective,uneven,False,522,333,L,JPEG,61.017303466796875,18.795007705688477,201.5243377685547,72ff97a06db7f74d09d8eb3a314cfcfb,1.5675675675675675,173826
data/raw/defective/uneven__exp1_num_311809.jpg,defective,uneven,False,224,280,L,JPEG,69.0672836303711,26.491432189941406,425.6584777832031,a8002280058f9bf1d94496f213bcbee4,0.8,62720
data/raw/defective/uneven__exp1_num_313478.jpg,defective,uneven,False,257,350,L,JPEG,71.33502197265625,22.701997756958008,384.2213134765625,24c510261110410252dd183a62993ec6,0.7342857142857143,89950
data/raw/defective/uneven__exp1_num_33365.jpg,defective,uneven,False,520,313,L,JPEG,59.09166717529297,17.53647804260254,160.380859375,564acbff30e3453c0233ee9a9f40651c,1.6613418530351438,162760
data/raw/defective/uneven__exp1_num_352479.jpg,defective,uneven,False,508,376,L,JPEG,65.8992919921875,21.082664489746094,86.87952423095703,991ea13dce249ce2f115834b12e1c965,1.351063829787234,191008
data/raw/defective/uneven__exp1_num_45007.jpg,defective,uneven,False,507,334,L,JPEG,58.490108489990234,16.062816619873047,123.76823425292969,c731fafcff75bbce98c09f1e1dc30bcd,1.5179640718562875,169338
data/raw/defective/uneven__exp1_num_524.jpg,defective,uneven,False,113,288,L,JPEG,74.14260864257812,9.984432220458984,290.4381103515625,3c4d163bb659032a6184ae44a30bb266,0.3923611111111111,32544
data/raw/defective/uneven__exp2_num_109256.jpg,defective,uneven,False,607,257,L,JPEG,72.06610870361328,23.229541778564453,693.2537841796875,a82606d29460f91190cebb7e6ac7d295,2.3618677042801557,155999
data/raw/defective/uneven__exp2_num_124592.jpg,defective,uneven,False,586,246,L,JPEG,88.07557678222656,18.109825134277344,302.26104736328125,2815d6240cc29c2fe7f795e02ab905ba,2.3821138211382116,144156
data/raw/defective/uneven__exp2_num_129056.jpg,defective,uneven,False,244,354,L,JPEG,97.25543975830078,26.008651733398438,431.01287841796875,011e4c098318764333268acc28672880,0.6892655367231638,86376
data/raw/defective/uneven__exp2_num_139820.jpg,defective,uneven,False,604,239,L,JPEG,93.13823699951172,27.962825775146484,442.6922302246094,e5c4566145dabda4e983f6eeb12056bd,2.5271966527196654,144356
data/raw/defective/uneven__exp2_num_155333.jpg,defective,uneven,False,192,311,L,JPEG,114.21855163574219,22.52318000793457,848.5864868164062,756fb3f0b49f40df3ebd03e39d567fba,0.617363344051447,59712
data/raw/defective/uneven__exp2_num_172267.jpg,defective,uneven,False,181,325,L,JPEG,115.23819732666016,18.135215759277344,479.2472229003906,d495a59dc84d29c431917563d30d982f,0.556923076923077,58825
data/raw/defective/uneven__exp2_num_186858.jpg,defective,uneven,False,194,311,L,JPEG,114.9089584350586,25.10580062866211,1013.3041381835938,3d02d8e8d4929bf23e787c6428ad3757,0.6237942122186495,60334
data/raw/defective/uneven__exp2_num_24815.jpg,defective,uneven,False,506,328,L,JPEG,91.92003631591797,24.15757179260254,313.06903076171875,81ab7d965c066a55634fbbe5b2fb9a60,1.5426829268292683,165968
data/raw/defective/uneven__exp2_num_270153.jpg,defective,uneven,False,248,355,L,JPEG,80.773681640625,34.524696350097656,361.9063415527344,69b23a225f229a17930c7fbcb173c617,0.6985915492957746,88040
data/raw/defective/uneven__exp2_num_274120.jpg,defective,uneven,False,220,277,L,JPEG,93.8758773803711,32.86494064331055,564.963623046875,0144ca290deabf5eda02451415b06cc8,0.7942238267148014,60940
data/raw/defective/uneven__exp2_num_28359.jpg,defective,uneven,False,511,332,L,JPEG,77.61769104003906,23.248971939086914,315.7222900390625,dcb98bbd67ec8e28c2a2f73a24b25073,1.5391566265060241,169652
data/raw/defective/uneven__exp2_num_311834.jpg,defective,uneven,False,219,279,L,JPEG,88.49490356445312,31.128358840942383,572.4534912109375,5a48acbf26df5fc0d5b99a2e174f0e56,0.7849462365591398,61101
data/raw/defective/uneven__exp2_num_313494.jpg,defective,uneven,False,249,343,L,JPEG,90.65189361572266,28.678466796875,595.620849609375,be375f6b39b36a36e833620e5a06d70a,0.7259475218658892,85407
data/raw/defective/uneven__exp2_num_33380.jpg,defective,uneven,False,522,320,L,JPEG,75.2960433959961,22.466806411743164,265.2736511230469,388b6169346c680ff22335720d6848da,1.63125,167040
data/raw/defective/uneven__exp2_num_352504.jpg,defective,uneven,False,499,370,L,JPEG,84.00786590576172,26.2698974609375,129.96743774414062,a347ab7ea3add302a18c796706042c6d,1.3486486486486486,184630
data/raw/defective/uneven__exp2_num_45028.jpg,defective,uneven,False,505,327,L,JPEG,74.52469635009766,19.3863525390625,202.47503662109375,7a0f4dca16a077d89786160cf524ce45,1.54434250764526,165135
data/raw/defective/uneven__exp2_num_542.jpg,defective,uneven,False,119,294,L,JPEG,92.30029296875,14.77638053894043,467.2428283691406,025243b3334334b04c5382b0f0a26e04,0.40476190476190477,34986
data/raw/defective/uneven__exp3_num_109271.jpg,defective,uneven,False,611,265,L,JPEG,85.75682830810547,28.57448387145996,915.917236328125,cf77c2e92479dc18e3c0dc6f01067f5f,2.3056603773584907,161915
data/raw/defective/uneven__exp3_num_124629.jpg,defective,uneven,False,602,259,L,JPEG,108.3337631225586,26.583200454711914,434.71978759765625,2e4040cc06e9c57871587b9307ff6ea7,2.324324324324324,155918
data/raw/defective/uneven__exp3_num_129069.jpg,defective,uneven,False,267,377,L,JPEG,110.67188262939453,39.14530944824219,627.5203247070312,e8b4f64e711308c747e69f6ccaa26546,0.7082228116710876,100659
data/raw/defective/uneven__exp3_num_139838.jpg,defective,uneven,False,604,260,L,JPEG,113.829345703125,33.40088653564453,672.0416870117188,09034b27080f449583c482e2a939f6a4,2.3230769230769233,157040
data/raw/defective/uneven__exp3_num_155360.jpg,defective,uneven,False,190,315,L,JPEG,138.32064819335938,26.550783157348633,1126.4517822265625,25771f6dfa1f1fa20180052b44671597,0.6031746031746031,59850
data/raw/defective/uneven__exp3_num_172286.jpg,defective,uneven,False,186,325,L,JPEG,139.48133850097656,23.922096252441406,709.6912841796875,e983a0244df00dab67efe241b2e55c18,0.5723076923076923,60450
data/raw/defective/uneven__exp3_num_186885.jpg,defective,uneven,False,195,317,L,JPEG,136.16883850097656,32.62828063964844,1382.6851806640625,e032d655afa80b6ebd4c157f7ec117bf,0.6151419558359621,61815
data/raw/defective/uneven__exp3_num_24829.jpg,defective,uneven,False,524,336,L,JPEG,110.7365493774414,31.6544246673584,455.9728698730469,81582804c669862b1717b4926ed64212,1.5595238095238095,176064
data/raw/defective/uneven__exp3_num_270169.jpg,defective,uneven,False,248,360,L,JPEG,98.78581237792969,40.91828155517578,545.6768188476562,5f9bea66cf03da35032942bc008e9096,0.6888888888888889,89280
data/raw/defective/uneven__exp3_num_274138.jpg,defective,uneven,False,230,277,L,JPEG,108.84947204589844,40.48121643066406,746.8580932617188,dfec0537d4cafef608654a58269f83ea,0.8303249097472925,63710
data/raw/defective/uneven__exp3_num_28373.jpg,defective,uneven,False,518,334,L,JPEG,93.97669982910156,28.49772071838379,446.1260986328125,d587ac0de19d458c55047316686eb775,1.5508982035928143,173012
data/raw/defective/uneven__exp3_num_311847.jpg,defective,uneven,False,225,282,L,JPEG,105.55551147460938,38.28675079345703,762.0677490234375,b253ac9495cecf953964b9057e97a12a,0.7978723404255319,63450
data/raw/defective/uneven__exp3_num_313507.jpg,defective,uneven,False,249,351,L,JPEG,110.70348358154297,34.40025329589844,898.4410400390625,013ca118e9fd9533e62b8a6898889397,0.7094017094017094,87399
data/raw/defective/uneven__exp3_num_33395.jpg,defective,uneven,False,524,326,L,JPEG,89.60053253173828,27.421899795532227,388.4874267578125,2684192421b780cd296cafd627ad5941,1.607361963190184,170824
data/raw/defective/uneven__exp3_num_352516.jpg,defective,uneven,False,509,380,L,JPEG,100.37247467041016,32.475738525390625,194.88381958007812,abfe2ce86b208eeb1a1915c62e8e5d6a,1.3394736842105264,193420
data/raw/defective/uneven__exp3_num_45042.jpg,defective,uneven,False,510,338,L,JPEG,89.10623931884766,24.942882537841797,304.71099853515625,684d5495ecd19863319143c419bcb55f,1.5088757396449703,172380
data/raw/defective/uneven__exp3_num_557.jpg,defective,uneven,False,125,289,L,JPEG,110.6374282836914,21.92336082458496,724.4225463867188,de3461399c55d768586d6bbd537fcac0,0.43252595155709345,36125
data/raw/defective/uneven__exp4_num_109286.jpg,defective,uneven,False,607,267,L,JPEG,101.27629852294922,32.26491928100586,1132.9820556640625,dc130cfdcce6c2454c2deeda8674e1e2,2.2734082397003745,162069
data/raw/defective/uneven__exp4_num_124690.jpg,defective,uneven,False,608,259,L,JPEG,126.1815185546875,31.137210845947266,538.666748046875,434b6a834bdefc42f4b527d370c55a34,2.3474903474903477,157472
data/raw/defective/uneven__exp4_num_129083.jpg,defective,uneven,False,264,372,L,JPEG,132.75238037109375,44.114295959472656,808.0025024414062,7d998067edaea243990da1bf451b4921,0.7096774193548387,98208
data/raw/defective/uneven__exp4_num_139856.jpg,defective,uneven,False,602,246,L,JPEG,133.32313537597656,38.76322555541992,845.5794677734375,d127959ca2f19118e8dd9153fea7a43e,2.4471544715447155,148092
data/raw/defective/uneven__exp4_num_155384.jpg,defective,uneven,False,186,303,L,JPEG,162.48997497558594,29.482559204101562,1382.3914794921875,11d190879ae6ae39f96abf5be9dd0a54,0.6138613861386139,56358
data/raw/defective/uneven__exp4_num_172304.jpg,defective,uneven,False,183,318,L,JPEG,164.3826446533203,26.510343551635742,953.8663940429688,1d5482c9206e71ab37b324d17a1a0faa,0.5754716981132075,58194
data/raw/defective/uneven__exp4_num_186909.jpg,defective,uneven,False,191,309,L,JPEG,161.9031219482422,33.802303314208984,1665.7193603515625,36d60c5d4cf12ab6fc207844cbe03368,0.6181229773462783,59019
data/raw/defective/uneven__exp4_num_24843.jpg,defective,uneven,False,517,334,L,JPEG,131.2024688720703,35.62331008911133,622.3082885742188,ab15968d0f7b67dfca35ae527d9791f4,1.5479041916167664,172678
data/raw/defective/uneven__exp4_num_270184.jpg,defective,uneven,False,249,359,L,JPEG,116.33134460449219,47.49126434326172,719.7412109375,635115b18b0e03d307faf309e2974eaf,0.6935933147632312,89391
data/raw/defective/uneven__exp4_num_274154.jpg,defective,uneven,False,220,278,L,JPEG,129.20265197753906,40.9979133605957,921.5160522460938,2228d54ad5cdc16e35befbd2188f251c,0.7913669064748201,61160
data/raw/defective/uneven__exp4_num_28388.jpg,defective,uneven,False,512,335,L,JPEG,109.66886901855469,32.660186767578125,593.4264526367188,89a5c44dd7666601d4aa9c8aca2ae01f,1.528358208955224,171520
data/raw/defective/uneven__exp4_num_311863.jpg,defective,uneven,False,218,279,L,JPEG,122.81884765625,38.75662612915039,921.6859130859375,19b3f87834d1ba62557d10fd54c7eab0,0.7813620071684588,60822
data/raw/defective/uneven__exp4_num_313519.jpg,defective,uneven,False,252,341,L,JPEG,129.3944549560547,40.52581787109375,1163.7293701171875,cecd5de44506d95e99f53a4381dbfc95,0.7390029325513197,85932
data/raw/defective/uneven__exp4_num_33407.jpg,defective,uneven,False,519,306,L,JPEG,106.81336975097656,31.48626708984375,529.6766357421875,68d11609575f8cf68cfde243be39437c,1.696078431372549,158814
data/raw/defective/uneven__exp4_num_352527.jpg,defective,uneven,False,502,379,L,JPEG,118.74955749511719,37.825286865234375,254.71109008789062,c204e44a0b629ffb4ceb2074a5461a6b,1.324538258575198,190258
data/raw/defective/uneven__exp4_num_45057.jpg,defective,uneven,False,508,312,L,JPEG,108.26782989501953,27.284521102905273,425.95050048828125,fe2f6f130fa08f42c60b3e0609265055,1.6282051282051282,158496
data/raw/defective/uneven__exp4_num_573.jpg,defective,uneven,False,119,292,L,JPEG,132.7718963623047,19.8509464263916,949.950927734375,278272c50708e096d4ff276c9d8089aa,0.4075342465753425,34748
data/raw/defective/uneven__exp5_num_109313.jpg,defective,uneven,False,599,264,L,JPEG,116.8056869506836,35.344120025634766,1315.7049560546875,7f17d658e96120601bb8ee814d6844f2,2.268939393939394,158136
data/raw/defective/uneven__exp5_num_124744.jpg,defective,uneven,False,615,243,L,JPEG,145.00352478027344,34.82809829711914,633.5827026367188,bbd822e4517747c4ad53be381a9ad2a7,2.5308641975308643,149445
data/raw/defective/uneven__exp5_num_129103.jpg,defective,uneven,False,248,362,L,JPEG,156.39004516601562,42.250343322753906,979.5289306640625,fe3e9a4b5413296e0f95da626e51c45f,0.6850828729281768,89776
data/raw/defective/uneven__exp5_num_139883.jpg,defective,uneven,False,604,244,L,JPEG,152.44322204589844,43.775474548339844,985.801025390625,384e12e02cc2120f694e1b619388e34e,2.4754098360655736,147376
data/raw/defective/uneven__exp5_num_155415.jpg,defective,uneven,False,195,311,L,JPEG,182.5743408203125,33.34660720825195,1490.8680419921875,c75041847118f08c28dbd508a7e144c5,0.6270096463022508,60645
data/raw/defective/uneven__exp5_num_172332.jpg,defective,uneven,False,188,328,L,JPEG,186.58322143554688,32.67610549926758,1153.8768310546875,d516356805a2631c00db339b048a7b6c,0.573170731707317,61664
data/raw/defective/uneven__exp5_num_186953.jpg,defective,uneven,False,188,313,L,JPEG,186.63565063476562,35.41774368286133,1687.8934326171875,c7f8d3beb63906061e0b276131bd4be0,0.6006389776357828,58844
data/raw/defective/uneven__exp5_num_24876.jpg,defective,uneven,False,511,323,L,JPEG,151.12530517578125,38.22981262207031,765.0719604492188,b7bc4c12152b96c1b68195bdbfa88491,1.5820433436532508,165053
data/raw/defective/uneven__exp5_num_270218.jpg,defective,uneven,False,242,359,L,JPEG,134.14491271972656,52.79149627685547,897.997314453125,cfd1afa48e90cc057e71394223d688e8,0.6740947075208914,86878
data/raw/defective/uneven__exp5_num_274174.jpg,defective,uneven,False,223,270,L,JPEG,145.78561401367188,45.87363052368164,1076.0098876953125,fad55dee67719c53919d79642b7e648c,0.825925925925926,60210
data/raw/defective/uneven__exp5_num_28404.jpg,defective,uneven,False,519,332,L,JPEG,126.59835052490234,36.561180114746094,723.4527587890625,a1c181be1f2c24a8b79e0e4b477272c8,1.5632530120481927,172308
data/raw/defective/uneven__exp5_num_311887.jpg,defective,uneven,False,230,284,L,JPEG,138.6544189453125,46.173946380615234,1163.6219482421875,be581e40705cd8d950af3781a3ed6dee,0.8098591549295775,65320
data/raw/defective/uneven__exp5_num_313536.jpg,defective,uneven,False,247,346,L,JPEG,148.0826873779297,46.4578742980957,1376.458251953125,e9a21d415ecc227f076e6ea48652dc2e,0.7138728323699421,85462
data/raw/defective/uneven__exp5_num_33487.jpg,defective,uneven,False,516,313,L,JPEG,123.26000213623047,35.60903549194336,673.6411743164062,deb7b1c8e15e2e433773279cb741d6e5,1.648562300319489,161508
data/raw/defective/uneven__exp5_num_352540.jpg,defective,uneven,False,503,385,L,JPEG,133.57017517089844,44.49187088012695,322.425048828125,6570065dd921061e9fd12deaa9c11856,1.3064935064935066,193655
data/raw/defective/uneven__exp5_num_45084.jpg,defective,uneven,False,502,327,L,JPEG,122.47679901123047,31.810745239257812,553.4379272460938,055b8fb75541cb1ad4f79541f6ad90e4,1.5351681957186545,164154
data/raw/defective/uneven__exp5_num_592.jpg,defective,uneven,False,124,292,L,JPEG,147.5896759033203,29.248674392700195,1259.4520263671875,4e809f7e17d51a48f46b099e687f33bd,0.4246575342465753,36208
data/raw/defective/uneven__exp6_num_109350.jpg,defective,uneven,False,600,260,L,JPEG,130.99826049804688,39.37846374511719,1461.678466796875,8ee2fa4529d046968d0573e7c01cfdec,2.3076923076923075,156000
data/raw/defective/uneven__exp6_num_124787.jpg,defective,uneven,False,620,241,L,JPEG,161.1778564453125,39.03498840332031,684.2249145507812,212321f2f18e47771ed795fa2d61cb05,2.5726141078838176,149420
data/raw/defective/uneven__exp6_num_129148.jpg,defective,uneven,False,256,366,L,JPEG,174.00396728515625,48.559112548828125,1095.315185546875,0ada122489eae4681a48b678fa5a6780,0.6994535519125683,93696
data/raw/defective/uneven__exp6_num_139916.jpg,defective,uneven,False,608,244,L,JPEG,171.18661499023438,47.03594970703125,1096.248291015625,a671ccf7c03b8093c156ec1c939338dd,2.4918032786885247,148352
data/raw/defective/uneven__exp6_num_155478.jpg,defective,uneven,False,195,314,L,JPEG,205.16983032226562,32.84353256225586,1441.7254638671875,f3e43024cb7a2ce9fd0d7dec5ce60d01,0.6210191082802548,61230
data/raw/defective/uneven__exp6_num_172365.jpg,defective,uneven,False,190,322,L,JPEG,207.42921447753906,35.033809661865234,1122.739013671875,93e75df9cd2f6ec4f021d3563dc5a1f2,0.5900621118012422,61180
data/raw/defective/uneven__exp6_num_187011.jpg,defective,uneven,False,194,319,L,JPEG,204.54994201660156,42.14192581176758,1451.2861328125,f3b8fbe95ffbdaccccbfc92191f3fb92,0.6081504702194357,61886
data/raw/defective/uneven__exp6_num_25007.jpg,defective,uneven,False,514,332,L,JPEG,166.8787841796875,43.97140884399414,887.1569213867188,35ab35ed7b6dd44ba631c8463f3a492b,1.5481927710843373,170648
data/raw/defective/uneven__exp6_num_270255.jpg,defective,uneven,False,250,357,L,JPEG,148.66842651367188,60.68986511230469,974.1483154296875,756001494d0ecf4626e85f144355c0aa,0.7002801120448179,89250
data/raw/defective/uneven__exp6_num_274218.jpg,defective,uneven,False,226,278,L,JPEG,163.60885620117188,49.548309326171875,1425.1441650390625,a1a61b0b7b83bc80ad5f7db8a8185d95,0.8129496402877698,62828
data/raw/defective/uneven__exp6_num_28424.jpg,defective,uneven,False,516,333,L,JPEG,142.1815185546875,40.22080612182617,857.0910034179688,d1d4d8ab5b8fbdbf51b78ea7f3d8c5fb,1.5495495495495495,171828
data/raw/defective/uneven__exp6_num_311924.jpg,defective,uneven,False,223,282,L,JPEG,157.21629333496094,43.642032623291016,1228.885009765625,b4f4a409d7c2b7e88646573045db7899,0.7907801418439716,62886
data/raw/defective/uneven__exp6_num_313568.jpg,defective,uneven,False,252,348,L,JPEG,166.7005615234375,49.993221282958984,1418.7532958984375,4e1fce3f1106d4b61144216a31365b7c,0.7241379310344828,87696
data/raw/defective/uneven__exp6_num_33541.jpg,defective,uneven,False,516,315,L,JPEG,139.63021850585938,39.41035461425781,799.2913208007812,20294449cc1d969007ff70057904f4d2,1.638095238095238,162540
data/raw/defective/uneven__exp6_num_352572.jpg,defective,uneven,False,510,373,L,JPEG,152.24087524414062,48.709781646728516,365.37445068359375,273ab7a7c32c465353731a230c6ef592,1.3672922252010724,190230
data/raw/defective/uneven__exp6_num_45116.jpg,defective,uneven,False,502,319,L,JPEG,139.40249633789062,34.986698150634766,686.7066650390625,82ddda363806e712965d13a2f9d89ef5,1.573667711598746,160138
data/raw/defective/uneven__exp6_num_628.jpg,defective,uneven,False,120,293,L,JPEG,171.21681213378906,26.411409378051758,1461.4364013671875,f67be930cba3e3c19a342c1b26f978f9,0.40955631399317405,35160
