path,filename,label,label_id,defect_type,group,split,fold
data/raw/normal/free__exp0_num_743.jpg,free__exp0_num_743.jpg,normal,0,free,0,trainval,2
data/raw/normal/free__exp1_num_10181.jpg,free__exp1_num_10181.jpg,normal,0,free,1,trainval,0
data/raw/normal/free__exp1_num_10334.jpg,free__exp1_num_10334.jpg,normal,0,free,2,trainval,0
data/raw/normal/free__exp1_num_106151.jpg,free__exp1_num_106151.jpg,normal,0,free,3,test,-1
data/raw/normal/free__exp1_num_106729.jpg,free__exp1_num_106729.jpg,normal,0,free,4,trainval,0
data/raw/normal/free__exp1_num_10903.jpg,free__exp1_num_10903.jpg,normal,0,free,5,trainval,3
data/raw/normal/free__exp1_num_110086.jpg,free__exp1_num_110086.jpg,normal,0,free,6,trainval,3
data/raw/normal/free__exp1_num_11276.jpg,free__exp1_num_11276.jpg,normal,0,free,7,trainval,1
data/raw/normal/free__exp1_num_114376.jpg,free__exp1_num_114376.jpg,normal,0,free,8,trainval,0
data/raw/normal/free__exp1_num_116270.jpg,free__exp1_num_116270.jpg,normal,0,free,9,trainval,4
data/raw/normal/free__exp1_num_116949.jpg,free__exp1_num_116949.jpg,normal,0,free,10,trainval,4
data/raw/normal/free__exp1_num_118871.jpg,free__exp1_num_118871.jpg,normal,0,free,11,test,-1
data/raw/normal/free__exp1_num_126299.jpg,free__exp1_num_126299.jpg,normal,0,free,12,test,-1
data/raw/normal/free__exp1_num_126795.jpg,free__exp1_num_126795.jpg,normal,0,free,13,trainval,4
data/raw/normal/free__exp1_num_127649.jpg,free__exp1_num_127649.jpg,normal,0,free,14,trainval,4
data/raw/normal/free__exp1_num_128075.jpg,free__exp1_num_128075.jpg,normal,0,free,15,trainval,2
data/raw/normal/free__exp1_num_129580.jpg,free__exp1_num_129580.jpg,normal,0,free,16,trainval,1
data/raw/normal/free__exp1_num_13526.jpg,free__exp1_num_13526.jpg,normal,0,free,17,trainval,0
data/raw/normal/free__exp1_num_138599.jpg,free__exp1_num_138599.jpg,normal,0,free,18,trainval,1
data/raw/normal/free__exp1_num_143147.jpg,free__exp1_num_143147.jpg,normal,0,free,19,trainval,3
data/raw/normal/free__exp1_num_144162.jpg,free__exp1_num_144162.jpg,normal,0,free,20,trainval,0
data/raw/normal/free__exp1_num_147928.jpg,free__exp1_num_147928.jpg,normal,0,free,21,trainval,2
data/raw/normal/free__exp1_num_148923.jpg,free__exp1_num_148923.jpg,normal,0,free,22,test,-1
data/raw/normal/free__exp1_num_154549.jpg,free__exp1_num_154549.jpg,normal,0,free,23,trainval,2
data/raw/normal/free__exp1_num_157166.jpg,free__exp1_num_157166.jpg,normal,0,free,24,trainval,2
data/raw/normal/free__exp1_num_157675.jpg,free__exp1_num_157675.jpg,normal,0,free,25,trainval,4
data/raw/normal/free__exp1_num_16503.jpg,free__exp1_num_16503.jpg,normal,0,free,26,trainval,1
data/raw/normal/free__exp1_num_165362.jpg,free__exp1_num_165362.jpg,normal,0,free,27,trainval,2
data/raw/normal/free__exp1_num_166172.jpg,free__exp1_num_166172.jpg,normal,0,free,28,trainval,3
data/raw/normal/free__exp1_num_174647.jpg,free__exp1_num_174647.jpg,normal,0,free,29,trainval,2
data/raw/normal/free__exp1_num_177906.jpg,free__exp1_num_177906.jpg,normal,0,free,30,trainval,3
data/raw/normal/free__exp1_num_178453.jpg,free__exp1_num_178453.jpg,normal,0,free,31,trainval,4
data/raw/normal/free__exp1_num_180298.jpg,free__exp1_num_180298.jpg,normal,0,free,32,trainval,2
data/raw/normal/free__exp1_num_180836.jpg,free__exp1_num_180836.jpg,normal,0,free,33,trainval,4
data/raw/normal/free__exp1_num_1810.jpg,free__exp1_num_1810.jpg,normal,0,free,34,test,-1
data/raw/normal/free__exp1_num_18129.jpg,free__exp1_num_18129.jpg,normal,0,free,35,test,-1
data/raw/normal/free__exp1_num_183137.jpg,free__exp1_num_183137.jpg,normal,0,free,36,trainval,4
data/raw/normal/free__exp1_num_183798.jpg,free__exp1_num_183798.jpg,normal,0,free,37,test,-1
data/raw/normal/free__exp1_num_187505.jpg,free__exp1_num_187505.jpg,normal,0,free,38,trainval,2
data/raw/normal/free__exp1_num_192126.jpg,free__exp1_num_192126.jpg,normal,0,free,39,trainval,1
data/raw/normal/free__exp1_num_193104.jpg,free__exp1_num_193104.jpg,normal,0,free,40,trainval,2
data/raw/normal/free__exp1_num_195647.jpg,free__exp1_num_195647.jpg,normal,0,free,41,trainval,1
data/raw/normal/free__exp1_num_19695.jpg,free__exp1_num_19695.jpg,normal,0,free,42,trainval,1
data/raw/normal/free__exp1_num_2038.jpg,free__exp1_num_2038.jpg,normal,0,free,43,trainval,0
data/raw/normal/free__exp1_num_240048.jpg,free__exp1_num_240048.jpg,normal,0,free,44,trainval,0
data/raw/normal/free__exp1_num_241352.jpg,free__exp1_num_241352.jpg,normal,0,free,45,trainval,0
data/raw/normal/free__exp1_num_245763.jpg,free__exp1_num_245763.jpg,normal,0,free,46,trainval,4
data/raw/normal/free__exp1_num_246296.jpg,free__exp1_num_246296.jpg,normal,0,free,47,trainval,1
data/raw/normal/free__exp1_num_251427.jpg,free__exp1_num_251427.jpg,normal,0,free,48,trainval,0
data/raw/normal/free__exp1_num_255641.jpg,free__exp1_num_255641.jpg,normal,0,free,49,trainval,1
data/raw/normal/free__exp1_num_256261.jpg,free__exp1_num_256261.jpg,normal,0,free,50,trainval,2
data/raw/normal/free__exp1_num_257103.jpg,free__exp1_num_257103.jpg,normal,0,free,51,trainval,2
data/raw/normal/free__exp1_num_257630.jpg,free__exp1_num_257630.jpg,normal,0,free,52,trainval,4
data/raw/normal/free__exp1_num_258819.jpg,free__exp1_num_258819.jpg,normal,0,free,53,trainval,4
data/raw/normal/free__exp1_num_260482.jpg,free__exp1_num_260482.jpg,normal,0,free,54,trainval,4
data/raw/normal/free__exp1_num_260927.jpg,free__exp1_num_260927.jpg,normal,0,free,55,trainval,2
data/raw/normal/free__exp1_num_2610.jpg,free__exp1_num_2610.jpg,normal,0,free,56,trainval,0
data/raw/normal/free__exp1_num_261937.jpg,free__exp1_num_261937.jpg,normal,0,free,57,trainval,0
data/raw/normal/free__exp1_num_262216.jpg,free__exp1_num_262216.jpg,normal,0,free,58,trainval,4
data/raw/normal/free__exp1_num_262642.jpg,free__exp1_num_262642.jpg,normal,0,free,59,test,-1
data/raw/normal/free__exp1_num_263839.jpg,free__exp1_num_263839.jpg,normal,0,free,60,trainval,3
data/raw/normal/free__exp1_num_264189.jpg,free__exp1_num_264189.jpg,normal,0,free,61,trainval,1
data/raw/normal/free__exp1_num_266278.jpg,free__exp1_num_266278.jpg,normal,0,free,62,trainval,4
data/raw/normal/free__exp1_num_266790.jpg,free__exp1_num_266790.jpg,normal,0,free,63,trainval,0
data/raw/normal/free__exp1_num_269086.jpg,free__exp1_num_269086.jpg,normal,0,free,64,trainval,0
data/raw/normal/free__exp1_num_269626.jpg,free__exp1_num_269626.jpg,normal,0,free,65,trainval,1
data/raw/normal/free__exp1_num_270550.jpg,free__exp1_num_270550.jpg,normal,0,free,66,trainval,0
data/raw/normal/free__exp1_num_270753.jpg,free__exp1_num_270753.jpg,normal,0,free,67,trainval,1
data/raw/normal/free__exp1_num_275371.jpg,free__exp1_num_275371.jpg,normal,0,free,68,trainval,2
data/raw/normal/free__exp1_num_275662.jpg,free__exp1_num_275662.jpg,normal,0,free,69,trainval,3
data/raw/normal/free__exp1_num_276985.jpg,free__exp1_num_276985.jpg,normal,0,free,70,trainval,2
data/raw/normal/free__exp1_num_278570.jpg,free__exp1_num_278570.jpg,normal,0,free,71,test,-1
data/raw/normal/free__exp1_num_279090.jpg,free__exp1_num_279090.jpg,normal,0,free,72,trainval,4
data/raw/normal/free__exp1_num_280205.jpg,free__exp1_num_280205.jpg,normal,0,free,73,test,-1
data/raw/normal/free__exp1_num_280939.jpg,free__exp1_num_280939.jpg,normal,0,free,74,trainval,3
data/raw/normal/free__exp1_num_282886.jpg,free__exp1_num_282886.jpg,normal,0,free,75,trainval,4
data/raw/normal/free__exp1_num_283203.jpg,free__exp1_num_283203.jpg,normal,0,free,76,trainval,2
data/raw/normal/free__exp1_num_284841.jpg,free__exp1_num_284841.jpg,normal,0,free,77,trainval,1
data/raw/normal/free__exp1_num_286232.jpg,free__exp1_num_286232.jpg,normal,0,free,78,trainval,2
data/raw/normal/free__exp1_num_289590.jpg,free__exp1_num_289590.jpg,normal,0,free,79,trainval,2
data/raw/normal/free__exp1_num_290047.jpg,free__exp1_num_290047.jpg,normal,0,free,80,trainval,3
data/raw/normal/free__exp1_num_292087.jpg,free__exp1_num_292087.jpg,normal,0,free,81,trainval,0
data/raw/normal/free__exp1_num_293254.jpg,free__exp1_num_293254.jpg,normal,0,free,82,trainval,1
data/raw/normal/free__exp1_num_293709.jpg,free__exp1_num_293709.jpg,normal,0,free,83,trainval,1
data/raw/normal/free__exp1_num_29469.jpg,free__exp1_num_29469.jpg,normal,0,free,84,trainval,4
data/raw/normal/free__exp1_num_296631.jpg,free__exp1_num_296631.jpg,normal,0,free,85,trainval,3
data/raw/normal/free__exp1_num_297276.jpg,free__exp1_num_297276.jpg,normal,0,free,86,trainval,3
data/raw/normal/free__exp1_num_299713.jpg,free__exp1_num_299713.jpg,normal,0,free,87,trainval,1
data/raw/normal/free__exp1_num_301474.jpg,free__exp1_num_301474.jpg,normal,0,free,88,trainval,0
data/raw/normal/free__exp1_num_304293.jpg,free__exp1_num_304293.jpg,normal,0,free,89,trainval,1
data/raw/normal/free__exp1_num_304672.jpg,free__exp1_num_304672.jpg,normal,0,free,90,test,-1
data/raw/normal/free__exp1_num_304836.jpg,free__exp1_num_304836.jpg,normal,0,free,91,trainval,3
data/raw/normal/free__exp1_num_306425.jpg,free__exp1_num_306425.jpg,normal,0,free,92,trainval,1
data/raw/normal/free__exp1_num_306586.jpg,free__exp1_num_306586.jpg,normal,0,free,93,trainval,3
data/raw/normal/free__exp1_num_308806.jpg,free__exp1_num_308806.jpg,normal,0,free,94,trainval,3
data/raw/normal/free__exp1_num_309352.jpg,free__exp1_num_309352.jpg,normal,0,free,95,trainval,2
data/raw/normal/free__exp1_num_309648.jpg,free__exp1_num_309648.jpg,normal,0,free,96,trainval,3
data/raw/normal/free__exp1_num_31106.jpg,free__exp1_num_31106.jpg,normal,0,free,97,trainval,3
data/raw/normal/free__exp1_num_311322.jpg,free__exp1_num_311322.jpg,normal,0,free,98,trainval,4
data/raw/normal/free__exp1_num_313835.jpg,free__exp1_num_313835.jpg,normal,0,free,99,trainval,0
data/raw/normal/free__exp1_num_314979.jpg,free__exp1_num_314979.jpg,normal,0,free,100,trainval,2
data/raw/normal/free__exp1_num_316333.jpg,free__exp1_num_316333.jpg,normal,0,free,101,trainval,1
data/raw/normal/free__exp1_num_316698.jpg,free__exp1_num_316698.jpg,normal,0,free,102,trainval,2
data/raw/normal/free__exp1_num_317560.jpg,free__exp1_num_317560.jpg,normal,0,free,103,trainval,3
data/raw/normal/free__exp1_num_317885.jpg,free__exp1_num_317885.jpg,normal,0,free,104,trainval,3
data/raw/normal/free__exp1_num_319321.jpg,free__exp1_num_319321.jpg,normal,0,free,105,trainval,2
data/raw/normal/free__exp1_num_319420.jpg,free__exp1_num_319420.jpg,normal,0,free,106,trainval,3
data/raw/normal/free__exp1_num_319680.jpg,free__exp1_num_319680.jpg,normal,0,free,107,trainval,3
data/raw/normal/free__exp1_num_320441.jpg,free__exp1_num_320441.jpg,normal,0,free,108,trainval,0
data/raw/normal/free__exp1_num_320808.jpg,free__exp1_num_320808.jpg,normal,0,free,109,trainval,2
data/raw/normal/free__exp1_num_320895.jpg,free__exp1_num_320895.jpg,normal,0,free,109,trainval,2
data/raw/normal/free__exp1_num_323319.jpg,free__exp1_num_323319.jpg,normal,0,free,110,trainval,0
data/raw/normal/free__exp1_num_326586.jpg,free__exp1_num_326586.jpg,normal,0,free,111,trainval,2
data/raw/normal/free__exp1_num_326904.jpg,free__exp1_num_326904.jpg,normal,0,free,112,trainval,3
data/raw/normal/free__exp1_num_329206.jpg,free__exp1_num_329206.jpg,normal,0,free,113,test,-1
data/raw/normal/free__exp1_num_331931.jpg,free__exp1_num_331931.jpg,normal,0,free,114,trainval,2
data/raw/normal/free__exp1_num_332686.jpg,free__exp1_num_332686.jpg,normal,0,free,115,trainval,0
data/raw/normal/free__exp1_num_337646.jpg,free__exp1_num_337646.jpg,normal,0,free,116,trainval,3
data/raw/normal/free__exp1_num_338856.jpg,free__exp1_num_338856.jpg,normal,0,free,117,trainval,0
data/raw/normal/free__exp1_num_34078.jpg,free__exp1_num_34078.jpg,normal,0,free,118,trainval,2
data/raw/normal/free__exp1_num_342849.jpg,free__exp1_num_342849.jpg,normal,0,free,119,trainval,0
data/raw/normal/free__exp1_num_344557.jpg,free__exp1_num_344557.jpg,normal,0,free,120,test,-1
data/raw/normal/free__exp1_num_349824.jpg,free__exp1_num_349824.jpg,normal,0,free,121,trainval,4
data/raw/normal/free__exp1_num_3504.jpg,free__exp1_num_3504.jpg,normal,0,free,122,trainval,0
data/raw/normal/free__exp1_num_351039.jpg,free__exp1_num_351039.jpg,normal,0,free,123,trainval,0
data/raw/normal/free__exp1_num_351427.jpg,free__exp1_num_351427.jpg,normal,0,free,124,trainval,0
data/raw/normal/free__exp1_num_354377.jpg,free__exp1_num_354377.jpg,normal,0,free,125,trainval,0
data/raw/normal/free__exp1_num_355636.jpg,free__exp1_num_355636.jpg,normal,0,free,126,trainval,3
data/raw/normal/free__exp1_num_358102.jpg,free__exp1_num_358102.jpg,normal,0,free,127,trainval,1
data/raw/normal/free__exp1_num_358933.jpg,free__exp1_num_358933.jpg,normal,0,free,128,trainval,3
data/raw/normal/free__exp1_num_359448.jpg,free__exp1_num_359448.jpg,normal,0,free,129,trainval,2
data/raw/normal/free__exp1_num_37243.jpg,free__exp1_num_37243.jpg,normal,0,free,130,test,-1
data/raw/normal/free__exp1_num_37262.jpg,free__exp1_num_37262.jpg,normal,0,free,131,trainval,0
data/raw/normal/free__exp1_num_3786.jpg,free__exp1_num_3786.jpg,normal,0,free,132,trainval,3
data/raw/normal/free__exp1_num_37978.jpg,free__exp1_num_37978.jpg,normal,0,free,133,trainval,2
data/raw/normal/free__exp1_num_39412.jpg,free__exp1_num_39412.jpg,normal,0,free,134,trainval,1
data/raw/normal/free__exp1_num_43817.jpg,free__exp1_num_43817.jpg,normal,0,free,135,test,-1
data/raw/normal/free__exp1_num_50387.jpg,free__exp1_num_50387.jpg,normal,0,free,136,trainval,4
data/raw/normal/free__exp1_num_51080.jpg,free__exp1_num_51080.jpg,normal,0,free,137,trainval,2
data/raw/normal/free__exp1_num_52659.jpg,free__exp1_num_52659.jpg,normal,0,free,138,test,-1
data/raw/normal/free__exp1_num_53011.jpg,free__exp1_num_53011.jpg,normal,0,free,139,test,-1
data/raw/normal/free__exp1_num_54107.jpg,free__exp1_num_54107.jpg,normal,0,free,140,trainval,4
data/raw/normal/free__exp1_num_54901.jpg,free__exp1_num_54901.jpg,normal,0,free,141,trainval,1
data/raw/normal/free__exp1_num_5907.jpg,free__exp1_num_5907.jpg,normal,0,free,142,trainval,4
data/raw/normal/free__exp1_num_61310.jpg,free__exp1_num_61310.jpg,normal,0,free,143,trainval,4
data/raw/normal/free__exp1_num_65001.jpg,free__exp1_num_65001.jpg,normal,0,free,139,test,-1
data/raw/normal/free__exp1_num_6508.jpg,free__exp1_num_6508.jpg,normal,0,free,144,test,-1
data/raw/normal/free__exp1_num_6539.jpg,free__exp1_num_6539.jpg,normal,0,free,145,test,-1
data/raw/normal/free__exp1_num_68359.jpg,free__exp1_num_68359.jpg,normal,0,free,146,trainval,1
data/raw/normal/free__exp1_num_69803.jpg,free__exp1_num_69803.jpg,normal,0,free,147,trainval,3
data/raw/normal/free__exp1_num_70491.jpg,free__exp1_num_70491.jpg,normal,0,free,148,trainval,0
data/raw/normal/free__exp1_num_71177.jpg,free__exp1_num_71177.jpg,normal,0,free,149,test,-1
data/raw/normal/free__exp1_num_75090.jpg,free__exp1_num_75090.jpg,normal,0,free,150,trainval,0
data/raw/normal/free__exp1_num_7871.jpg,free__exp1_num_7871.jpg,normal,0,free,151,trainval,3
data/raw/normal/free__exp1_num_824.jpg,free__exp1_num_824.jpg,normal,0,free,152,trainval,1
data/raw/normal/free__exp1_num_855.jpg,free__exp1_num_855.jpg,normal,0,free,153,trainval,3
data/raw/normal/free__exp1_num_90966.jpg,free__exp1_num_90966.jpg,normal,0,free,154,trainval,1
data/raw/normal/free__exp1_num_94899.jpg,free__exp1_num_94899.jpg,normal,0,free,155,trainval,2
data/raw/normal/free__exp2_num_10202.jpg,free__exp2_num_10202.jpg,normal,0,free,156,test,-1
data/raw/normal/free__exp2_num_10410.jpg,free__exp2_num_10410.jpg,normal,0,free,157,trainval,1
data/raw/normal/free__exp2_num_106169.jpg,free__exp2_num_106169.jpg,normal,0,free,3,test,-1
data/raw/normal/free__exp2_num_106752.jpg,free__exp2_num_106752.jpg,normal,0,free,158,trainval,2
data/raw/normal/free__exp2_num_10931.jpg,free__exp2_num_10931.jpg,normal,0,free,5,trainval,3
data/raw/normal/free__exp2_num_110118.jpg,free__exp2_num_110118.jpg,normal,0,free,6,trainval,3
data/raw/normal/free__exp2_num_11292.jpg,free__exp2_num_11292.jpg,normal,0,free,7,trainval,1
data/raw/normal/free__exp2_num_114403.jpg,free__exp2_num_114403.jpg,normal,0,free,8,trainval,0
data/raw/normal/free__exp2_num_116286.jpg,free__exp2_num_116286.jpg,normal,0,free,9,trainval,4
data/raw/normal/free__exp2_num_116971.jpg,free__exp2_num_116971.jpg,normal,0,free,10,trainval,4
data/raw/normal/free__exp2_num_118897.jpg,free__exp2_num_118897.jpg,normal,0,free,11,test,-1
data/raw/normal/free__exp2_num_126325.jpg,free__exp2_num_126325.jpg,normal,0,free,12,test,-1
data/raw/normal/free__exp2_num_126814.jpg,free__exp2_num_126814.jpg,normal,0,free,13,trainval,4
data/raw/normal/free__exp2_num_127664.jpg,free__exp2_num_127664.jpg,normal,0,free,14,trainval,4
data/raw/normal/free__exp2_num_128095.jpg,free__exp2_num_128095.jpg,normal,0,free,15,trainval,2
data/raw/normal/free__exp2_num_129608.jpg,free__exp2_num_129608.jpg,normal,0,free,159,trainval,0
data/raw/normal/free__exp2_num_13549.jpg,free__exp2_num_13549.jpg,normal,0,free,17,trainval,0
data/raw/normal/free__exp2_num_138627.jpg,free__exp2_num_138627.jpg,normal,0,free,18,trainval,1
data/raw/normal/free__exp2_num_143192.jpg,free__exp2_num_143192.jpg,normal,0,free,19,trainval,3
data/raw/normal/free__exp2_num_144192.jpg,free__exp2_num_144192.jpg,normal,0,free,20,trainval,0
data/raw/normal/free__exp2_num_147954.jpg,free__exp2_num_147954.jpg,normal,0,free,21,trainval,2
data/raw/normal/free__exp2_num_148952.jpg,free__exp2_num_148952.jpg,normal,0,free,160,trainval,4
data/raw/normal/free__exp2_num_154576.jpg,free__exp2_num_154576.jpg,normal,0,free,161,trainval,3
data/raw/normal/free__exp2_num_157196.jpg,free__exp2_num_157196.jpg,normal,0,free,162,trainval,0
data/raw/normal/free__exp2_num_157736.jpg,free__exp2_num_157736.jpg,normal,0,free,163,trainval,4
data/raw/normal/free__exp2_num_16532.jpg,free__exp2_num_16532.jpg,normal,0,free,26,trainval,1
data/raw/normal/free__exp2_num_165392.jpg,free__exp2_num_165392.jpg,normal,0,free,164,trainval,2
data/raw/normal/free__exp2_num_166200.jpg,free__exp2_num_166200.jpg,normal,0,free,165,trainval,2
data/raw/normal/free__exp2_num_174675.jpg,free__exp2_num_174675.jpg,normal,0,free,29,trainval,2
data/raw/normal/free__exp2_num_177935.jpg,free__exp2_num_177935.jpg,normal,0,free,166,trainval,4
data/raw/normal/free__exp2_num_178482.jpg,free__exp2_num_178482.jpg,normal,0,free,31,trainval,4
data/raw/normal/free__exp2_num_180326.jpg,free__exp2_num_180326.jpg,normal,0,free,167,trainval,1
data/raw/normal/free__exp2_num_180865.jpg,free__exp2_num_180865.jpg,normal,0,free,168,trainval,4
data/raw/normal/free__exp2_num_18159.jpg,free__exp2_num_18159.jpg,normal,0,free,35,test,-1
data/raw/normal/free__exp2_num_183171.jpg,free__exp2_num_183171.jpg,normal,0,free,169,trainval,0
data/raw/normal/free__exp2_num_1836.jpg,free__exp2_num_1836.jpg,normal,0,free,170,trainval,0
data/raw/normal/free__exp2_num_183825.jpg,free__exp2_num_183825.jpg,normal,0,free,171,trainval,1
data/raw/normal/free__exp2_num_187533.jpg,free__exp2_num_187533.jpg,normal,0,free,172,trainval,1
data/raw/normal/free__exp2_num_192155.jpg,free__exp2_num_192155.jpg,normal,0,free,173,trainval,2
data/raw/normal/free__exp2_num_193126.jpg,free__exp2_num_193126.jpg,normal,0,free,174,trainval,2
data/raw/normal/free__exp2_num_195672.jpg,free__exp2_num_195672.jpg,normal,0,free,175,trainval,3
data/raw/normal/free__exp2_num_19728.jpg,free__exp2_num_19728.jpg,normal,0,free,42,trainval,1
data/raw/normal/free__exp2_num_2060.jpg,free__exp2_num_2060.jpg,normal,0,free,176,test,-1
data/raw/normal/free__exp2_num_240063.jpg,free__exp2_num_240063.jpg,normal,0,free,177,trainval,2
data/raw/normal/free__exp2_num_241368.jpg,free__exp2_num_241368.jpg,normal,0,free,178,test,-1
data/raw/normal/free__exp2_num_245780.jpg,free__exp2_num_245780.jpg,normal,0,free,179,test,-1
data/raw/normal/free__exp2_num_246323.jpg,free__exp2_num_246323.jpg,normal,0,free,47,trainval,1
data/raw/normal/free__exp2_num_251454.jpg,free__exp2_num_251454.jpg,normal,0,free,48,trainval,0
data/raw/normal/free__exp2_num_255674.jpg,free__exp2_num_255674.jpg,normal,0,free,49,trainval,1
data/raw/normal/free__exp2_num_256286.jpg,free__exp2_num_256286.jpg,normal,0,free,50,trainval,2
data/raw/normal/free__exp2_num_257132.jpg,free__exp2_num_257132.jpg,normal,0,free,51,trainval,2
data/raw/normal/free__exp2_num_257656.jpg,free__exp2_num_257656.jpg,normal,0,free,52,trainval,4
data/raw/normal/free__exp2_num_258847.jpg,free__exp2_num_258847.jpg,normal,0,free,180,test,-1
data/raw/normal/free__exp2_num_260505.jpg,free__exp2_num_260505.jpg,normal,0,free,181,trainval,1
data/raw/normal/free__exp2_num_260949.jpg,free__exp2_num_260949.jpg,normal,0,free,182,trainval,4
data/raw/normal/free__exp2_num_261961.jpg,free__exp2_num_261961.jpg,normal,0,free,57,trainval,0
data/raw/normal/free__exp2_num_262233.jpg,free__exp2_num_262233.jpg,normal,0,free,58,trainval,4
data/raw/normal/free__exp2_num_262661.jpg,free__exp2_num_262661.jpg,normal,0,free,183,trainval,4
data/raw/normal/free__exp2_num_2627.jpg,free__exp2_num_2627.jpg,normal,0,free,184,trainval,2
data/raw/normal/free__exp2_num_263852.jpg,free__exp2_num_263852.jpg,normal,0,free,60,trainval,3
data/raw/normal/free__exp2_num_264206.jpg,free__exp2_num_264206.jpg,normal,0,free,61,trainval,1
data/raw/normal/free__exp2_num_266301.jpg,free__exp2_num_266301.jpg,normal,0,free,185,trainval,2
data/raw/normal/free__exp2_num_266815.jpg,free__exp2_num_266815.jpg,normal,0,free,63,trainval,0
data/raw/normal/free__exp2_num_269104.jpg,free__exp2_num_269104.jpg,normal,0,free,64,trainval,0
data/raw/normal/free__exp2_num_269652.jpg,free__exp2_num_269652.jpg,normal,0,free,65,trainval,1
data/raw/normal/free__exp2_num_270577.jpg,free__exp2_num_270577.jpg,normal,0,free,186,trainval,4
data/raw/normal/free__exp2_num_270781.jpg,free__exp2_num_270781.jpg,normal,0,free,67,trainval,1
data/raw/normal/free__exp2_num_275393.jpg,free__exp2_num_275393.jpg,normal,0,free,187,test,-1
data/raw/normal/free__exp2_num_275685.jpg,free__exp2_num_275685.jpg,normal,0,free,188,trainval,1
data/raw/normal/free__exp2_num_277012.jpg,free__exp2_num_277012.jpg,normal,0,free,189,trainval,4
data/raw/normal/free__exp2_num_278584.jpg,free__exp2_num_278584.jpg,normal,0,free,190,test,-1
data/raw/normal/free__exp2_num_279109.jpg,free__exp2_num_279109.jpg,normal,0,free,72,trainval,4
data/raw/normal/free__exp2_num_280233.jpg,free__exp2_num_280233.jpg,normal,0,free,73,test,-1
data/raw/normal/free__exp2_num_280962.jpg,free__exp2_num_280962.jpg,normal,0,free,74,trainval,3
data/raw/normal/free__exp2_num_282899.jpg,free__exp2_num_282899.jpg,normal,0,free,75,trainval,4
data/raw/normal/free__exp2_num_283218.jpg,free__exp2_num_283218.jpg,normal,0,free,191,trainval,3
data/raw/normal/free__exp2_num_284861.jpg,free__exp2_num_284861.jpg,normal,0,free,77,trainval,1
data/raw/normal/free__exp2_num_286251.jpg,free__exp2_num_286251.jpg,normal,0,free,192,test,-1
data/raw/normal/free__exp2_num_289612.jpg,free__exp2_num_289612.jpg,normal,0,free,193,trainval,3
data/raw/normal/free__exp2_num_290068.jpg,free__exp2_num_290068.jpg,normal,0,free,194,trainval,4
data/raw/normal/free__exp2_num_292109.jpg,free__exp2_num_292109.jpg,normal,0,free,195,trainval,4
data/raw/normal/free__exp2_num_293276.jpg,free__exp2_num_293276.jpg,normal,0,free,82,trainval,1
data/raw/normal/free__exp2_num_293729.jpg,free__exp2_num_293729.jpg,normal,0,free,196,trainval,4
data/raw/normal/free__exp2_num_29493.jpg,free__exp2_num_29493.jpg,normal,0,free,84,trainval,4
data/raw/normal/free__exp2_num_296655.jpg,free__exp2_num_296655.jpg,normal,0,free,85,trainval,3
data/raw/normal/free__exp2_num_297298.jpg,free__exp2_num_297298.jpg,normal,0,free,86,trainval,3
data/raw/normal/free__exp2_num_299741.jpg,free__exp2_num_299741.jpg,normal,0,free,197,test,-1
data/raw/normal/free__exp2_num_301499.jpg,free__exp2_num_301499.jpg,normal,0,free,198,trainval,3
data/raw/normal/free__exp2_num_304307.jpg,free__exp2_num_304307.jpg,normal,0,free,89,trainval,1
data/raw/normal/free__exp2_num_304688.jpg,free__exp2_num_304688.jpg,normal,0,free,199,trainval,0
data/raw/normal/free__exp2_num_304861.jpg,free__exp2_num_304861.jpg,normal,0,free,200,test,-1
data/raw/normal/free__exp2_num_306443.jpg,free__exp2_num_306443.jpg,normal,0,free,201,trainval,1
data/raw/normal/free__exp2_num_306609.jpg,free__exp2_num_306609.jpg,normal,0,free,93,trainval,3
data/raw/normal/free__exp2_num_308824.jpg,free__exp2_num_308824.jpg,normal,0,free,202,trainval,3
data/raw/normal/free__exp2_num_309366.jpg,free__exp2_num_309366.jpg,normal,0,free,95,trainval,2
data/raw/normal/free__exp2_num_309668.jpg,free__exp2_num_309668.jpg,normal,0,free,203,trainval,3
data/raw/normal/free__exp2_num_31124.jpg,free__exp2_num_31124.jpg,normal,0,free,204,trainval,2
data/raw/normal/free__exp2_num_311334.jpg,free__exp2_num_311334.jpg,normal,0,free,205,trainval,1
data/raw/normal/free__exp2_num_313853.jpg,free__exp2_num_313853.jpg,normal,0,free,99,trainval,0
data/raw/normal/free__exp2_num_315006.jpg,free__exp2_num_315006.jpg,normal,0,free,206,test,-1
data/raw/normal/free__exp2_num_316344.jpg,free__exp2_num_316344.jpg,normal,0,free,207,trainval,2
data/raw/normal/free__exp2_num_316715.jpg,free__exp2_num_316715.jpg,normal,0,free,102,trainval,2
data/raw/normal/free__exp2_num_317576.jpg,free__exp2_num_317576.jpg,normal,0,free,208,test,-1
data/raw/normal/free__exp2_num_317911.jpg,free__exp2_num_317911.jpg,normal,0,free,104,trainval,3
data/raw/normal/free__exp2_num_319334.jpg,free__exp2_num_319334.jpg,normal,0,free,209,trainval,0
data/raw/normal/free__exp2_num_319440.jpg,free__exp2_num_319440.jpg,normal,0,free,210,trainval,2
data/raw/normal/free__exp2_num_319698.jpg,free__exp2_num_319698.jpg,normal,0,free,211,trainval,0
data/raw/normal/free__exp2_num_320463.jpg,free__exp2_num_320463.jpg,normal,0,free,108,trainval,0
data/raw/normal/free__exp2_num_320822.jpg,free__exp2_num_320822.jpg,normal,0,free,109,trainval,2
data/raw/normal/free__exp2_num_321452.jpg,free__exp2_num_321452.jpg,normal,0,free,212,trainval,1
data/raw/normal/free__exp2_num_323339.jpg,free__exp2_num_323339.jpg,normal,0,free,110,trainval,0
data/raw/normal/free__exp2_num_326603.jpg,free__exp2_num_326603.jpg,normal,0,free,111,trainval,2
data/raw/normal/free__exp2_num_326923.jpg,free__exp2_num_326923.jpg,normal,0,free,112,trainval,3
data/raw/normal/free__exp2_num_329231.jpg,free__exp2_num_329231.jpg,normal,0,free,213,trainval,4
data/raw/normal/free__exp2_num_331174.jpg,free__exp2_num_331174.jpg,normal,0,free,214,trainval,4
data/raw/normal/free__exp2_num_331946.jpg,free__exp2_num_331946.jpg,normal,0,free,215,trainval,4
data/raw/normal/free__exp2_num_332707.jpg,free__exp2_num_332707.jpg,normal,0,free,216,trainval,2
data/raw/normal/free__exp2_num_337671.jpg,free__exp2_num_337671.jpg,normal,0,free,116,trainval,3
data/raw/normal/free__exp2_num_338872.jpg,free__exp2_num_338872.jpg,normal,0,free,117,trainval,0
data/raw/normal/free__exp2_num_34101.jpg,free__exp2_num_34101.jpg,normal,0,free,217,trainval,3
data/raw/normal/free__exp2_num_342873.jpg,free__exp2_num_342873.jpg,normal,0,free,218,trainval,4
data/raw/normal/free__exp2_num_344570.jpg,free__exp2_num_344570.jpg,normal,0,free,219,trainval,3
data/raw/normal/free__exp2_num_346332.jpg,free__exp2_num_346332.jpg,normal,0,free,220,trainval,3
data/raw/normal/free__exp2_num_349844.jpg,free__exp2_num_349844.jpg,normal,0,free,121,trainval,4
data/raw/normal/free__exp2_num_351066.jpg,free__exp2_num_351066.jpg,normal,0,free,123,trainval,0
data/raw/normal/free__exp2_num_351450.jpg,free__exp2_num_351450.jpg,normal,0,free,124,trainval,0
data/raw/normal/free__exp2_num_3524.jpg,free__exp2_num_3524.jpg,normal,0,free,221,trainval,2
data/raw/normal/free__exp2_num_354402.jpg,free__exp2_num_354402.jpg,normal,0,free,125,trainval,0
data/raw/normal/free__exp2_num_355658.jpg,free__exp2_num_355658.jpg,normal,0,free,126,trainval,3
data/raw/normal/free__exp2_num_358116.jpg,free__exp2_num_358116.jpg,normal,0,free,127,trainval,1
data/raw/normal/free__exp2_num_358960.jpg,free__exp2_num_358960.jpg,normal,0,free,128,trainval,3
data/raw/normal/free__exp2_num_359476.jpg,free__exp2_num_359476.jpg,normal,0,free,129,trainval,2
data/raw/normal/free__exp2_num_37263.jpg,free__exp2_num_37263.jpg,normal,0,free,130,test,-1
data/raw/normal/free__exp2_num_37273.jpg,free__exp2_num_37273.jpg,normal,0,free,222,trainval,4
data/raw/normal/free__exp2_num_38004.jpg,free__exp2_num_38004.jpg,normal,0,free,133,trainval,2
data/raw/normal/free__exp2_num_3811.jpg,free__exp2_num_3811.jpg,normal,0,free,223,trainval,3
data/raw/normal/free__exp2_num_39430.jpg,free__exp2_num_39430.jpg,normal,0,free,224,trainval,4
data/raw/normal/free__exp2_num_43841.jpg,free__exp2_num_43841.jpg,normal,0,free,225,trainval,2
data/raw/normal/free__exp2_num_50402.jpg,free__exp2_num_50402.jpg,normal,0,free,136,trainval,4
data/raw/normal/free__exp2_num_51097.jpg,free__exp2_num_51097.jpg,normal,0,free,137,trainval,2
data/raw/normal/free__exp2_num_52677.jpg,free__exp2_num_52677.jpg,normal,0,free,226,test,-1
data/raw/normal/free__exp2_num_53025.jpg,free__exp2_num_53025.jpg,normal,0,free,139,test,-1
data/raw/normal/free__exp2_num_54126.jpg,free__exp2_num_54126.jpg,normal,0,free,227,trainval,0
data/raw/normal/free__exp2_num_54925.jpg,free__exp2_num_54925.jpg,normal,0,free,228,trainval,1
data/raw/normal/free__exp2_num_5924.jpg,free__exp2_num_5924.jpg,normal,0,free,142,trainval,4
data/raw/normal/free__exp2_num_61324.jpg,free__exp2_num_61324.jpg,normal,0,free,229,trainval,0
data/raw/normal/free__exp2_num_65017.jpg,free__exp2_num_65017.jpg,normal,0,free,139,test,-1
data/raw/normal/free__exp2_num_6528.jpg,free__exp2_num_6528.jpg,normal,0,free,144,test,-1
data/raw/normal/free__exp2_num_6558.jpg,free__exp2_num_6558.jpg,normal,0,free,230,trainval,0
data/raw/normal/free__exp2_num_68382.jpg,free__exp2_num_68382.jpg,normal,0,free,231,test,-1
data/raw/normal/free__exp2_num_69830.jpg,free__exp2_num_69830.jpg,normal,0,free,232,test,-1
data/raw/normal/free__exp2_num_70514.jpg,free__exp2_num_70514.jpg,normal,0,free,233,trainval,4
data/raw/normal/free__exp2_num_71201.jpg,free__exp2_num_71201.jpg,normal,0,free,234,trainval,1
data/raw/normal/free__exp2_num_75106.jpg,free__exp2_num_75106.jpg,normal,0,free,235,trainval,1
data/raw/normal/free__exp2_num_7886.jpg,free__exp2_num_7886.jpg,normal,0,free,236,test,-1
data/raw/normal/free__exp2_num_834.jpg,free__exp2_num_834.jpg,normal,0,free,152,trainval,1
data/raw/normal/free__exp2_num_887.jpg,free__exp2_num_887.jpg,normal,0,free,237,trainval,3
data/raw/normal/free__exp2_num_90988.jpg,free__exp2_num_90988.jpg,normal,0,free,154,trainval,1
data/raw/normal/free__exp2_num_94922.jpg,free__exp2_num_94922.jpg,normal,0,free,155,trainval,2
data/raw/normal/free__exp3_num_10215.jpg,free__exp3_num_10215.jpg,normal,0,free,156,test,-1
data/raw/normal/free__exp3_num_10448.jpg,free__exp3_num_10448.jpg,normal,0,free,157,trainval,1
data/raw/normal/free__exp3_num_106186.jpg,free__exp3_num_106186.jpg,normal,0,free,3,test,-1
data/raw/normal/free__exp3_num_106779.jpg,free__exp3_num_106779.jpg,normal,0,free,238,trainval,1
data/raw/normal/free__exp3_num_10945.jpg,free__exp3_num_10945.jpg,normal,0,free,5,trainval,3
data/raw/normal/free__exp3_num_110136.jpg,free__exp3_num_110136.jpg,normal,0,free,6,trainval,3
data/raw/normal/free__exp3_num_11304.jpg,free__exp3_num_11304.jpg,normal,0,free,7,trainval,1
data/raw/normal/free__exp3_num_114419.jpg,free__exp3_num_114419.jpg,normal,0,free,239,test,-1
data/raw/normal/free__exp3_num_116299.jpg,free__exp3_num_116299.jpg,normal,0,free,9,trainval,4
data/raw/normal/free__exp3_num_116991.jpg,free__exp3_num_116991.jpg,normal,0,free,240,trainval,3
data/raw/normal/free__exp3_num_118911.jpg,free__exp3_num_118911.jpg,normal,0,free,11,test,-1
data/raw/normal/free__exp3_num_126339.jpg,free__exp3_num_126339.jpg,normal,0,free,12,test,-1
data/raw/normal/free__exp3_num_126827.jpg,free__exp3_num_126827.jpg,normal,0,free,13,trainval,4
data/raw/normal/free__exp3_num_127677.jpg,free__exp3_num_127677.jpg,normal,0,free,14,trainval,4
data/raw/normal/free__exp3_num_128108.jpg,free__exp3_num_128108.jpg,normal,0,free,15,trainval,2
data/raw/normal/free__exp3_num_129632.jpg,free__exp3_num_129632.jpg,normal,0,free,241,test,-1
data/raw/normal/free__exp3_num_13568.jpg,free__exp3_num_13568.jpg,normal,0,free,17,trainval,0
data/raw/normal/free__exp3_num_138649.jpg,free__exp3_num_138649.jpg,normal,0,free,18,trainval,1
data/raw/normal/free__exp3_num_143234.jpg,free__exp3_num_143234.jpg,normal,0,free,19,trainval,3
data/raw/normal/free__exp3_num_144210.jpg,free__exp3_num_144210.jpg,normal,0,free,20,trainval,0
data/raw/normal/free__exp3_num_147971.jpg,free__exp3_num_147971.jpg,normal,0,free,21,trainval,2
data/raw/normal/free__exp3_num_154595.jpg,free__exp3_num_154595.jpg,normal,0,free,242,trainval,0
data/raw/normal/free__exp3_num_157220.jpg,free__exp3_num_157220.jpg,normal,0,free,162,trainval,0
data/raw/normal/free__exp3_num_157763.jpg,free__exp3_num_157763.jpg,normal,0,free,163,trainval,4
data/raw/normal/free__exp3_num_165409.jpg,free__exp3_num_165409.jpg,normal,0,free,243,trainval,4
data/raw/normal/free__exp3_num_16556.jpg,free__exp3_num_16556.jpg,normal,0,free,26,trainval,1
data/raw/normal/free__exp3_num_166221.jpg,free__exp3_num_166221.jpg,normal,0,free,28,trainval,3
data/raw/normal/free__exp3_num_174699.jpg,free__exp3_num_174699.jpg,normal,0,free,29,trainval,2
data/raw/normal/free__exp3_num_177963.jpg,free__exp3_num_177963.jpg,normal,0,free,244,trainval,0
data/raw/normal/free__exp3_num_178510.jpg,free__exp3_num_178510.jpg,normal,0,free,245,trainval,1
data/raw/normal/free__exp3_num_180350.jpg,free__exp3_num_180350.jpg,normal,0,free,246,trainval,1
data/raw/normal/free__exp3_num_180885.jpg,free__exp3_num_180885.jpg,normal,0,free,247,trainval,3
data/raw/normal/free__exp3_num_18185.jpg,free__exp3_num_18185.jpg,normal,0,free,35,test,-1
data/raw/normal/free__exp3_num_183198.jpg,free__exp3_num_183198.jpg,normal,0,free,248,trainval,1
data/raw/normal/free__exp3_num_183846.jpg,free__exp3_num_183846.jpg,normal,0,free,249,trainval,4
data/raw/normal/free__exp3_num_1855.jpg,free__exp3_num_1855.jpg,normal,0,free,250,trainval,3
data/raw/normal/free__exp3_num_187556.jpg,free__exp3_num_187556.jpg,normal,0,free,251,trainval,3
data/raw/normal/free__exp3_num_192174.jpg,free__exp3_num_192174.jpg,normal,0,free,252,test,-1
data/raw/normal/free__exp3_num_193139.jpg,free__exp3_num_193139.jpg,normal,0,free,174,trainval,2
data/raw/normal/free__exp3_num_195685.jpg,free__exp3_num_195685.jpg,normal,0,free,253,trainval,3
data/raw/normal/free__exp3_num_19753.jpg,free__exp3_num_19753.jpg,normal,0,free,42,trainval,1
data/raw/normal/free__exp3_num_2074.jpg,free__exp3_num_2074.jpg,normal,0,free,176,test,-1
data/raw/normal/free__exp3_num_240077.jpg,free__exp3_num_240077.jpg,normal,0,free,44,trainval,0
data/raw/normal/free__exp3_num_241380.jpg,free__exp3_num_241380.jpg,normal,0,free,254,trainval,0
data/raw/normal/free__exp3_num_245792.jpg,free__exp3_num_245792.jpg,normal,0,free,255,trainval,4
data/raw/normal/free__exp3_num_246338.jpg,free__exp3_num_246338.jpg,normal,0,free,47,trainval,1
data/raw/normal/free__exp3_num_251473.jpg,free__exp3_num_251473.jpg,normal,0,free,48,trainval,0
data/raw/normal/free__exp3_num_255696.jpg,free__exp3_num_255696.jpg,normal,0,free,49,trainval,1
data/raw/normal/free__exp3_num_256305.jpg,free__exp3_num_256305.jpg,normal,0,free,50,trainval,2
data/raw/normal/free__exp3_num_257158.jpg,free__exp3_num_257158.jpg,normal,0,free,51,trainval,2
data/raw/normal/free__exp3_num_257678.jpg,free__exp3_num_257678.jpg,normal,0,free,52,trainval,4
data/raw/normal/free__exp3_num_258867.jpg,free__exp3_num_258867.jpg,normal,0,free,256,trainval,1
data/raw/normal/free__exp3_num_260521.jpg,free__exp3_num_260521.jpg,normal,0,free,257,trainval,0
data/raw/normal/free__exp3_num_260963.jpg,free__exp3_num_260963.jpg,normal,0,free,258,trainval,2
data/raw/normal/free__exp3_num_261977.jpg,free__exp3_num_261977.jpg,normal,0,free,259,test,-1
data/raw/normal/free__exp3_num_262246.jpg,free__exp3_num_262246.jpg,normal,0,free,58,trainval,4
data/raw/normal/free__exp3_num_262674.jpg,free__exp3_num_262674.jpg,normal,0,free,59,test,-1
data/raw/normal/free__exp3_num_263864.jpg,free__exp3_num_263864.jpg,normal,0,free,60,trainval,3
data/raw/normal/free__exp3_num_2642.jpg,free__exp3_num_2642.jpg,normal,0,free,260,trainval,4
data/raw/normal/free__exp3_num_264225.jpg,free__exp3_num_264225.jpg,normal,0,free,61,trainval,1
data/raw/normal/free__exp3_num_266316.jpg,free__exp3_num_266316.jpg,normal,0,free,261,trainval,0
data/raw/normal/free__exp3_num_266831.jpg,free__exp3_num_266831.jpg,normal,0,free,63,trainval,0
data/raw/normal/free__exp3_num_269121.jpg,free__exp3_num_269121.jpg,normal,0,free,64,trainval,0
data/raw/normal/free__exp3_num_269668.jpg,free__exp3_num_269668.jpg,normal,0,free,262,trainval,0
data/raw/normal/free__exp3_num_270593.jpg,free__exp3_num_270593.jpg,normal,0,free,263,trainval,4
data/raw/normal/free__exp3_num_270803.jpg,free__exp3_num_270803.jpg,normal,0,free,67,trainval,1
data/raw/normal/free__exp3_num_275407.jpg,free__exp3_num_275407.jpg,normal,0,free,187,test,-1
data/raw/normal/free__exp3_num_275697.jpg,free__exp3_num_275697.jpg,normal,0,free,264,test,-1
data/raw/normal/free__exp3_num_277027.jpg,free__exp3_num_277027.jpg,normal,0,free,265,trainval,3
data/raw/normal/free__exp3_num_278595.jpg,free__exp3_num_278595.jpg,normal,0,free,266,trainval,1
data/raw/normal/free__exp3_num_279122.jpg,free__exp3_num_279122.jpg,normal,0,free,72,trainval,4
data/raw/normal/free__exp3_num_280246.jpg,free__exp3_num_280246.jpg,normal,0,free,267,trainval,0
data/raw/normal/free__exp3_num_280977.jpg,free__exp3_num_280977.jpg,normal,0,free,268,trainval,3
data/raw/normal/free__exp3_num_282911.jpg,free__exp3_num_282911.jpg,normal,0,free,75,trainval,4
data/raw/normal/free__exp3_num_283229.jpg,free__exp3_num_283229.jpg,normal,0,free,269,test,-1
data/raw/normal/free__exp3_num_284875.jpg,free__exp3_num_284875.jpg,normal,0,free,77,trainval,1
data/raw/normal/free__exp3_num_286265.jpg,free__exp3_num_286265.jpg,normal,0,free,192,test,-1
data/raw/normal/free__exp3_num_289625.jpg,free__exp3_num_289625.jpg,normal,0,free,79,trainval,2
data/raw/normal/free__exp3_num_290081.jpg,free__exp3_num_290081.jpg,normal,0,free,270,trainval,2
data/raw/normal/free__exp3_num_292124.jpg,free__exp3_num_292124.jpg,normal,0,free,271,trainval,2
data/raw/normal/free__exp3_num_293289.jpg,free__exp3_num_293289.jpg,normal,0,free,272,trainval,0
data/raw/normal/free__exp3_num_293742.jpg,free__exp3_num_293742.jpg,normal,0,free,273,trainval,3
data/raw/normal/free__exp3_num_29508.jpg,free__exp3_num_29508.jpg,normal,0,free,84,trainval,4
data/raw/normal/free__exp3_num_296668.jpg,free__exp3_num_296668.jpg,normal,0,free,274,trainval,0
data/raw/normal/free__exp3_num_297311.jpg,free__exp3_num_297311.jpg,normal,0,free,86,trainval,3
data/raw/normal/free__exp3_num_299758.jpg,free__exp3_num_299758.jpg,normal,0,free,275,trainval,2
data/raw/normal/free__exp3_num_301511.jpg,free__exp3_num_301511.jpg,normal,0,free,198,trainval,3
data/raw/normal/free__exp3_num_304319.jpg,free__exp3_num_304319.jpg,normal,0,free,89,trainval,1
data/raw/normal/free__exp3_num_304701.jpg,free__exp3_num_304701.jpg,normal,0,free,199,trainval,0
data/raw/normal/free__exp3_num_304882.jpg,free__exp3_num_304882.jpg,normal,0,free,276,trainval,1
data/raw/normal/free__exp3_num_306457.jpg,free__exp3_num_306457.jpg,normal,0,free,277,trainval,4
data/raw/normal/free__exp3_num_306622.jpg,free__exp3_num_306622.jpg,normal,0,free,93,trainval,3
data/raw/normal/free__exp3_num_308837.jpg,free__exp3_num_308837.jpg,normal,0,free,202,trainval,3
data/raw/normal/free__exp3_num_309379.jpg,free__exp3_num_309379.jpg,normal,0,free,95,trainval,2
data/raw/normal/free__exp3_num_309681.jpg,free__exp3_num_309681.jpg,normal,0,free,96,trainval,3
data/raw/normal/free__exp3_num_311344.jpg,free__exp3_num_311344.jpg,normal,0,free,278,trainval,0
data/raw/normal/free__exp3_num_31138.jpg,free__exp3_num_31138.jpg,normal,0,free,279,trainval,3
data/raw/normal/free__exp3_num_313866.jpg,free__exp3_num_313866.jpg,normal,0,free,99,trainval,0
data/raw/normal/free__exp3_num_315020.jpg,free__exp3_num_315020.jpg,normal,0,free,280,trainval,3
data/raw/normal/free__exp3_num_316354.jpg,free__exp3_num_316354.jpg,normal,0,free,281,trainval,3
data/raw/normal/free__exp3_num_316726.jpg,free__exp3_num_316726.jpg,normal,0,free,102,trainval,2
data/raw/normal/free__exp3_num_317588.jpg,free__exp3_num_317588.jpg,normal,0,free,103,trainval,3
data/raw/normal/free__exp3_num_317925.jpg,free__exp3_num_317925.jpg,normal,0,free,104,trainval,3
data/raw/normal/free__exp3_num_319346.jpg,free__exp3_num_319346.jpg,normal,0,free,105,trainval,2
data/raw/normal/free__exp3_num_319456.jpg,free__exp3_num_319456.jpg,normal,0,free,282,test,-1
data/raw/normal/free__exp3_num_319713.jpg,free__exp3_num_319713.jpg,normal,0,free,107,trainval,3
data/raw/normal/free__exp3_num_320486.jpg,free__exp3_num_320486.jpg,normal,0,free,108,trainval,0
data/raw/normal/free__exp3_num_320833.jpg,free__exp3_num_320833.jpg,normal,0,free,109,trainval,2
data/raw/normal/free__exp3_num_321466.jpg,free__exp3_num_321466.jpg,normal,0,free,283,test,-1
data/raw/normal/free__exp3_num_323352.jpg,free__exp3_num_323352.jpg,normal,0,free,284,trainval,4
data/raw/normal/free__exp3_num_326615.jpg,free__exp3_num_326615.jpg,normal,0,free,285,trainval,4
data/raw/normal/free__exp3_num_326938.jpg,free__exp3_num_326938.jpg,normal,0,free,112,trainval,3
data/raw/normal/free__exp3_num_329247.jpg,free__exp3_num_329247.jpg,normal,0,free,286,trainval,1
data/raw/normal/free__exp3_num_331190.jpg,free__exp3_num_331190.jpg,normal,0,free,214,trainval,4
data/raw/normal/free__exp3_num_331958.jpg,free__exp3_num_331958.jpg,normal,0,free,114,trainval,2
data/raw/normal/free__exp3_num_332719.jpg,free__exp3_num_332719.jpg,normal,0,free,115,trainval,0
data/raw/normal/free__exp3_num_337688.jpg,free__exp3_num_337688.jpg,normal,0,free,116,trainval,3
data/raw/normal/free__exp3_num_338885.jpg,free__exp3_num_338885.jpg,normal,0,free,117,trainval,0
data/raw/normal/free__exp3_num_34117.jpg,free__exp3_num_34117.jpg,normal,0,free,287,trainval,1
data/raw/normal/free__exp3_num_342889.jpg,free__exp3_num_342889.jpg,normal,0,free,218,trainval,4
data/raw/normal/free__exp3_num_344580.jpg,free__exp3_num_344580.jpg,normal,0,free,288,trainval,0
data/raw/normal/free__exp3_num_349856.jpg,free__exp3_num_349856.jpg,normal,0,free,121,trainval,4
data/raw/normal/free__exp3_num_351078.jpg,free__exp3_num_351078.jpg,normal,0,free,123,trainval,0
data/raw/normal/free__exp3_num_351463.jpg,free__exp3_num_351463.jpg,normal,0,free,124,trainval,0
data/raw/normal/free__exp3_num_3539.jpg,free__exp3_num_3539.jpg,normal,0,free,289,trainval,0
data/raw/normal/free__exp3_num_354417.jpg,free__exp3_num_354417.jpg,normal,0,free,125,trainval,0
data/raw/normal/free__exp3_num_355669.jpg,free__exp3_num_355669.jpg,normal,0,free,126,trainval,3
data/raw/normal/free__exp3_num_358127.jpg,free__exp3_num_358127.jpg,normal,0,free,127,trainval,1
data/raw/normal/free__exp3_num_358972.jpg,free__exp3_num_358972.jpg,normal,0,free,128,trainval,3
data/raw/normal/free__exp3_num_359489.jpg,free__exp3_num_359489.jpg,normal,0,free,129,trainval,2
data/raw/normal/free__exp3_num_37056.jpg,free__exp3_num_37056.jpg,normal,0,free,290,trainval,1
data/raw/normal/free__exp3_num_37278.jpg,free__exp3_num_37278.jpg,normal,0,free,130,test,-1
data/raw/normal/free__exp3_num_37556.jpg,free__exp3_num_37556.jpg,normal,0,free,131,trainval,0
data/raw/normal/free__exp3_num_38023.jpg,free__exp3_num_38023.jpg,normal,0,free,133,trainval,2
data/raw/normal/free__exp3_num_3828.jpg,free__exp3_num_3828.jpg,normal,0,free,132,trainval,3
data/raw/normal/free__exp3_num_39447.jpg,free__exp3_num_39447.jpg,normal,0,free,224,trainval,4
data/raw/normal/free__exp3_num_43853.jpg,free__exp3_num_43853.jpg,normal,0,free,291,trainval,3
data/raw/normal/free__exp3_num_50415.jpg,free__exp3_num_50415.jpg,normal,0,free,136,trainval,4
data/raw/normal/free__exp3_num_51112.jpg,free__exp3_num_51112.jpg,normal,0,free,137,trainval,2
data/raw/normal/free__exp3_num_52702.jpg,free__exp3_num_52702.jpg,normal,0,free,292,trainval,4
data/raw/normal/free__exp3_num_53038.jpg,free__exp3_num_53038.jpg,normal,0,free,139,test,-1
data/raw/normal/free__exp3_num_54145.jpg,free__exp3_num_54145.jpg,normal,0,free,140,trainval,4
data/raw/normal/free__exp3_num_54942.jpg,free__exp3_num_54942.jpg,normal,0,free,293,trainval,0
data/raw/normal/free__exp3_num_5941.jpg,free__exp3_num_5941.jpg,normal,0,free,142,trainval,4
data/raw/normal/free__exp3_num_61338.jpg,free__exp3_num_61338.jpg,normal,0,free,294,trainval,2
data/raw/normal/free__exp3_num_65031.jpg,free__exp3_num_65031.jpg,normal,0,free,139,test,-1
data/raw/normal/free__exp3_num_6541.jpg,free__exp3_num_6541.jpg,normal,0,free,144,test,-1
data/raw/normal/free__exp3_num_6571.jpg,free__exp3_num_6571.jpg,normal,0,free,230,trainval,0
data/raw/normal/free__exp3_num_68398.jpg,free__exp3_num_68398.jpg,normal,0,free,295,trainval,1
data/raw/normal/free__exp3_num_69845.jpg,free__exp3_num_69845.jpg,normal,0,free,296,trainval,3
data/raw/normal/free__exp3_num_70527.jpg,free__exp3_num_70527.jpg,normal,0,free,297,trainval,1
data/raw/normal/free__exp3_num_71224.jpg,free__exp3_num_71224.jpg,normal,0,free,298,trainval,1
data/raw/normal/free__exp3_num_75119.jpg,free__exp3_num_75119.jpg,normal,0,free,235,trainval,1
data/raw/normal/free__exp3_num_7899.jpg,free__exp3_num_7899.jpg,normal,0,free,299,trainval,1
data/raw/normal/free__exp3_num_91008.jpg,free__exp3_num_91008.jpg,normal,0,free,154,trainval,1
data/raw/normal/free__exp3_num_913.jpg,free__exp3_num_913.jpg,normal,0,free,0,trainval,2
data/raw/normal/free__exp3_num_94938.jpg,free__exp3_num_94938.jpg,normal,0,free,155,trainval,2
data/raw/normal/free__exp4_num_10227.jpg,free__exp4_num_10227.jpg,normal,0,free,156,test,-1
data/raw/normal/free__exp4_num_106203.jpg,free__exp4_num_106203.jpg,normal,0,free,3,test,-1
data/raw/normal/free__exp4_num_10642.jpg,free__exp4_num_10642.jpg,normal,0,free,157,trainval,1
data/raw/normal/free__exp4_num_106801.jpg,free__exp4_num_106801.jpg,normal,0,free,300,trainval,2
data/raw/normal/free__exp4_num_10957.jpg,free__exp4_num_10957.jpg,normal,0,free,5,trainval,3
data/raw/normal/free__exp4_num_110151.jpg,free__exp4_num_110151.jpg,normal,0,free,6,trainval,3
data/raw/normal/free__exp4_num_11314.jpg,free__exp4_num_11314.jpg,normal,0,free,7,trainval,1
data/raw/normal/free__exp4_num_114433.jpg,free__exp4_num_114433.jpg,normal,0,free,8,trainval,0
data/raw/normal/free__exp4_num_116311.jpg,free__exp4_num_116311.jpg,normal,0,free,9,trainval,4
data/raw/normal/free__exp4_num_117012.jpg,free__exp4_num_117012.jpg,normal,0,free,301,trainval,1
data/raw/normal/free__exp4_num_118925.jpg,free__exp4_num_118925.jpg,normal,0,free,11,test,-1
data/raw/normal/free__exp4_num_126353.jpg,free__exp4_num_126353.jpg,normal,0,free,12,test,-1
data/raw/normal/free__exp4_num_126840.jpg,free__exp4_num_126840.jpg,normal,0,free,13,trainval,4
data/raw/normal/free__exp4_num_127690.jpg,free__exp4_num_127690.jpg,normal,0,free,14,trainval,4
data/raw/normal/free__exp4_num_128120.jpg,free__exp4_num_128120.jpg,normal,0,free,302,trainval,4
data/raw/normal/free__exp4_num_129654.jpg,free__exp4_num_129654.jpg,normal,0,free,303,trainval,4
data/raw/normal/free__exp4_num_13589.jpg,free__exp4_num_13589.jpg,normal,0,free,17,trainval,0
data/raw/normal/free__exp4_num_138670.jpg,free__exp4_num_138670.jpg,normal,0,free,18,trainval,1
data/raw/normal/free__exp4_num_143255.jpg,free__exp4_num_143255.jpg,normal,0,free,19,trainval,3
data/raw/normal/free__exp4_num_144227.jpg,free__exp4_num_144227.jpg,normal,0,free,20,trainval,0
data/raw/normal/free__exp4_num_147986.jpg,free__exp4_num_147986.jpg,normal,0,free,21,trainval,2
data/raw/normal/free__exp4_num_148998.jpg,free__exp4_num_148998.jpg,normal,0,free,22,test,-1
data/raw/normal/free__exp4_num_154613.jpg,free__exp4_num_154613.jpg,normal,0,free,304,trainval,3
data/raw/normal/free__exp4_num_157245.jpg,free__exp4_num_157245.jpg,normal,0,free,305,trainval,1
data/raw/normal/free__exp4_num_157789.jpg,free__exp4_num_157789.jpg,normal,0,free,306,trainval,4
data/raw/normal/free__exp4_num_165425.jpg,free__exp4_num_165425.jpg,normal,0,free,164,trainval,2
data/raw/normal/free__exp4_num_16575.jpg,free__exp4_num_16575.jpg,normal,0,free,26,trainval,1
data/raw/normal/free__exp4_num_166238.jpg,free__exp4_num_166238.jpg,normal,0,free,307,trainval,4
data/raw/normal/free__exp4_num_174720.jpg,free__exp4_num_174720.jpg,normal,0,free,308,test,-1
data/raw/normal/free__exp4_num_177987.jpg,free__exp4_num_177987.jpg,normal,0,free,309,trainval,1
data/raw/normal/free__exp4_num_178536.jpg,free__exp4_num_178536.jpg,normal,0,free,310,trainval,0
data/raw/normal/free__exp4_num_180371.jpg,free__exp4_num_180371.jpg,normal,0,free,167,trainval,1
data/raw/normal/free__exp4_num_180903.jpg,free__exp4_num_180903.jpg,normal,0,free,33,trainval,4
data/raw/normal/free__exp4_num_18204.jpg,free__exp4_num_18204.jpg,normal,0,free,35,test,-1
data/raw/normal/free__exp4_num_183223.jpg,free__exp4_num_183223.jpg,normal,0,free,311,trainval,2
data/raw/normal/free__exp4_num_183867.jpg,free__exp4_num_183867.jpg,normal,0,free,312,trainval,2
data/raw/normal/free__exp4_num_187582.jpg,free__exp4_num_187582.jpg,normal,0,free,313,trainval,2
data/raw/normal/free__exp4_num_1877.jpg,free__exp4_num_1877.jpg,normal,0,free,314,trainval,0
data/raw/normal/free__exp4_num_192192.jpg,free__exp4_num_192192.jpg,normal,0,free,315,trainval,3
data/raw/normal/free__exp4_num_193151.jpg,free__exp4_num_193151.jpg,normal,0,free,174,trainval,2
data/raw/normal/free__exp4_num_195700.jpg,free__exp4_num_195700.jpg,normal,0,free,316,trainval,4
data/raw/normal/free__exp4_num_19770.jpg,free__exp4_num_19770.jpg,normal,0,free,42,trainval,1
data/raw/normal/free__exp4_num_2086.jpg,free__exp4_num_2086.jpg,normal,0,free,176,test,-1
data/raw/normal/free__exp4_num_240090.jpg,free__exp4_num_240090.jpg,normal,0,free,44,trainval,0
data/raw/normal/free__exp4_num_241391.jpg,free__exp4_num_241391.jpg,normal,0,free,317,trainval,1
data/raw/normal/free__exp4_num_245804.jpg,free__exp4_num_245804.jpg,normal,0,free,318,test,-1
data/raw/normal/free__exp4_num_246354.jpg,free__exp4_num_246354.jpg,normal,0,free,47,trainval,1
data/raw/normal/free__exp4_num_251495.jpg,free__exp4_num_251495.jpg,normal,0,free,48,trainval,0
data/raw/normal/free__exp4_num_255718.jpg,free__exp4_num_255718.jpg,normal,0,free,49,trainval,1
data/raw/normal/free__exp4_num_256324.jpg,free__exp4_num_256324.jpg,normal,0,free,50,trainval,2
data/raw/normal/free__exp4_num_257190.jpg,free__exp4_num_257190.jpg,normal,0,free,51,trainval,2
data/raw/normal/free__exp4_num_257938.jpg,free__exp4_num_257938.jpg,normal,0,free,52,trainval,4
data/raw/normal/free__exp4_num_258885.jpg,free__exp4_num_258885.jpg,normal,0,free,319,trainval,3
data/raw/normal/free__exp4_num_260535.jpg,free__exp4_num_260535.jpg,normal,0,free,181,trainval,1
data/raw/normal/free__exp4_num_260976.jpg,free__exp4_num_260976.jpg,normal,0,free,320,trainval,4
data/raw/normal/free__exp4_num_261992.jpg,free__exp4_num_261992.jpg,normal,0,free,321,trainval,1
data/raw/normal/free__exp4_num_262258.jpg,free__exp4_num_262258.jpg,normal,0,free,322,trainval,0
data/raw/normal/free__exp4_num_262687.jpg,free__exp4_num_262687.jpg,normal,0,free,323,trainval,4
data/raw/normal/free__exp4_num_263875.jpg,free__exp4_num_263875.jpg,normal,0,free,60,trainval,3
data/raw/normal/free__exp4_num_264241.jpg,free__exp4_num_264241.jpg,normal,0,free,61,trainval,1
data/raw/normal/free__exp4_num_2657.jpg,free__exp4_num_2657.jpg,normal,0,free,324,trainval,1
data/raw/normal/free__exp4_num_266329.jpg,free__exp4_num_266329.jpg,normal,0,free,325,trainval,1
data/raw/normal/free__exp4_num_266844.jpg,free__exp4_num_266844.jpg,normal,0,free,63,trainval,0
data/raw/normal/free__exp4_num_269136.jpg,free__exp4_num_269136.jpg,normal,0,free,326,trainval,4
data/raw/normal/free__exp4_num_269682.jpg,free__exp4_num_269682.jpg,normal,0,free,327,trainval,4
data/raw/normal/free__exp4_num_270607.jpg,free__exp4_num_270607.jpg,normal,0,free,186,trainval,4
data/raw/normal/free__exp4_num_270824.jpg,free__exp4_num_270824.jpg,normal,0,free,328,test,-1
data/raw/normal/free__exp4_num_275420.jpg,free__exp4_num_275420.jpg,normal,0,free,68,trainval,2
data/raw/normal/free__exp4_num_275709.jpg,free__exp4_num_275709.jpg,normal,0,free,329,test,-1
data/raw/normal/free__exp4_num_277041.jpg,free__exp4_num_277041.jpg,normal,0,free,330,trainval,3
data/raw/normal/free__exp4_num_278605.jpg,free__exp4_num_278605.jpg,normal,0,free,190,test,-1
data/raw/normal/free__exp4_num_279133.jpg,free__exp4_num_279133.jpg,normal,0,free,72,trainval,4
data/raw/normal/free__exp4_num_280258.jpg,free__exp4_num_280258.jpg,normal,0,free,331,trainval,4
data/raw/normal/free__exp4_num_280989.jpg,free__exp4_num_280989.jpg,normal,0,free,74,trainval,3
data/raw/normal/free__exp4_num_282921.jpg,free__exp4_num_282921.jpg,normal,0,free,75,trainval,4
data/raw/normal/free__exp4_num_283240.jpg,free__exp4_num_283240.jpg,normal,0,free,332,trainval,2
data/raw/normal/free__exp4_num_284889.jpg,free__exp4_num_284889.jpg,normal,0,free,77,trainval,1
data/raw/normal/free__exp4_num_286277.jpg,free__exp4_num_286277.jpg,normal,0,free,192,test,-1
data/raw/normal/free__exp4_num_289638.jpg,free__exp4_num_289638.jpg,normal,0,free,333,test,-1
data/raw/normal/free__exp4_num_290093.jpg,free__exp4_num_290093.jpg,normal,0,free,334,trainval,2
data/raw/normal/free__exp4_num_292138.jpg,free__exp4_num_292138.jpg,normal,0,free,335,trainval,3
data/raw/normal/free__exp4_num_293302.jpg,free__exp4_num_293302.jpg,normal,0,free,82,trainval,1
data/raw/normal/free__exp4_num_293757.jpg,free__exp4_num_293757.jpg,normal,0,free,336,trainval,3
data/raw/normal/free__exp4_num_29521.jpg,free__exp4_num_29521.jpg,normal,0,free,337,trainval,4
data/raw/normal/free__exp4_num_296682.jpg,free__exp4_num_296682.jpg,normal,0,free,274,trainval,0
data/raw/normal/free__exp4_num_297324.jpg,free__exp4_num_297324.jpg,normal,0,free,338,trainval,3
data/raw/normal/free__exp4_num_299772.jpg,free__exp4_num_299772.jpg,normal,0,free,339,trainval,2
data/raw/normal/free__exp4_num_301523.jpg,free__exp4_num_301523.jpg,normal,0,free,88,trainval,0
data/raw/normal/free__exp4_num_304330.jpg,free__exp4_num_304330.jpg,normal,0,free,89,trainval,1
data/raw/normal/free__exp4_num_304714.jpg,free__exp4_num_304714.jpg,normal,0,free,199,trainval,0
data/raw/normal/free__exp4_num_304904.jpg,free__exp4_num_304904.jpg,normal,0,free,276,trainval,1
data/raw/normal/free__exp4_num_306469.jpg,free__exp4_num_306469.jpg,normal,0,free,277,trainval,4
data/raw/normal/free__exp4_num_306634.jpg,free__exp4_num_306634.jpg,normal,0,free,93,trainval,3
data/raw/normal/free__exp4_num_308849.jpg,free__exp4_num_308849.jpg,normal,0,free,340,trainval,2
data/raw/normal/free__exp4_num_309390.jpg,free__exp4_num_309390.jpg,normal,0,free,95,trainval,2
data/raw/normal/free__exp4_num_309692.jpg,free__exp4_num_309692.jpg,normal,0,free,96,trainval,3
data/raw/normal/free__exp4_num_311355.jpg,free__exp4_num_311355.jpg,normal,0,free,341,trainval,2
data/raw/normal/free__exp4_num_31150.jpg,free__exp4_num_31150.jpg,normal,0,free,279,trainval,3
data/raw/normal/free__exp4_num_313877.jpg,free__exp4_num_313877.jpg,normal,0,free,99,trainval,0
data/raw/normal/free__exp4_num_315033.jpg,free__exp4_num_315033.jpg,normal,0,free,342,trainval,3
data/raw/normal/free__exp4_num_316364.jpg,free__exp4_num_316364.jpg,normal,0,free,101,trainval,1
data/raw/normal/free__exp4_num_316737.jpg,free__exp4_num_316737.jpg,normal,0,free,102,trainval,2
data/raw/normal/free__exp4_num_317600.jpg,free__exp4_num_317600.jpg,normal,0,free,343,trainval,2
data/raw/normal/free__exp4_num_317937.jpg,free__exp4_num_317937.jpg,normal,0,free,104,trainval,3
data/raw/normal/free__exp4_num_319357.jpg,free__exp4_num_319357.jpg,normal,0,free,344,trainval,4
data/raw/normal/free__exp4_num_319469.jpg,free__exp4_num_319469.jpg,normal,0,free,345,trainval,3
data/raw/normal/free__exp4_num_319729.jpg,free__exp4_num_319729.jpg,normal,0,free,107,trainval,3
data/raw/normal/free__exp4_num_320501.jpg,free__exp4_num_320501.jpg,normal,0,free,346,trainval,4
data/raw/normal/free__exp4_num_320843.jpg,free__exp4_num_320843.jpg,normal,0,free,109,trainval,2
data/raw/normal/free__exp4_num_321478.jpg,free__exp4_num_321478.jpg,normal,0,free,283,test,-1
data/raw/normal/free__exp4_num_323366.jpg,free__exp4_num_323366.jpg,normal,0,free,347,trainval,1
data/raw/normal/free__exp4_num_326627.jpg,free__exp4_num_326627.jpg,normal,0,free,111,trainval,2
data/raw/normal/free__exp4_num_326953.jpg,free__exp4_num_326953.jpg,normal,0,free,112,trainval,3
data/raw/normal/free__exp4_num_329260.jpg,free__exp4_num_329260.jpg,normal,0,free,113,test,-1
data/raw/normal/free__exp4_num_331207.jpg,free__exp4_num_331207.jpg,normal,0,free,214,trainval,4
data/raw/normal/free__exp4_num_331970.jpg,free__exp4_num_331970.jpg,normal,0,free,114,trainval,2
data/raw/normal/free__exp4_num_332730.jpg,free__exp4_num_332730.jpg,normal,0,free,216,trainval,2
data/raw/normal/free__exp4_num_337703.jpg,free__exp4_num_337703.jpg,normal,0,free,116,trainval,3
data/raw/normal/free__exp4_num_338897.jpg,free__exp4_num_338897.jpg,normal,0,free,117,trainval,0
data/raw/normal/free__exp4_num_34134.jpg,free__exp4_num_34134.jpg,normal,0,free,118,trainval,2
data/raw/normal/free__exp4_num_342904.jpg,free__exp4_num_342904.jpg,normal,0,free,218,trainval,4
data/raw/normal/free__exp4_num_344591.jpg,free__exp4_num_344591.jpg,normal,0,free,120,test,-1
data/raw/normal/free__exp4_num_346361.jpg,free__exp4_num_346361.jpg,normal,0,free,348,trainval,4
data/raw/normal/free__exp4_num_349868.jpg,free__exp4_num_349868.jpg,normal,0,free,121,trainval,4
data/raw/normal/free__exp4_num_351088.jpg,free__exp4_num_351088.jpg,normal,0,free,123,trainval,0
data/raw/normal/free__exp4_num_351474.jpg,free__exp4_num_351474.jpg,normal,0,free,124,trainval,0
data/raw/normal/free__exp4_num_354427.jpg,free__exp4_num_354427.jpg,normal,0,free,125,trainval,0
data/raw/normal/free__exp4_num_3554.jpg,free__exp4_num_3554.jpg,normal,0,free,349,trainval,2
data/raw/normal/free__exp4_num_355680.jpg,free__exp4_num_355680.jpg,normal,0,free,126,trainval,3
data/raw/normal/free__exp4_num_358138.jpg,free__exp4_num_358138.jpg,normal,0,free,127,trainval,1
data/raw/normal/free__exp4_num_358985.jpg,free__exp4_num_358985.jpg,normal,0,free,128,trainval,3
data/raw/normal/free__exp4_num_359501.jpg,free__exp4_num_359501.jpg,normal,0,free,129,trainval,2
data/raw/normal/free__exp4_num_37071.jpg,free__exp4_num_37071.jpg,normal,0,free,350,trainval,2
data/raw/normal/free__exp4_num_37293.jpg,free__exp4_num_37293.jpg,normal,0,free,130,test,-1
data/raw/normal/free__exp4_num_37571.jpg,free__exp4_num_37571.jpg,normal,0,free,290,trainval,1
data/raw/normal/free__exp4_num_38041.jpg,free__exp4_num_38041.jpg,normal,0,free,133,trainval,2
data/raw/normal/free__exp4_num_3846.jpg,free__exp4_num_3846.jpg,normal,0,free,351,trainval,1
data/raw/normal/free__exp4_num_39469.jpg,free__exp4_num_39469.jpg,normal,0,free,224,trainval,4
data/raw/normal/free__exp4_num_43865.jpg,free__exp4_num_43865.jpg,normal,0,free,135,test,-1
data/raw/normal/free__exp4_num_50428.jpg,free__exp4_num_50428.jpg,normal,0,free,136,trainval,4
data/raw/normal/free__exp4_num_51125.jpg,free__exp4_num_51125.jpg,normal,0,free,137,trainval,2
data/raw/normal/free__exp4_num_52715.jpg,free__exp4_num_52715.jpg,normal,0,free,352,trainval,2
data/raw/normal/free__exp4_num_53049.jpg,free__exp4_num_53049.jpg,normal,0,free,139,test,-1
data/raw/normal/free__exp4_num_54165.jpg,free__exp4_num_54165.jpg,normal,0,free,353,trainval,0
data/raw/normal/free__exp4_num_54958.jpg,free__exp4_num_54958.jpg,normal,0,free,141,trainval,1
data/raw/normal/free__exp4_num_5959.jpg,free__exp4_num_5959.jpg,normal,0,free,142,trainval,4
data/raw/normal/free__exp4_num_61351.jpg,free__exp4_num_61351.jpg,normal,0,free,354,trainval,0
data/raw/normal/free__exp4_num_65043.jpg,free__exp4_num_65043.jpg,normal,0,free,139,test,-1
data/raw/normal/free__exp4_num_6552.jpg,free__exp4_num_6552.jpg,normal,0,free,144,test,-1
data/raw/normal/free__exp4_num_6586.jpg,free__exp4_num_6586.jpg,normal,0,free,145,test,-1
data/raw/normal/free__exp4_num_68413.jpg,free__exp4_num_68413.jpg,normal,0,free,355,trainval,0
data/raw/normal/free__exp4_num_69864.jpg,free__exp4_num_69864.jpg,normal,0,free,356,trainval,3
data/raw/normal/free__exp4_num_70541.jpg,free__exp4_num_70541.jpg,normal,0,free,357,trainval,2
data/raw/normal/free__exp4_num_71245.jpg,free__exp4_num_71245.jpg,normal,0,free,298,trainval,1
data/raw/normal/free__exp4_num_75132.jpg,free__exp4_num_75132.jpg,normal,0,free,235,trainval,1
data/raw/normal/free__exp4_num_7911.jpg,free__exp4_num_7911.jpg,normal,0,free,358,trainval,1
data/raw/normal/free__exp4_num_889.jpg,free__exp4_num_889.jpg,normal,0,free,152,trainval,1
data/raw/normal/free__exp4_num_91034.jpg,free__exp4_num_91034.jpg,normal,0,free,359,trainval,4
data/raw/normal/free__exp4_num_933.jpg,free__exp4_num_933.jpg,normal,0,free,0,trainval,2
data/raw/normal/free__exp4_num_94954.jpg,free__exp4_num_94954.jpg,normal,0,free,155,trainval,2
data/raw/normal/free__exp5_num_10250.jpg,free__exp5_num_10250.jpg,normal,0,free,156,test,-1
data/raw/normal/free__exp5_num_106221.jpg,free__exp5_num_106221.jpg,normal,0,free,3,test,-1
data/raw/normal/free__exp5_num_106824.jpg,free__exp5_num_106824.jpg,normal,0,free,4,trainval,0
data/raw/normal/free__exp5_num_10714.jpg,free__exp5_num_10714.jpg,normal,0,free,360,trainval,2
data/raw/normal/free__exp5_num_10969.jpg,free__exp5_num_10969.jpg,normal,0,free,5,trainval,3
data/raw/normal/free__exp5_num_110188.jpg,free__exp5_num_110188.jpg,normal,0,free,6,trainval,3
data/raw/normal/free__exp5_num_11325.jpg,free__exp5_num_11325.jpg,normal,0,free,7,trainval,1
data/raw/normal/free__exp5_num_114453.jpg,free__exp5_num_114453.jpg,normal,0,free,8,trainval,0
data/raw/normal/free__exp5_num_116324.jpg,free__exp5_num_116324.jpg,normal,0,free,9,trainval,4
data/raw/normal/free__exp5_num_117030.jpg,free__exp5_num_117030.jpg,normal,0,free,361,trainval,0
data/raw/normal/free__exp5_num_117033.jpg,free__exp5_num_117033.jpg,normal,0,free,10,trainval,4
data/raw/normal/free__exp5_num_118948.jpg,free__exp5_num_118948.jpg,normal,0,free,11,test,-1
data/raw/normal/free__exp5_num_126370.jpg,free__exp5_num_126370.jpg,normal,0,free,362,trainval,1
data/raw/normal/free__exp5_num_126855.jpg,free__exp5_num_126855.jpg,normal,0,free,13,trainval,4
data/raw/normal/free__exp5_num_127703.jpg,free__exp5_num_127703.jpg,normal,0,free,14,trainval,4
data/raw/normal/free__exp5_num_128134.jpg,free__exp5_num_128134.jpg,normal,0,free,363,trainval,4
data/raw/normal/free__exp5_num_129678.jpg,free__exp5_num_129678.jpg,normal,0,free,364,trainval,2
data/raw/normal/free__exp5_num_13636.jpg,free__exp5_num_13636.jpg,normal,0,free,365,trainval,1
data/raw/normal/free__exp5_num_138694.jpg,free__exp5_num_138694.jpg,normal,0,free,18,trainval,1
data/raw/normal/free__exp5_num_143282.jpg,free__exp5_num_143282.jpg,normal,0,free,19,trainval,3
data/raw/normal/free__exp5_num_144247.jpg,free__exp5_num_144247.jpg,normal,0,free,20,trainval,0
data/raw/normal/free__exp5_num_148007.jpg,free__exp5_num_148007.jpg,normal,0,free,21,trainval,2
data/raw/normal/free__exp5_num_154637.jpg,free__exp5_num_154637.jpg,normal,0,free,366,trainval,4
data/raw/normal/free__exp5_num_157271.jpg,free__exp5_num_157271.jpg,normal,0,free,367,trainval,1
data/raw/normal/free__exp5_num_157829.jpg,free__exp5_num_157829.jpg,normal,0,free,163,trainval,4
data/raw/normal/free__exp5_num_165457.jpg,free__exp5_num_165457.jpg,normal,0,free,368,trainval,3
data/raw/normal/free__exp5_num_16596.jpg,free__exp5_num_16596.jpg,normal,0,free,26,trainval,1
data/raw/normal/free__exp5_num_166258.jpg,free__exp5_num_166258.jpg,normal,0,free,369,trainval,1
data/raw/normal/free__exp5_num_174768.jpg,free__exp5_num_174768.jpg,normal,0,free,29,trainval,2
data/raw/normal/free__exp5_num_178016.jpg,free__exp5_num_178016.jpg,normal,0,free,370,trainval,2
data/raw/normal/free__exp5_num_178566.jpg,free__exp5_num_178566.jpg,normal,0,free,245,trainval,1
data/raw/normal/free__exp5_num_180393.jpg,free__exp5_num_180393.jpg,normal,0,free,167,trainval,1
data/raw/normal/free__exp5_num_180926.jpg,free__exp5_num_180926.jpg,normal,0,free,371,trainval,3
data/raw/normal/free__exp5_num_18227.jpg,free__exp5_num_18227.jpg,normal,0,free,35,test,-1
data/raw/normal/free__exp5_num_183254.jpg,free__exp5_num_183254.jpg,normal,0,free,36,trainval,4
data/raw/normal/free__exp5_num_183890.jpg,free__exp5_num_183890.jpg,normal,0,free,372,trainval,2
data/raw/normal/free__exp5_num_187612.jpg,free__exp5_num_187612.jpg,normal,0,free,373,trainval,0
data/raw/normal/free__exp5_num_1903.jpg,free__exp5_num_1903.jpg,normal,0,free,314,trainval,0
data/raw/normal/free__exp5_num_192233.jpg,free__exp5_num_192233.jpg,normal,0,free,374,trainval,3
data/raw/normal/free__exp5_num_193164.jpg,free__exp5_num_193164.jpg,normal,0,free,174,trainval,2
data/raw/normal/free__exp5_num_195717.jpg,free__exp5_num_195717.jpg,normal,0,free,375,trainval,4
data/raw/normal/free__exp5_num_19790.jpg,free__exp5_num_19790.jpg,normal,0,free,42,trainval,1
data/raw/normal/free__exp5_num_2089.jpg,free__exp5_num_2089.jpg,normal,0,free,43,trainval,0
data/raw/normal/free__exp5_num_240124.jpg,free__exp5_num_240124.jpg,normal,0,free,44,trainval,0
data/raw/normal/free__exp5_num_241403.jpg,free__exp5_num_241403.jpg,normal,0,free,376,trainval,0
data/raw/normal/free__exp5_num_245817.jpg,free__exp5_num_245817.jpg,normal,0,free,377,trainval,3
data/raw/normal/free__exp5_num_246375.jpg,free__exp5_num_246375.jpg,normal,0,free,47,trainval,1
data/raw/normal/free__exp5_num_251519.jpg,free__exp5_num_251519.jpg,normal,0,free,48,trainval,0
data/raw/normal/free__exp5_num_255775.jpg,free__exp5_num_255775.jpg,normal,0,free,49,trainval,1
data/raw/normal/free__exp5_num_256354.jpg,free__exp5_num_256354.jpg,normal,0,free,50,trainval,2
data/raw/normal/free__exp5_num_257273.jpg,free__exp5_num_257273.jpg,normal,0,free,378,trainval,3
data/raw/normal/free__exp5_num_257962.jpg,free__exp5_num_257962.jpg,normal,0,free,52,trainval,4
data/raw/normal/free__exp5_num_258905.jpg,free__exp5_num_258905.jpg,normal,0,free,379,trainval,1
data/raw/normal/free__exp5_num_260550.jpg,free__exp5_num_260550.jpg,normal,0,free,181,trainval,1
data/raw/normal/free__exp5_num_260989.jpg,free__exp5_num_260989.jpg,normal,0,free,320,trainval,4
data/raw/normal/free__exp5_num_262018.jpg,free__exp5_num_262018.jpg,normal,0,free,380,trainval,2
data/raw/normal/free__exp5_num_262271.jpg,free__exp5_num_262271.jpg,normal,0,free,58,trainval,4
data/raw/normal/free__exp5_num_262702.jpg,free__exp5_num_262702.jpg,normal,0,free,381,trainval,0
data/raw/normal/free__exp5_num_263887.jpg,free__exp5_num_263887.jpg,normal,0,free,60,trainval,3
data/raw/normal/free__exp5_num_264257.jpg,free__exp5_num_264257.jpg,normal,0,free,61,trainval,1
data/raw/normal/free__exp5_num_266347.jpg,free__exp5_num_266347.jpg,normal,0,free,62,trainval,4
data/raw/normal/free__exp5_num_266861.jpg,free__exp5_num_266861.jpg,normal,0,free,63,trainval,0
data/raw/normal/free__exp5_num_2673.jpg,free__exp5_num_2673.jpg,normal,0,free,382,test,-1
data/raw/normal/free__exp5_num_269152.jpg,free__exp5_num_269152.jpg,normal,0,free,326,trainval,4
data/raw/normal/free__exp5_num_269697.jpg,free__exp5_num_269697.jpg,normal,0,free,262,trainval,0
data/raw/normal/free__exp5_num_270623.jpg,free__exp5_num_270623.jpg,normal,0,free,383,trainval,4
data/raw/normal/free__exp5_num_270847.jpg,free__exp5_num_270847.jpg,normal,0,free,67,trainval,1
data/raw/normal/free__exp5_num_275434.jpg,free__exp5_num_275434.jpg,normal,0,free,187,test,-1
data/raw/normal/free__exp5_num_275722.jpg,free__exp5_num_275722.jpg,normal,0,free,384,trainval,3
data/raw/normal/free__exp5_num_277059.jpg,free__exp5_num_277059.jpg,normal,0,free,70,trainval,2
data/raw/normal/free__exp5_num_278628.jpg,free__exp5_num_278628.jpg,normal,0,free,71,test,-1
data/raw/normal/free__exp5_num_279145.jpg,free__exp5_num_279145.jpg,normal,0,free,72,trainval,4
data/raw/normal/free__exp5_num_280271.jpg,free__exp5_num_280271.jpg,normal,0,free,385,trainval,1
data/raw/normal/free__exp5_num_281007.jpg,free__exp5_num_281007.jpg,normal,0,free,74,trainval,3
data/raw/normal/free__exp5_num_282932.jpg,free__exp5_num_282932.jpg,normal,0,free,75,trainval,4
data/raw/normal/free__exp5_num_283254.jpg,free__exp5_num_283254.jpg,normal,0,free,386,test,-1
data/raw/normal/free__exp5_num_284910.jpg,free__exp5_num_284910.jpg,normal,0,free,77,trainval,1
data/raw/normal/free__exp5_num_286294.jpg,free__exp5_num_286294.jpg,normal,0,free,192,test,-1
data/raw/normal/free__exp5_num_289653.jpg,free__exp5_num_289653.jpg,normal,0,free,79,trainval,2
data/raw/normal/free__exp5_num_290107.jpg,free__exp5_num_290107.jpg,normal,0,free,387,trainval,0
data/raw/normal/free__exp5_num_292160.jpg,free__exp5_num_292160.jpg,normal,0,free,271,trainval,2
data/raw/normal/free__exp5_num_293317.jpg,free__exp5_num_293317.jpg,normal,0,free,82,trainval,1
data/raw/normal/free__exp5_num_293876.jpg,free__exp5_num_293876.jpg,normal,0,free,336,trainval,3
data/raw/normal/free__exp5_num_29537.jpg,free__exp5_num_29537.jpg,normal,0,free,84,trainval,4
data/raw/normal/free__exp5_num_296701.jpg,free__exp5_num_296701.jpg,normal,0,free,274,trainval,0
data/raw/normal/free__exp5_num_297341.jpg,free__exp5_num_297341.jpg,normal,0,free,388,trainval,2
data/raw/normal/free__exp5_num_299793.jpg,free__exp5_num_299793.jpg,normal,0,free,389,trainval,0
data/raw/normal/free__exp5_num_301547.jpg,free__exp5_num_301547.jpg,normal,0,free,390,trainval,0
data/raw/normal/free__exp5_num_304340.jpg,free__exp5_num_304340.jpg,normal,0,free,89,trainval,1
data/raw/normal/free__exp5_num_304772.jpg,free__exp5_num_304772.jpg,normal,0,free,199,trainval,0
data/raw/normal/free__exp5_num_304927.jpg,free__exp5_num_304927.jpg,normal,0,free,276,trainval,1
data/raw/normal/free__exp5_num_306480.jpg,free__exp5_num_306480.jpg,normal,0,free,277,trainval,4
data/raw/normal/free__exp5_num_306654.jpg,free__exp5_num_306654.jpg,normal,0,free,93,trainval,3
data/raw/normal/free__exp5_num_308863.jpg,free__exp5_num_308863.jpg,normal,0,free,202,trainval,3
data/raw/normal/free__exp5_num_309407.jpg,free__exp5_num_309407.jpg,normal,0,free,95,trainval,2
data/raw/normal/free__exp5_num_309704.jpg,free__exp5_num_309704.jpg,normal,0,free,391,trainval,1
data/raw/normal/free__exp5_num_311371.jpg,free__exp5_num_311371.jpg,normal,0,free,392,trainval,2
data/raw/normal/free__exp5_num_31166.jpg,free__exp5_num_31166.jpg,normal,0,free,393,test,-1
data/raw/normal/free__exp5_num_313892.jpg,free__exp5_num_313892.jpg,normal,0,free,99,trainval,0
data/raw/normal/free__exp5_num_315045.jpg,free__exp5_num_315045.jpg,normal,0,free,394,trainval,1
data/raw/normal/free__exp5_num_316375.jpg,free__exp5_num_316375.jpg,normal,0,free,281,trainval,3
data/raw/normal/free__exp5_num_316749.jpg,free__exp5_num_316749.jpg,normal,0,free,102,trainval,2
data/raw/normal/free__exp5_num_317612.jpg,free__exp5_num_317612.jpg,normal,0,free,103,trainval,3
data/raw/normal/free__exp5_num_317949.jpg,free__exp5_num_317949.jpg,normal,0,free,104,trainval,3
data/raw/normal/free__exp5_num_319370.jpg,free__exp5_num_319370.jpg,normal,0,free,105,trainval,2
data/raw/normal/free__exp5_num_319483.jpg,free__exp5_num_319483.jpg,normal,0,free,395,trainval,1
data/raw/normal/free__exp5_num_319758.jpg,free__exp5_num_319758.jpg,normal,0,free,107,trainval,3
data/raw/normal/free__exp5_num_320520.jpg,free__exp5_num_320520.jpg,normal,0,free,108,trainval,0
data/raw/normal/free__exp5_num_320853.jpg,free__exp5_num_320853.jpg,normal,0,free,109,trainval,2
data/raw/normal/free__exp5_num_321489.jpg,free__exp5_num_321489.jpg,normal,0,free,283,test,-1
data/raw/normal/free__exp5_num_323381.jpg,free__exp5_num_323381.jpg,normal,0,free,396,trainval,1
data/raw/normal/free__exp5_num_326642.jpg,free__exp5_num_326642.jpg,normal,0,free,111,trainval,2
data/raw/normal/free__exp5_num_326973.jpg,free__exp5_num_326973.jpg,normal,0,free,112,trainval,3
data/raw/normal/free__exp5_num_329283.jpg,free__exp5_num_329283.jpg,normal,0,free,113,test,-1
data/raw/normal/free__exp5_num_331230.jpg,free__exp5_num_331230.jpg,normal,0,free,214,trainval,4
data/raw/normal/free__exp5_num_331983.jpg,free__exp5_num_331983.jpg,normal,0,free,397,trainval,3
data/raw/normal/free__exp5_num_332745.jpg,free__exp5_num_332745.jpg,normal,0,free,115,trainval,0
data/raw/normal/free__exp5_num_337720.jpg,free__exp5_num_337720.jpg,normal,0,free,116,trainval,3
data/raw/normal/free__exp5_num_338911.jpg,free__exp5_num_338911.jpg,normal,0,free,117,trainval,0
data/raw/normal/free__exp5_num_34157.jpg,free__exp5_num_34157.jpg,normal,0,free,118,trainval,2
data/raw/normal/free__exp5_num_342943.jpg,free__exp5_num_342943.jpg,normal,0,free,218,trainval,4
data/raw/normal/free__exp5_num_344604.jpg,free__exp5_num_344604.jpg,normal,0,free,398,trainval,0
data/raw/normal/free__exp5_num_349891.jpg,free__exp5_num_349891.jpg,normal,0,free,121,trainval,4
data/raw/normal/free__exp5_num_351099.jpg,free__exp5_num_351099.jpg,normal,0,free,123,trainval,0
data/raw/normal/free__exp5_num_351488.jpg,free__exp5_num_351488.jpg,normal,0,free,124,trainval,0
data/raw/normal/free__exp5_num_354439.jpg,free__exp5_num_354439.jpg,normal,0,free,125,trainval,0
data/raw/normal/free__exp5_num_355692.jpg,free__exp5_num_355692.jpg,normal,0,free,126,trainval,3
data/raw/normal/free__exp5_num_3572.jpg,free__exp5_num_3572.jpg,normal,0,free,399,trainval,4
data/raw/normal/free__exp5_num_358149.jpg,free__exp5_num_358149.jpg,normal,0,free,127,trainval,1
data/raw/normal/free__exp5_num_358999.jpg,free__exp5_num_358999.jpg,normal,0,free,128,trainval,3
data/raw/normal/free__exp5_num_359512.jpg,free__exp5_num_359512.jpg,normal,0,free,129,trainval,2
data/raw/normal/free__exp5_num_37084.jpg,free__exp5_num_37084.jpg,normal,0,free,400,test,-1
data/raw/normal/free__exp5_num_37319.jpg,free__exp5_num_37319.jpg,normal,0,free,130,test,-1
data/raw/normal/free__exp5_num_37636.jpg,free__exp5_num_37636.jpg,normal,0,free,222,trainval,4
data/raw/normal/free__exp5_num_38064.jpg,free__exp5_num_38064.jpg,normal,0,free,133,trainval,2
data/raw/normal/free__exp5_num_3899.jpg,free__exp5_num_3899.jpg,normal,0,free,401,trainval,3
data/raw/normal/free__exp5_num_39497.jpg,free__exp5_num_39497.jpg,normal,0,free,402,trainval,0
data/raw/normal/free__exp5_num_43878.jpg,free__exp5_num_43878.jpg,normal,0,free,225,trainval,2
data/raw/normal/free__exp5_num_50443.jpg,free__exp5_num_50443.jpg,normal,0,free,136,trainval,4
data/raw/normal/free__exp5_num_51139.jpg,free__exp5_num_51139.jpg,normal,0,free,137,trainval,2
data/raw/normal/free__exp5_num_52740.jpg,free__exp5_num_52740.jpg,normal,0,free,403,trainval,2
data/raw/normal/free__exp5_num_53060.jpg,free__exp5_num_53060.jpg,normal,0,free,139,test,-1
data/raw/normal/free__exp5_num_54191.jpg,free__exp5_num_54191.jpg,normal,0,free,140,trainval,4
data/raw/normal/free__exp5_num_54978.jpg,free__exp5_num_54978.jpg,normal,0,free,404,trainval,1
data/raw/normal/free__exp5_num_5874.jpg,free__exp5_num_5874.jpg,normal,0,free,142,trainval,4
data/raw/normal/free__exp5_num_61380.jpg,free__exp5_num_61380.jpg,normal,0,free,405,trainval,0
data/raw/normal/free__exp5_num_65054.jpg,free__exp5_num_65054.jpg,normal,0,free,139,test,-1
data/raw/normal/free__exp5_num_6566.jpg,free__exp5_num_6566.jpg,normal,0,free,144,test,-1
data/raw/normal/free__exp5_num_6605.jpg,free__exp5_num_6605.jpg,normal,0,free,406,trainval,1
data/raw/normal/free__exp5_num_68428.jpg,free__exp5_num_68428.jpg,normal,0,free,407,trainval,2
data/raw/normal/free__exp5_num_69885.jpg,free__exp5_num_69885.jpg,normal,0,free,232,test,-1
data/raw/normal/free__exp5_num_70558.jpg,free__exp5_num_70558.jpg,normal,0,free,233,trainval,4
data/raw/normal/free__exp5_num_71267.jpg,free__exp5_num_71267.jpg,normal,0,free,234,trainval,1
data/raw/normal/free__exp5_num_75157.jpg,free__exp5_num_75157.jpg,normal,0,free,235,trainval,1
data/raw/normal/free__exp5_num_7935.jpg,free__exp5_num_7935.jpg,normal,0,free,358,trainval,1
data/raw/normal/free__exp5_num_8676.jpg,free__exp5_num_8676.jpg,normal,0,free,157,trainval,1
data/raw/normal/free__exp5_num_91072.jpg,free__exp5_num_91072.jpg,normal,0,free,408,trainval,0
data/raw/normal/free__exp5_num_937.jpg,free__exp5_num_937.jpg,normal,0,free,152,trainval,1
data/raw/normal/free__exp5_num_94986.jpg,free__exp5_num_94986.jpg,normal,0,free,155,trainval,2
data/raw/normal/free__exp5_num_964.jpg,free__exp5_num_964.jpg,normal,0,free,237,trainval,3
data/raw/normal/free__exp6_num_1012.jpg,free__exp6_num_1012.jpg,normal,0,free,237,trainval,3
data/raw/normal/free__exp6_num_10280.jpg,free__exp6_num_10280.jpg,normal,0,free,156,test,-1
data/raw/normal/free__exp6_num_106244.jpg,free__exp6_num_106244.jpg,normal,0,free,3,test,-1
data/raw/normal/free__exp6_num_106873.jpg,free__exp6_num_106873.jpg,normal,0,free,4,trainval,0
data/raw/normal/free__exp6_num_10790.jpg,free__exp6_num_10790.jpg,normal,0,free,409,trainval,4
data/raw/normal/free__exp6_num_11001.jpg,free__exp6_num_11001.jpg,normal,0,free,5,trainval,3
data/raw/normal/free__exp6_num_110224.jpg,free__exp6_num_110224.jpg,normal,0,free,410,trainval,4
data/raw/normal/free__exp6_num_11357.jpg,free__exp6_num_11357.jpg,normal,0,free,7,trainval,1
data/raw/normal/free__exp6_num_114490.jpg,free__exp6_num_114490.jpg,normal,0,free,8,trainval,0
data/raw/normal/free__exp6_num_116352.jpg,free__exp6_num_116352.jpg,normal,0,free,9,trainval,4
data/raw/normal/free__exp6_num_117068.jpg,free__exp6_num_117068.jpg,normal,0,free,411,trainval,4
data/raw/normal/free__exp6_num_118981.jpg,free__exp6_num_118981.jpg,normal,0,free,11,test,-1
data/raw/normal/free__exp6_num_126419.jpg,free__exp6_num_126419.jpg,normal,0,free,12,test,-1
data/raw/normal/free__exp6_num_126888.jpg,free__exp6_num_126888.jpg,normal,0,free,13,trainval,4
data/raw/normal/free__exp6_num_127730.jpg,free__exp6_num_127730.jpg,normal,0,free,14,trainval,4
data/raw/normal/free__exp6_num_128176.jpg,free__exp6_num_128176.jpg,normal,0,free,302,trainval,4
data/raw/normal/free__exp6_num_129718.jpg,free__exp6_num_129718.jpg,normal,0,free,412,trainval,4
data/raw/normal/free__exp6_num_13689.jpg,free__exp6_num_13689.jpg,normal,0,free,17,trainval,0
data/raw/normal/free__exp6_num_138723.jpg,free__exp6_num_138723.jpg,normal,0,free,18,trainval,1
data/raw/normal/free__exp6_num_143316.jpg,free__exp6_num_143316.jpg,normal,0,free,19,trainval,3
data/raw/normal/free__exp6_num_144276.jpg,free__exp6_num_144276.jpg,normal,0,free,20,trainval,0
data/raw/normal/free__exp6_num_148035.jpg,free__exp6_num_148035.jpg,normal,0,free,21,trainval,2
data/raw/normal/free__exp6_num_154721.jpg,free__exp6_num_154721.jpg,normal,0,free,304,trainval,3
data/raw/normal/free__exp6_num_157298.jpg,free__exp6_num_157298.jpg,normal,0,free,367,trainval,1
data/raw/normal/free__exp6_num_157877.jpg,free__exp6_num_157877.jpg,normal,0,free,306,trainval,4
data/raw/normal/free__exp6_num_165523.jpg,free__exp6_num_165523.jpg,normal,0,free,413,trainval,2
data/raw/normal/free__exp6_num_16624.jpg,free__exp6_num_16624.jpg,normal,0,free,414,trainval,4
data/raw/normal/free__exp6_num_166278.jpg,free__exp6_num_166278.jpg,normal,0,free,28,trainval,3
data/raw/normal/free__exp6_num_174804.jpg,free__exp6_num_174804.jpg,normal,0,free,29,trainval,2
data/raw/normal/free__exp6_num_178058.jpg,free__exp6_num_178058.jpg,normal,0,free,415,trainval,3
data/raw/normal/free__exp6_num_178602.jpg,free__exp6_num_178602.jpg,normal,0,free,416,trainval,0
data/raw/normal/free__exp6_num_180428.jpg,free__exp6_num_180428.jpg,normal,0,free,417,trainval,1
data/raw/normal/free__exp6_num_180965.jpg,free__exp6_num_180965.jpg,normal,0,free,418,trainval,1
data/raw/normal/free__exp6_num_18258.jpg,free__exp6_num_18258.jpg,normal,0,free,35,test,-1
data/raw/normal/free__exp6_num_183290.jpg,free__exp6_num_183290.jpg,normal,0,free,419,trainval,2
data/raw/normal/free__exp6_num_183930.jpg,free__exp6_num_183930.jpg,normal,0,free,420,test,-1
data/raw/normal/free__exp6_num_187701.jpg,free__exp6_num_187701.jpg,normal,0,free,38,trainval,2
data/raw/normal/free__exp6_num_192263.jpg,free__exp6_num_192263.jpg,normal,0,free,374,trainval,3
data/raw/normal/free__exp6_num_193234.jpg,free__exp6_num_193234.jpg,normal,0,free,421,trainval,3
data/raw/normal/free__exp6_num_195761.jpg,free__exp6_num_195761.jpg,normal,0,free,253,trainval,3
data/raw/normal/free__exp6_num_1965.jpg,free__exp6_num_1965.jpg,normal,0,free,422,test,-1
data/raw/normal/free__exp6_num_19822.jpg,free__exp6_num_19822.jpg,normal,0,free,42,trainval,1
data/raw/normal/free__exp6_num_2121.jpg,free__exp6_num_2121.jpg,normal,0,free,176,test,-1
data/raw/normal/free__exp6_num_240188.jpg,free__exp6_num_240188.jpg,normal,0,free,44,trainval,0
data/raw/normal/free__exp6_num_241417.jpg,free__exp6_num_241417.jpg,normal,0,free,376,trainval,0
data/raw/normal/free__exp6_num_245834.jpg,free__exp6_num_245834.jpg,normal,0,free,423,trainval,3
data/raw/normal/free__exp6_num_246442.jpg,free__exp6_num_246442.jpg,normal,0,free,47,trainval,1
data/raw/normal/free__exp6_num_251550.jpg,free__exp6_num_251550.jpg,normal,0,free,48,trainval,0
data/raw/normal/free__exp6_num_255822.jpg,free__exp6_num_255822.jpg,normal,0,free,424,trainval,4
data/raw/normal/free__exp6_num_256392.jpg,free__exp6_num_256392.jpg,normal,0,free,50,trainval,2
data/raw/normal/free__exp6_num_257334.jpg,free__exp6_num_257334.jpg,normal,0,free,425,test,-1
data/raw/normal/free__exp6_num_258043.jpg,free__exp6_num_258043.jpg,normal,0,free,52,trainval,4
data/raw/normal/free__exp6_num_258935.jpg,free__exp6_num_258935.jpg,normal,0,free,426,trainval,0
data/raw/normal/free__exp6_num_260572.jpg,free__exp6_num_260572.jpg,normal,0,free,427,trainval,2
data/raw/normal/free__exp6_num_261003.jpg,free__exp6_num_261003.jpg,normal,0,free,182,trainval,4
data/raw/normal/free__exp6_num_262067.jpg,free__exp6_num_262067.jpg,normal,0,free,380,trainval,2
data/raw/normal/free__exp6_num_262294.jpg,free__exp6_num_262294.jpg,normal,0,free,428,test,-1
data/raw/normal/free__exp6_num_262733.jpg,free__exp6_num_262733.jpg,normal,0,free,429,trainval,3
data/raw/normal/free__exp6_num_263900.jpg,free__exp6_num_263900.jpg,normal,0,free,60,trainval,3
data/raw/normal/free__exp6_num_264283.jpg,free__exp6_num_264283.jpg,normal,0,free,61,trainval,1
data/raw/normal/free__exp6_num_266375.jpg,free__exp6_num_266375.jpg,normal,0,free,430,trainval,3
data/raw/normal/free__exp6_num_266888.jpg,free__exp6_num_266888.jpg,normal,0,free,63,trainval,0
data/raw/normal/free__exp6_num_269180.jpg,free__exp6_num_269180.jpg,normal,0,free,64,trainval,0
data/raw/normal/free__exp6_num_2697.jpg,free__exp6_num_2697.jpg,normal,0,free,184,trainval,2
data/raw/normal/free__exp6_num_269733.jpg,free__exp6_num_269733.jpg,normal,0,free,431,trainval,1
data/raw/normal/free__exp6_num_270665.jpg,free__exp6_num_270665.jpg,normal,0,free,432,trainval,0
data/raw/normal/free__exp6_num_270880.jpg,free__exp6_num_270880.jpg,normal,0,free,67,trainval,1
data/raw/normal/free__exp6_num_275466.jpg,free__exp6_num_275466.jpg,normal,0,free,187,test,-1
data/raw/normal/free__exp6_num_275757.jpg,free__exp6_num_275757.jpg,normal,0,free,433,trainval,2
data/raw/normal/free__exp6_num_277095.jpg,free__exp6_num_277095.jpg,normal,0,free,434,trainval,1
data/raw/normal/free__exp6_num_278659.jpg,free__exp6_num_278659.jpg,normal,0,free,266,trainval,1
data/raw/normal/free__exp6_num_279178.jpg,free__exp6_num_279178.jpg,normal,0,free,72,trainval,4
data/raw/normal/free__exp6_num_280303.jpg,free__exp6_num_280303.jpg,normal,0,free,73,test,-1
data/raw/normal/free__exp6_num_281048.jpg,free__exp6_num_281048.jpg,normal,0,free,74,trainval,3
data/raw/normal/free__exp6_num_282965.jpg,free__exp6_num_282965.jpg,normal,0,free,75,trainval,4
data/raw/normal/free__exp6_num_283465.jpg,free__exp6_num_283465.jpg,normal,0,free,435,trainval,3
data/raw/normal/free__exp6_num_284942.jpg,free__exp6_num_284942.jpg,normal,0,free,77,trainval,1
data/raw/normal/free__exp6_num_286336.jpg,free__exp6_num_286336.jpg,normal,0,free,192,test,-1
data/raw/normal/free__exp6_num_289705.jpg,free__exp6_num_289705.jpg,normal,0,free,79,trainval,2
data/raw/normal/free__exp6_num_290165.jpg,free__exp6_num_290165.jpg,normal,0,free,436,trainval,0
data/raw/normal/free__exp6_num_292199.jpg,free__exp6_num_292199.jpg,normal,0,free,271,trainval,2
data/raw/normal/free__exp6_num_293354.jpg,free__exp6_num_293354.jpg,normal,0,free,437,test,-1
data/raw/normal/free__exp6_num_293912.jpg,free__exp6_num_293912.jpg,normal,0,free,438,trainval,3
data/raw/normal/free__exp6_num_29564.jpg,free__exp6_num_29564.jpg,normal,0,free,84,trainval,4
data/raw/normal/free__exp6_num_296754.jpg,free__exp6_num_296754.jpg,normal,0,free,85,trainval,3
data/raw/normal/free__exp6_num_297388.jpg,free__exp6_num_297388.jpg,normal,0,free,338,trainval,3
data/raw/normal/free__exp6_num_299824.jpg,free__exp6_num_299824.jpg,normal,0,free,389,trainval,0
data/raw/normal/free__exp6_num_301599.jpg,free__exp6_num_301599.jpg,normal,0,free,88,trainval,0
data/raw/normal/free__exp6_num_304352.jpg,free__exp6_num_304352.jpg,normal,0,free,89,trainval,1
data/raw/normal/free__exp6_num_304811.jpg,free__exp6_num_304811.jpg,normal,0,free,439,trainval,0
data/raw/normal/free__exp6_num_304958.jpg,free__exp6_num_304958.jpg,normal,0,free,276,trainval,1
data/raw/normal/free__exp6_num_306496.jpg,free__exp6_num_306496.jpg,normal,0,free,277,trainval,4
data/raw/normal/free__exp6_num_306696.jpg,free__exp6_num_306696.jpg,normal,0,free,93,trainval,3
data/raw/normal/free__exp6_num_308897.jpg,free__exp6_num_308897.jpg,normal,0,free,202,trainval,3
data/raw/normal/free__exp6_num_309443.jpg,free__exp6_num_309443.jpg,normal,0,free,95,trainval,2
data/raw/normal/free__exp6_num_309719.jpg,free__exp6_num_309719.jpg,normal,0,free,96,trainval,3
data/raw/normal/free__exp6_num_311392.jpg,free__exp6_num_311392.jpg,normal,0,free,440,test,-1
data/raw/normal/free__exp6_num_31184.jpg,free__exp6_num_31184.jpg,normal,0,free,393,test,-1
data/raw/normal/free__exp6_num_313921.jpg,free__exp6_num_313921.jpg,normal,0,free,99,trainval,0
data/raw/normal/free__exp6_num_315056.jpg,free__exp6_num_315056.jpg,normal,0,free,441,trainval,0
data/raw/normal/free__exp6_num_316396.jpg,free__exp6_num_316396.jpg,normal,0,free,281,trainval,3
data/raw/normal/free__exp6_num_316778.jpg,free__exp6_num_316778.jpg,normal,0,free,102,trainval,2
data/raw/normal/free__exp6_num_317640.jpg,free__exp6_num_317640.jpg,normal,0,free,103,trainval,3
data/raw/normal/free__exp6_num_317978.jpg,free__exp6_num_317978.jpg,normal,0,free,442,trainval,4
data/raw/normal/free__exp6_num_319398.jpg,free__exp6_num_319398.jpg,normal,0,free,105,trainval,2
data/raw/normal/free__exp6_num_319512.jpg,free__exp6_num_319512.jpg,normal,0,free,443,trainval,0
data/raw/normal/free__exp6_num_319796.jpg,free__exp6_num_319796.jpg,normal,0,free,107,trainval,3
data/raw/normal/free__exp6_num_320546.jpg,free__exp6_num_320546.jpg,normal,0,free,108,trainval,0
data/raw/normal/free__exp6_num_320864.jpg,free__exp6_num_320864.jpg,normal,0,free,109,trainval,2
data/raw/normal/free__exp6_num_321501.jpg,free__exp6_num_321501.jpg,normal,0,free,444,test,-1
data/raw/normal/free__exp6_num_323405.jpg,free__exp6_num_323405.jpg,normal,0,free,110,trainval,0
data/raw/normal/free__exp6_num_326679.jpg,free__exp6_num_326679.jpg,normal,0,free,111,trainval,2
data/raw/normal/free__exp6_num_327003.jpg,free__exp6_num_327003.jpg,normal,0,free,112,trainval,3
data/raw/normal/free__exp6_num_329323.jpg,free__exp6_num_329323.jpg,normal,0,free,113,test,-1
data/raw/normal/free__exp6_num_331267.jpg,free__exp6_num_331267.jpg,normal,0,free,214,trainval,4
data/raw/normal/free__exp6_num_332013.jpg,free__exp6_num_332013.jpg,normal,0,free,445,test,-1
data/raw/normal/free__exp6_num_332792.jpg,free__exp6_num_332792.jpg,normal,0,free,115,trainval,0
data/raw/normal/free__exp6_num_337757.jpg,free__exp6_num_337757.jpg,normal,0,free,116,trainval,3
data/raw/normal/free__exp6_num_338952.jpg,free__exp6_num_338952.jpg,normal,0,free,117,trainval,0
data/raw/normal/free__exp6_num_34208.jpg,free__exp6_num_34208.jpg,normal,0,free,118,trainval,2
data/raw/normal/free__exp6_num_342992.jpg,free__exp6_num_342992.jpg,normal,0,free,218,trainval,4
data/raw/normal/free__exp6_num_344641.jpg,free__exp6_num_344641.jpg,normal,0,free,120,test,-1
data/raw/normal/free__exp6_num_349930.jpg,free__exp6_num_349930.jpg,normal,0,free,121,trainval,4
data/raw/normal/free__exp6_num_351127.jpg,free__exp6_num_351127.jpg,normal,0,free,123,trainval,0
data/raw/normal/free__exp6_num_351520.jpg,free__exp6_num_351520.jpg,normal,0,free,124,trainval,0
data/raw/normal/free__exp6_num_354474.jpg,free__exp6_num_354474.jpg,normal,0,free,125,trainval,0
data/raw/normal/free__exp6_num_355732.jpg,free__exp6_num_355732.jpg,normal,0,free,126,trainval,3
data/raw/normal/free__exp6_num_358179.jpg,free__exp6_num_358179.jpg,normal,0,free,127,trainval,1
data/raw/normal/free__exp6_num_359029.jpg,free__exp6_num_359029.jpg,normal,0,free,128,trainval,3
data/raw/normal/free__exp6_num_359542.jpg,free__exp6_num_359542.jpg,normal,0,free,129,trainval,2
data/raw/normal/free__exp6_num_3620.jpg,free__exp6_num_3620.jpg,normal,0,free,446,test,-1
data/raw/normal/free__exp6_num_37098.jpg,free__exp6_num_37098.jpg,normal,0,free,131,trainval,0
data/raw/normal/free__exp6_num_37354.jpg,free__exp6_num_37354.jpg,normal,0,free,130,test,-1
data/raw/normal/free__exp6_num_37675.jpg,free__exp6_num_37675.jpg,normal,0,free,447,trainval,4
data/raw/normal/free__exp6_num_38098.jpg,free__exp6_num_38098.jpg,normal,0,free,448,trainval,0
data/raw/normal/free__exp6_num_39559.jpg,free__exp6_num_39559.jpg,normal,0,free,449,trainval,0
data/raw/normal/free__exp6_num_3981.jpg,free__exp6_num_3981.jpg,normal,0,free,450,test,-1
data/raw/normal/free__exp6_num_43955.jpg,free__exp6_num_43955.jpg,normal,0,free,291,trainval,3
data/raw/normal/free__exp6_num_50468.jpg,free__exp6_num_50468.jpg,normal,0,free,136,trainval,4
data/raw/normal/free__exp6_num_51154.jpg,free__exp6_num_51154.jpg,normal,0,free,137,trainval,2
data/raw/normal/free__exp6_num_52784.jpg,free__exp6_num_52784.jpg,normal,0,free,451,trainval,1
data/raw/normal/free__exp6_num_53080.jpg,free__exp6_num_53080.jpg,normal,0,free,139,test,-1
data/raw/normal/free__exp6_num_54271.jpg,free__exp6_num_54271.jpg,normal,0,free,140,trainval,4
data/raw/normal/free__exp6_num_55020.jpg,free__exp6_num_55020.jpg,normal,0,free,452,trainval,2
data/raw/normal/free__exp6_num_5892.jpg,free__exp6_num_5892.jpg,normal,0,free,142,trainval,4
data/raw/normal/free__exp6_num_61501.jpg,free__exp6_num_61501.jpg,normal,0,free,405,trainval,0
data/raw/normal/free__exp6_num_65067.jpg,free__exp6_num_65067.jpg,normal,0,free,139,test,-1
data/raw/normal/free__exp6_num_6600.jpg,free__exp6_num_6600.jpg,normal,0,free,144,test,-1
data/raw/normal/free__exp6_num_6634.jpg,free__exp6_num_6634.jpg,normal,0,free,453,test,-1
data/raw/normal/free__exp6_num_68465.jpg,free__exp6_num_68465.jpg,normal,0,free,454,trainval,3
data/raw/normal/free__exp6_num_69923.jpg,free__exp6_num_69923.jpg,normal,0,free,455,trainval,2
data/raw/normal/free__exp6_num_70585.jpg,free__exp6_num_70585.jpg,normal,0,free,233,trainval,4
data/raw/normal/free__exp6_num_71297.jpg,free__exp6_num_71297.jpg,normal,0,free,149,test,-1
data/raw/normal/free__exp6_num_75343.jpg,free__exp6_num_75343.jpg,normal,0,free,235,trainval,1
data/raw/normal/free__exp6_num_8015.jpg,free__exp6_num_8015.jpg,normal,0,free,151,trainval,3
data/raw/normal/free__exp6_num_91131.jpg,free__exp6_num_91131.jpg,normal,0,free,154,trainval,1
data/raw/normal/free__exp6_num_9196.jpg,free__exp6_num_9196.jpg,normal,0,free,360,trainval,2
data/raw/normal/free__exp6_num_95059.jpg,free__exp6_num_95059.jpg,normal,0,free,155,trainval,2
data/raw/defective/blowhole__exp1_num_108719.jpg,blowhole__exp1_num_108719.jpg,defective,1,blowhole,456,trainval,1
data/raw/defective/blowhole__exp1_num_108889.jpg,blowhole__exp1_num_108889.jpg,defective,1,blowhole,456,trainval,1
data/raw/defective/blowhole__exp1_num_262480.jpg,blowhole__exp1_num_262480.jpg,defective,1,blowhole,457,trainval,3
data/raw/defective/blowhole__exp1_num_265077.jpg,blowhole__exp1_num_265077.jpg,defective,1,blowhole,458,trainval,2
data/raw/defective/blowhole__exp1_num_290998.jpg,blowhole__exp1_num_290998.jpg,defective,1,blowhole,459,trainval,3
data/raw/defective/blowhole__exp1_num_297464.jpg,blowhole__exp1_num_297464.jpg,defective,1,blowhole,460,test,-1
data/raw/defective/blowhole__exp1_num_308015.jpg,blowhole__exp1_num_308015.jpg,defective,1,blowhole,461,trainval,4
data/raw/defective/blowhole__exp1_num_317483.jpg,blowhole__exp1_num_317483.jpg,defective,1,blowhole,462,trainval,0
data/raw/defective/blowhole__exp1_num_322605.jpg,blowhole__exp1_num_322605.jpg,defective,1,blowhole,463,trainval,3
data/raw/defective/blowhole__exp1_num_327970.jpg,blowhole__exp1_num_327970.jpg,defective,1,blowhole,464,trainval,2
data/raw/defective/blowhole__exp1_num_346311.jpg,blowhole__exp1_num_346311.jpg,defective,1,blowhole,465,trainval,0
data/raw/defective/blowhole__exp1_num_36290.jpg,blowhole__exp1_num_36290.jpg,defective,1,blowhole,466,trainval,0
data/raw/defective/blowhole__exp1_num_3667.jpg,blowhole__exp1_num_3667.jpg,defective,1,blowhole,467,trainval,2
data/raw/defective/blowhole__exp1_num_40410.jpg,blowhole__exp1_num_40410.jpg,defective,1,blowhole,468,trainval,1
data/raw/defective/blowhole__exp1_num_4727.jpg,blowhole__exp1_num_4727.jpg,defective,1,blowhole,469,trainval,4
data/raw/defective/blowhole__exp1_num_4944.jpg,blowhole__exp1_num_4944.jpg,defective,1,blowhole,470,trainval,1
data/raw/defective/blowhole__exp1_num_51674.jpg,blowhole__exp1_num_51674.jpg,defective,1,blowhole,471,trainval,2
data/raw/defective/blowhole__exp1_num_54246.jpg,blowhole__exp1_num_54246.jpg,defective,1,blowhole,472,trainval,3
data/raw/defective/blowhole__exp1_num_6984.jpg,blowhole__exp1_num_6984.jpg,defective,1,blowhole,473,trainval,4
data/raw/defective/blowhole__exp1_num_9473.jpg,blowhole__exp1_num_9473.jpg,defective,1,blowhole,474,test,-1
data/raw/defective/blowhole__exp2_num_108741.jpg,blowhole__exp2_num_108741.jpg,defective,1,blowhole,456,trainval,1
data/raw/defective/blowhole__exp2_num_108923.jpg,blowhole__exp2_num_108923.jpg,defective,1,blowhole,456,trainval,1
data/raw/defective/blowhole__exp2_num_262572.jpg,blowhole__exp2_num_262572.jpg,defective,1,blowhole,475,trainval,1
data/raw/defective/blowhole__exp2_num_265103.jpg,blowhole__exp2_num_265103.jpg,defective,1,blowhole,458,trainval,2
data/raw/defective/blowhole__exp2_num_291023.jpg,blowhole__exp2_num_291023.jpg,defective,1,blowhole,459,trainval,3
data/raw/defective/blowhole__exp2_num_297490.jpg,blowhole__exp2_num_297490.jpg,defective,1,blowhole,460,test,-1
data/raw/defective/blowhole__exp2_num_308043.jpg,blowhole__exp2_num_308043.jpg,defective,1,blowhole,461,trainval,4
data/raw/defective/blowhole__exp2_num_317512.jpg,blowhole__exp2_num_317512.jpg,defective,1,blowhole,462,trainval,0
data/raw/defective/blowhole__exp2_num_322630.jpg,blowhole__exp2_num_322630.jpg,defective,1,blowhole,476,trainval,2
data/raw/defective/blowhole__exp2_num_327997.jpg,blowhole__exp2_num_327997.jpg,defective,1,blowhole,464,trainval,2
data/raw/defective/blowhole__exp2_num_36302.jpg,blowhole__exp2_num_36302.jpg,defective,1,blowhole,466,trainval,0
data/raw/defective/blowhole__exp2_num_3696.jpg,blowhole__exp2_num_3696.jpg,defective,1,blowhole,477,trainval,3
data/raw/defective/blowhole__exp2_num_40424.jpg,blowhole__exp2_num_40424.jpg,defective,1,blowhole,478,trainval,1
data/raw/defective/blowhole__exp2_num_4748.jpg,blowhole__exp2_num_4748.jpg,defective,1,blowhole,479,test,-1
data/raw/defective/blowhole__exp2_num_4964.jpg,blowhole__exp2_num_4964.jpg,defective,1,blowhole,470,trainval,1
data/raw/defective/blowhole__exp2_num_51697.jpg,blowhole__exp2_num_51697.jpg,defective,1,blowhole,480,trainval,3
data/raw/defective/blowhole__exp2_num_54273.jpg,blowhole__exp2_num_54273.jpg,defective,1,blowhole,472,trainval,3
data/raw/defective/blowhole__exp2_num_7009.jpg,blowhole__exp2_num_7009.jpg,defective,1,blowhole,473,trainval,4
data/raw/defective/blowhole__exp2_num_9496.jpg,blowhole__exp2_num_9496.jpg,defective,1,blowhole,481,trainval,1
data/raw/defective/blowhole__exp3_num_108757.jpg,blowhole__exp3_num_108757.jpg,defective,1,blowhole,456,trainval,1
data/raw/defective/blowhole__exp3_num_262601.jpg,blowhole__exp3_num_262601.jpg,defective,1,blowhole,482,trainval,4
data/raw/defective/blowhole__exp3_num_265117.jpg,blowhole__exp3_num_265117.jpg,defective,1,blowhole,483,trainval,4
data/raw/defective/blowhole__exp3_num_291038.jpg,blowhole__exp3_num_291038.jpg,defective,1,blowhole,459,trainval,3
data/raw/defective/blowhole__exp3_num_297506.jpg,blowhole__exp3_num_297506.jpg,defective,1,blowhole,460,test,-1
data/raw/defective/blowhole__exp3_num_308061.jpg,blowhole__exp3_num_308061.jpg,defective,1,blowhole,484,trainval,3
data/raw/defective/blowhole__exp3_num_317526.jpg,blowhole__exp3_num_317526.jpg,defective,1,blowhole,462,trainval,0
data/raw/defective/blowhole__exp3_num_322643.jpg,blowhole__exp3_num_322643.jpg,defective,1,blowhole,485,test,-1
data/raw/defective/blowhole__exp3_num_328014.jpg,blowhole__exp3_num_328014.jpg,defective,1,blowhole,464,trainval,2
data/raw/defective/blowhole__exp3_num_346347.jpg,blowhole__exp3_num_346347.jpg,defective,1,blowhole,486,trainval,4
data/raw/defective/blowhole__exp3_num_36246.jpg,blowhole__exp3_num_36246.jpg,defective,1,blowhole,466,trainval,0
data/raw/defective/blowhole__exp3_num_3710.jpg,blowhole__exp3_num_3710.jpg,defective,1,blowhole,467,trainval,2
data/raw/defective/blowhole__exp3_num_40438.jpg,blowhole__exp3_num_40438.jpg,defective,1,blowhole,487,trainval,3
data/raw/defective/blowhole__exp3_num_4764.jpg,blowhole__exp3_num_4764.jpg,defective,1,blowhole,479,test,-1
data/raw/defective/blowhole__exp3_num_4978.jpg,blowhole__exp3_num_4978.jpg,defective,1,blowhole,488,trainval,0
data/raw/defective/blowhole__exp3_num_51711.jpg,blowhole__exp3_num_51711.jpg,defective,1,blowhole,489,trainval,4
data/raw/defective/blowhole__exp3_num_54291.jpg,blowhole__exp3_num_54291.jpg,defective,1,blowhole,490,trainval,2
data/raw/defective/blowhole__exp3_num_7023.jpg,blowhole__exp3_num_7023.jpg,defective,1,blowhole,473,trainval,4
data/raw/defective/blowhole__exp3_num_853.jpg,blowhole__exp3_num_853.jpg,defective,1,blowhole,152,trainval,1
data/raw/defective/blowhole__exp3_num_9508.jpg,blowhole__exp3_num_9508.jpg,defective,1,blowhole,481,trainval,1
data/raw/defective/blowhole__exp4_num_108774.jpg,blowhole__exp4_num_108774.jpg,defective,1,blowhole,456,trainval,1
data/raw/defective/blowhole__exp4_num_262626.jpg,blowhole__exp4_num_262626.jpg,defective,1,blowhole,491,trainval,0
data/raw/defective/blowhole__exp4_num_265131.jpg,blowhole__exp4_num_265131.jpg,defective,1,blowhole,458,trainval,2
data/raw/defective/blowhole__exp4_num_291052.jpg,blowhole__exp4_num_291052.jpg,defective,1,blowhole,459,trainval,3
data/raw/defective/blowhole__exp4_num_297524.jpg,blowhole__exp4_num_297524.jpg,defective,1,blowhole,460,test,-1
data/raw/defective/blowhole__exp4_num_308078.jpg,blowhole__exp4_num_308078.jpg,defective,1,blowhole,461,trainval,4
data/raw/defective/blowhole__exp4_num_317540.jpg,blowhole__exp4_num_317540.jpg,defective,1,blowhole,462,trainval,0
data/raw/defective/blowhole__exp4_num_322656.jpg,blowhole__exp4_num_322656.jpg,defective,1,blowhole,476,trainval,2
data/raw/defective/blowhole__exp4_num_328029.jpg,blowhole__exp4_num_328029.jpg,defective,1,blowhole,464,trainval,2
data/raw/defective/blowhole__exp4_num_36258.jpg,blowhole__exp4_num_36258.jpg,defective,1,blowhole,492,trainval,1
data/raw/defective/blowhole__exp4_num_3724.jpg,blowhole__exp4_num_3724.jpg,defective,1,blowhole,477,trainval,3
data/raw/defective/blowhole__exp4_num_40450.jpg,blowhole__exp4_num_40450.jpg,defective,1,blowhole,493,trainval,1
data/raw/defective/blowhole__exp4_num_4779.jpg,blowhole__exp4_num_4779.jpg,defective,1,blowhole,494,trainval,0
data/raw/defective/blowhole__exp4_num_4995.jpg,blowhole__exp4_num_4995.jpg,defective,1,blowhole,495,trainval,3
data/raw/defective/blowhole__exp4_num_51725.jpg,blowhole__exp4_num_51725.jpg,defective,1,blowhole,496,trainval,1
data/raw/defective/blowhole__exp4_num_54308.jpg,blowhole__exp4_num_54308.jpg,defective,1,blowhole,497,trainval,4
data/raw/defective/blowhole__exp4_num_7036.jpg,blowhole__exp4_num_7036.jpg,defective,1,blowhole,473,trainval,4
data/raw/defective/blowhole__exp4_num_9520.jpg,blowhole__exp4_num_9520.jpg,defective,1,blowhole,474,test,-1
data/raw/defective/blowhole__exp5_num_108791.jpg,blowhole__exp5_num_108791.jpg,defective,1,blowhole,456,trainval,1
data/raw/defective/blowhole__exp5_num_262654.jpg,blowhole__exp5_num_262654.jpg,defective,1,blowhole,498,test,-1
data/raw/defective/blowhole__exp5_num_265149.jpg,blowhole__exp5_num_265149.jpg,defective,1,blowhole,458,trainval,2
data/raw/defective/blowhole__exp5_num_291077.jpg,blowhole__exp5_num_291077.jpg,defective,1,blowhole,459,trainval,3
data/raw/defective/blowhole__exp5_num_297552.jpg,blowhole__exp5_num_297552.jpg,defective,1,blowhole,460,test,-1
data/raw/defective/blowhole__exp5_num_308098.jpg,blowhole__exp5_num_308098.jpg,defective,1,blowhole,461,trainval,4
data/raw/defective/blowhole__exp5_num_317558.jpg,blowhole__exp5_num_317558.jpg,defective,1,blowhole,462,trainval,0
data/raw/defective/blowhole__exp5_num_322672.jpg,blowhole__exp5_num_322672.jpg,defective,1,blowhole,485,test,-1
data/raw/defective/blowhole__exp5_num_328057.jpg,blowhole__exp5_num_328057.jpg,defective,1,blowhole,464,trainval,2
data/raw/defective/blowhole__exp5_num_346381.jpg,blowhole__exp5_num_346381.jpg,defective,1,blowhole,465,trainval,0
data/raw/defective/blowhole__exp5_num_36269.jpg,blowhole__exp5_num_36269.jpg,defective,1,blowhole,466,trainval,0
data/raw/defective/blowhole__exp5_num_3746.jpg,blowhole__exp5_num_3746.jpg,defective,1,blowhole,477,trainval,3
data/raw/defective/blowhole__exp5_num_40480.jpg,blowhole__exp5_num_40480.jpg,defective,1,blowhole,499,trainval,0
data/raw/defective/blowhole__exp5_num_4801.jpg,blowhole__exp5_num_4801.jpg,defective,1,blowhole,500,test,-1
data/raw/defective/blowhole__exp5_num_5022.jpg,blowhole__exp5_num_5022.jpg,defective,1,blowhole,495,trainval,3
data/raw/defective/blowhole__exp5_num_51739.jpg,blowhole__exp5_num_51739.jpg,defective,1,blowhole,501,trainval,2
data/raw/defective/blowhole__exp5_num_54331.jpg,blowhole__exp5_num_54331.jpg,defective,1,blowhole,502,trainval,4
data/raw/defective/blowhole__exp5_num_7054.jpg,blowhole__exp5_num_7054.jpg,defective,1,blowhole,473,trainval,4
data/raw/defective/blowhole__exp5_num_9549.jpg,blowhole__exp5_num_9549.jpg,defective,1,blowhole,503,test,-1
data/raw/defective/blowhole__exp6_num_108812.jpg,blowhole__exp6_num_108812.jpg,defective,1,blowhole,456,trainval,1
data/raw/defective/blowhole__exp6_num_262705.jpg,blowhole__exp6_num_262705.jpg,defective,1,blowhole,504,trainval,0
data/raw/defective/blowhole__exp6_num_265182.jpg,blowhole__exp6_num_265182.jpg,defective,1,blowhole,505,trainval,1
data/raw/defective/blowhole__exp6_num_291134.jpg,blowhole__exp6_num_291134.jpg,defective,1,blowhole,459,trainval,3
data/raw/defective/blowhole__exp6_num_297601.jpg,blowhole__exp6_num_297601.jpg,defective,1,blowhole,460,test,-1
data/raw/defective/blowhole__exp6_num_308130.jpg,blowhole__exp6_num_308130.jpg,defective,1,blowhole,461,trainval,4
data/raw/defective/blowhole__exp6_num_317592.jpg,blowhole__exp6_num_317592.jpg,defective,1,blowhole,462,trainval,0
data/raw/defective/blowhole__exp6_num_322697.jpg,blowhole__exp6_num_322697.jpg,defective,1,blowhole,506,trainval,0
data/raw/defective/blowhole__exp6_num_328105.jpg,blowhole__exp6_num_328105.jpg,defective,1,blowhole,464,trainval,2
data/raw/defective/blowhole__exp6_num_346414.jpg,blowhole__exp6_num_346414.jpg,defective,1,blowhole,507,trainval,0
data/raw/defective/blowhole__exp6_num_36280.jpg,blowhole__exp6_num_36280.jpg,defective,1,blowhole,508,trainval,3
data/raw/defective/blowhole__exp6_num_3789.jpg,blowhole__exp6_num_3789.jpg,defective,1,blowhole,477,trainval,3
data/raw/defective/blowhole__exp6_num_40515.jpg,blowhole__exp6_num_40515.jpg,defective,1,blowhole,509,trainval,4
data/raw/defective/blowhole__exp6_num_4841.jpg,blowhole__exp6_num_4841.jpg,defective,1,blowhole,510,trainval,0
data/raw/defective/blowhole__exp6_num_5106.jpg,blowhole__exp6_num_5106.jpg,defective,1,blowhole,511,trainval,2
data/raw/defective/blowhole__exp6_num_51771.jpg,blowhole__exp6_num_51771.jpg,defective,1,blowhole,489,trainval,4
data/raw/defective/blowhole__exp6_num_54366.jpg,blowhole__exp6_num_54366.jpg,defective,1,blowhole,512,trainval,2
data/raw/defective/blowhole__exp6_num_7102.jpg,blowhole__exp6_num_7102.jpg,defective,1,blowhole,473,trainval,4
data/raw/defective/blowhole__exp6_num_9594.jpg,blowhole__exp6_num_9594.jpg,defective,1,blowhole,513,test,-1
data/raw/defective/break__exp1_num_116934.jpg,break__exp1_num_116934.jpg,defective,1,break,514,trainval,0
data/raw/defective/break__exp1_num_194173.jpg,break__exp1_num_194173.jpg,defective,1,break,515,test,-1
data/raw/defective/break__exp1_num_241889.jpg,break__exp1_num_241889.jpg,defective,1,break,516,trainval,4
data/raw/defective/break__exp1_num_26106.jpg,break__exp1_num_26106.jpg,defective,1,break,517,trainval,1
data/raw/defective/break__exp1_num_271361.jpg,break__exp1_num_271361.jpg,defective,1,break,518,trainval,2
data/raw/defective/break__exp1_num_284482.jpg,break__exp1_num_284482.jpg,defective,1,break,519,trainval,4
data/raw/defective/break__exp1_num_304290.jpg,break__exp1_num_304290.jpg,defective,1,break,520,trainval,0
data/raw/defective/break__exp1_num_320649.jpg,break__exp1_num_320649.jpg,defective,1,break,521,test,-1
data/raw/defective/break__exp1_num_348629.jpg,break__exp1_num_348629.jpg,defective,1,break,522,test,-1
data/raw/defective/break__exp1_num_356718.jpg,break__exp1_num_356718.jpg,defective,1,break,523,trainval,2
data/raw/defective/break__exp1_num_62553.jpg,break__exp1_num_62553.jpg,defective,1,break,524,test,-1
data/raw/defective/break__exp1_num_98080.jpg,break__exp1_num_98080.jpg,defective,1,break,525,trainval,4
data/raw/defective/break__exp2_num_105807.jpg,break__exp2_num_105807.jpg,defective,1,break,526,trainval,1
data/raw/defective/break__exp2_num_116961.jpg,break__exp2_num_116961.jpg,defective,1,break,527,trainval,2
data/raw/defective/break__exp2_num_194202.jpg,break__exp2_num_194202.jpg,defective,1,break,515,test,-1
data/raw/defective/break__exp2_num_241913.jpg,break__exp2_num_241913.jpg,defective,1,break,528,trainval,2
data/raw/defective/break__exp2_num_26130.jpg,break__exp2_num_26130.jpg,defective,1,break,517,trainval,1
data/raw/defective/break__exp2_num_271384.jpg,break__exp2_num_271384.jpg,defective,1,break,529,trainval,3
data/raw/defective/break__exp2_num_276373.jpg,break__exp2_num_276373.jpg,defective,1,break,530,trainval,0
data/raw/defective/break__exp2_num_284506.jpg,break__exp2_num_284506.jpg,defective,1,break,531,trainval,4
data/raw/defective/break__exp2_num_304305.jpg,break__exp2_num_304305.jpg,defective,1,break,520,trainval,0
data/raw/defective/break__exp2_num_320673.jpg,break__exp2_num_320673.jpg,defective,1,break,532,trainval,4
data/raw/defective/break__exp2_num_348648.jpg,break__exp2_num_348648.jpg,defective,1,break,533,trainval,2
data/raw/defective/break__exp2_num_356745.jpg,break__exp2_num_356745.jpg,defective,1,break,534,trainval,1
data/raw/defective/break__exp2_num_62577.jpg,break__exp2_num_62577.jpg,defective,1,break,535,trainval,4
data/raw/defective/break__exp2_num_98102.jpg,break__exp2_num_98102.jpg,defective,1,break,536,trainval,3
data/raw/defective/break__exp3_num_105826.jpg,break__exp3_num_105826.jpg,defective,1,break,537,trainval,3
data/raw/defective/break__exp3_num_116981.jpg,break__exp3_num_116981.jpg,defective,1,break,361,trainval,0
data/raw/defective/break__exp3_num_148977.jpg,break__exp3_num_148977.jpg,defective,1,break,538,trainval,2
data/raw/defective/break__exp3_num_194220.jpg,break__exp3_num_194220.jpg,defective,1,break,539,test,-1
data/raw/defective/break__exp3_num_241926.jpg,break__exp3_num_241926.jpg,defective,1,break,540,trainval,3
data/raw/defective/break__exp3_num_26146.jpg,break__exp3_num_26146.jpg,defective,1,break,541,trainval,4
data/raw/defective/break__exp3_num_271400.jpg,break__exp3_num_271400.jpg,defective,1,break,542,trainval,4
data/raw/defective/break__exp3_num_276387.jpg,break__exp3_num_276387.jpg,defective,1,break,543,trainval,2
data/raw/defective/break__exp3_num_284520.jpg,break__exp3_num_284520.jpg,defective,1,break,519,trainval,4
data/raw/defective/break__exp3_num_304317.jpg,break__exp3_num_304317.jpg,defective,1,break,544,trainval,3
data/raw/defective/break__exp3_num_320689.jpg,break__exp3_num_320689.jpg,defective,1,break,545,trainval,1
data/raw/defective/break__exp3_num_348661.jpg,break__exp3_num_348661.jpg,defective,1,break,546,trainval,3
data/raw/defective/break__exp3_num_356756.jpg,break__exp3_num_356756.jpg,defective,1,break,523,trainval,2
data/raw/defective/break__exp3_num_62592.jpg,break__exp3_num_62592.jpg,defective,1,break,547,test,-1
data/raw/defective/break__exp3_num_77583.jpg,break__exp3_num_77583.jpg,defective,1,break,548,trainval,2
data/raw/defective/break__exp3_num_98116.jpg,break__exp3_num_98116.jpg,defective,1,break,549,test,-1
data/raw/defective/break__exp4_num_105851.jpg,break__exp4_num_105851.jpg,defective,1,break,550,trainval,3
data/raw/defective/break__exp4_num_116999.jpg,break__exp4_num_116999.jpg,defective,1,break,361,trainval,0
data/raw/defective/break__exp4_num_194236.jpg,break__exp4_num_194236.jpg,defective,1,break,515,test,-1
data/raw/defective/break__exp4_num_241939.jpg,break__exp4_num_241939.jpg,defective,1,break,551,trainval,1
data/raw/defective/break__exp4_num_26163.jpg,break__exp4_num_26163.jpg,defective,1,break,541,trainval,4
data/raw/defective/break__exp4_num_271416.jpg,break__exp4_num_271416.jpg,defective,1,break,518,trainval,2
data/raw/defective/break__exp4_num_276401.jpg,break__exp4_num_276401.jpg,defective,1,break,530,trainval,0
data/raw/defective/break__exp4_num_284532.jpg,break__exp4_num_284532.jpg,defective,1,break,552,trainval,4
data/raw/defective/break__exp4_num_304328.jpg,break__exp4_num_304328.jpg,defective,1,break,553,trainval,1
data/raw/defective/break__exp4_num_320705.jpg,break__exp4_num_320705.jpg,defective,1,break,554,trainval,0
data/raw/defective/break__exp4_num_348673.jpg,break__exp4_num_348673.jpg,defective,1,break,546,trainval,3
data/raw/defective/break__exp4_num_356767.jpg,break__exp4_num_356767.jpg,defective,1,break,523,trainval,2
data/raw/defective/break__exp4_num_62606.jpg,break__exp4_num_62606.jpg,defective,1,break,555,test,-1
data/raw/defective/break__exp4_num_98305.jpg,break__exp4_num_98305.jpg,defective,1,break,556,trainval,2
data/raw/defective/break__exp5_num_105879.jpg,break__exp5_num_105879.jpg,defective,1,break,537,trainval,3
data/raw/defective/break__exp5_num_149023.jpg,break__exp5_num_149023.jpg,defective,1,break,557,test,-1
data/raw/defective/break__exp5_num_194256.jpg,break__exp5_num_194256.jpg,defective,1,break,558,trainval,3
data/raw/defective/break__exp5_num_242089.jpg,break__exp5_num_242089.jpg,defective,1,break,559,trainval,1
data/raw/defective/break__exp5_num_26212.jpg,break__exp5_num_26212.jpg,defective,1,break,517,trainval,1
data/raw/defective/break__exp5_num_271434.jpg,break__exp5_num_271434.jpg,defective,1,break,542,trainval,4
data/raw/defective/break__exp5_num_276416.jpg,break__exp5_num_276416.jpg,defective,1,break,560,trainval,3
data/raw/defective/break__exp5_num_284552.jpg,break__exp5_num_284552.jpg,defective,1,break,519,trainval,4
data/raw/defective/break__exp5_num_304345.jpg,break__exp5_num_304345.jpg,defective,1,break,561,trainval,2
data/raw/defective/break__exp5_num_320724.jpg,break__exp5_num_320724.jpg,defective,1,break,545,trainval,1
data/raw/defective/break__exp5_num_348696.jpg,break__exp5_num_348696.jpg,defective,1,break,546,trainval,3
data/raw/defective/break__exp5_num_356780.jpg,break__exp5_num_356780.jpg,defective,1,break,523,trainval,2
data/raw/defective/break__exp5_num_62619.jpg,break__exp5_num_62619.jpg,defective,1,break,547,test,-1
data/raw/defective/break__exp5_num_98336.jpg,break__exp5_num_98336.jpg,defective,1,break,562,trainval,0
data/raw/defective/break__exp6_num_105927.jpg,break__exp6_num_105927.jpg,defective,1,break,563,trainval,1
data/raw/defective/break__exp6_num_117060.jpg,break__exp6_num_117060.jpg,defective,1,break,361,trainval,0
data/raw/defective/break__exp6_num_149097.jpg,break__exp6_num_149097.jpg,defective,1,break,564,trainval,1
data/raw/defective/break__exp6_num_194304.jpg,break__exp6_num_194304.jpg,defective,1,break,565,trainval,3
data/raw/defective/break__exp6_num_242123.jpg,break__exp6_num_242123.jpg,defective,1,break,566,trainval,1
data/raw/defective/break__exp6_num_26244.jpg,break__exp6_num_26244.jpg,defective,1,break,517,trainval,1
data/raw/defective/break__exp6_num_271512.jpg,break__exp6_num_271512.jpg,defective,1,break,567,trainval,4
data/raw/defective/break__exp6_num_276451.jpg,break__exp6_num_276451.jpg,defective,1,break,560,trainval,3
data/raw/defective/break__exp6_num_284593.jpg,break__exp6_num_284593.jpg,defective,1,break,568,trainval,0
data/raw/defective/break__exp6_num_304361.jpg,break__exp6_num_304361.jpg,defective,1,break,569,trainval,0
data/raw/defective/break__exp6_num_320759.jpg,break__exp6_num_320759.jpg,defective,1,break,570,trainval,0
data/raw/defective/break__exp6_num_348888.jpg,break__exp6_num_348888.jpg,defective,1,break,571,trainval,1
data/raw/defective/break__exp6_num_356817.jpg,break__exp6_num_356817.jpg,defective,1,break,572,trainval,0
data/raw/defective/break__exp6_num_62649.jpg,break__exp6_num_62649.jpg,defective,1,break,573,trainval,0
data/raw/defective/break__exp6_num_98402.jpg,break__exp6_num_98402.jpg,defective,1,break,574,trainval,2
data/raw/defective/crack__exp1_num_249594.jpg,crack__exp1_num_249594.jpg,defective,1,crack,575,trainval,3
data/raw/defective/crack__exp1_num_265613.jpg,crack__exp1_num_265613.jpg,defective,1,crack,576,test,-1
data/raw/defective/crack__exp1_num_276355.jpg,crack__exp1_num_276355.jpg,defective,1,crack,560,trainval,3
data/raw/defective/crack__exp1_num_3191.jpg,crack__exp1_num_3191.jpg,defective,1,crack,577,trainval,2
data/raw/defective/crack__exp1_num_32128.jpg,crack__exp1_num_32128.jpg,defective,1,crack,578,trainval,2
data/raw/defective/crack__exp1_num_339819.jpg,crack__exp1_num_339819.jpg,defective,1,crack,579,test,-1
data/raw/defective/crack__exp1_num_342140.jpg,crack__exp1_num_342140.jpg,defective,1,crack,580,trainval,4
data/raw/defective/crack__exp1_num_85781.jpg,crack__exp1_num_85781.jpg,defective,1,crack,581,trainval,0
data/raw/defective/crack__exp1_num_86828.jpg,crack__exp1_num_86828.jpg,defective,1,crack,581,trainval,0
data/raw/defective/crack__exp2_num_116527.jpg,crack__exp2_num_116527.jpg,defective,1,crack,582,trainval,1
data/raw/defective/crack__exp2_num_249619.jpg,crack__exp2_num_249619.jpg,defective,1,crack,575,trainval,3
data/raw/defective/crack__exp2_num_265639.jpg,crack__exp2_num_265639.jpg,defective,1,crack,576,test,-1
data/raw/defective/crack__exp2_num_3211.jpg,crack__exp2_num_3211.jpg,defective,1,crack,577,trainval,2
data/raw/defective/crack__exp2_num_32153.jpg,crack__exp2_num_32153.jpg,defective,1,crack,583,trainval,1
data/raw/defective/crack__exp2_num_339841.jpg,crack__exp2_num_339841.jpg,defective,1,crack,584,trainval,2
data/raw/defective/crack__exp2_num_342162.jpg,crack__exp2_num_342162.jpg,defective,1,crack,580,trainval,4
data/raw/defective/crack__exp2_num_85846.jpg,crack__exp2_num_85846.jpg,defective,1,crack,581,trainval,0
data/raw/defective/crack__exp2_num_86854.jpg,crack__exp2_num_86854.jpg,defective,1,crack,581,trainval,0
data/raw/defective/crack__exp3_num_116541.jpg,crack__exp3_num_116541.jpg,defective,1,crack,582,trainval,1
data/raw/defective/crack__exp3_num_249637.jpg,crack__exp3_num_249637.jpg,defective,1,crack,585,trainval,4
data/raw/defective/crack__exp3_num_265659.jpg,crack__exp3_num_265659.jpg,defective,1,crack,586,trainval,2
data/raw/defective/crack__exp3_num_32171.jpg,crack__exp3_num_32171.jpg,defective,1,crack,587,trainval,2
data/raw/defective/crack__exp3_num_3223.jpg,crack__exp3_num_3223.jpg,defective,1,crack,577,trainval,2
data/raw/defective/crack__exp3_num_339854.jpg,crack__exp3_num_339854.jpg,defective,1,crack,588,trainval,2
data/raw/defective/crack__exp3_num_342176.jpg,crack__exp3_num_342176.jpg,defective,1,crack,589,trainval,4
data/raw/defective/crack__exp3_num_85897.jpg,crack__exp3_num_85897.jpg,defective,1,crack,581,trainval,0
data/raw/defective/crack__exp3_num_86892.jpg,crack__exp3_num_86892.jpg,defective,1,crack,581,trainval,0
data/raw/defective/crack__exp4_num_116553.jpg,crack__exp4_num_116553.jpg,defective,1,crack,582,trainval,1
data/raw/defective/crack__exp4_num_249762.jpg,crack__exp4_num_249762.jpg,defective,1,crack,590,test,-1
data/raw/defective/crack__exp4_num_265677.jpg,crack__exp4_num_265677.jpg,defective,1,crack,576,test,-1
data/raw/defective/crack__exp4_num_32185.jpg,crack__exp4_num_32185.jpg,defective,1,crack,591,trainval,1
data/raw/defective/crack__exp4_num_3234.jpg,crack__exp4_num_3234.jpg,defective,1,crack,592,trainval,1
data/raw/defective/crack__exp4_num_339867.jpg,crack__exp4_num_339867.jpg,defective,1,crack,584,trainval,2
data/raw/defective/crack__exp4_num_342190.jpg,crack__exp4_num_342190.jpg,defective,1,crack,593,test,-1
data/raw/defective/crack__exp4_num_85602.jpg,crack__exp4_num_85602.jpg,defective,1,crack,594,trainval,4
data/raw/defective/crack__exp4_num_85998.jpg,crack__exp4_num_85998.jpg,defective,1,crack,594,trainval,4
data/raw/defective/crack__exp4_num_88149.jpg,crack__exp4_num_88149.jpg,defective,1,crack,594,trainval,4
data/raw/defective/crack__exp5_num_116575.jpg,crack__exp5_num_116575.jpg,defective,1,crack,595,trainval,1
data/raw/defective/crack__exp5_num_249786.jpg,crack__exp5_num_249786.jpg,defective,1,crack,596,trainval,3
data/raw/defective/crack__exp5_num_265695.jpg,crack__exp5_num_265695.jpg,defective,1,crack,597,test,-1
data/raw/defective/crack__exp5_num_32201.jpg,crack__exp5_num_32201.jpg,defective,1,crack,598,trainval,3
data/raw/defective/crack__exp5_num_3247.jpg,crack__exp5_num_3247.jpg,defective,1,crack,599,trainval,3
data/raw/defective/crack__exp5_num_339932.jpg,crack__exp5_num_339932.jpg,defective,1,crack,600,trainval,1
data/raw/defective/crack__exp5_num_342212.jpg,crack__exp5_num_342212.jpg,defective,1,crack,601,trainval,1
data/raw/defective/crack__exp5_num_85642.jpg,crack__exp5_num_85642.jpg,defective,1,crack,581,trainval,0
data/raw/defective/crack__exp5_num_86031.jpg,crack__exp5_num_86031.jpg,defective,1,crack,581,trainval,0
data/raw/defective/crack__exp5_num_88170.jpg,crack__exp5_num_88170.jpg,defective,1,crack,581,trainval,0
data/raw/defective/crack__exp6_num_116623.jpg,crack__exp6_num_116623.jpg,defective,1,crack,595,trainval,1
data/raw/defective/crack__exp6_num_249821.jpg,crack__exp6_num_249821.jpg,defective,1,crack,602,trainval,4
data/raw/defective/crack__exp6_num_265737.jpg,crack__exp6_num_265737.jpg,defective,1,crack,603,trainval,4
data/raw/defective/crack__exp6_num_32235.jpg,crack__exp6_num_32235.jpg,defective,1,crack,604,trainval,2
data/raw/defective/crack__exp6_num_3279.jpg,crack__exp6_num_3279.jpg,defective,1,crack,605,trainval,3
data/raw/defective/crack__exp6_num_339965.jpg,crack__exp6_num_339965.jpg,defective,1,crack,606,trainval,3
data/raw/defective/crack__exp6_num_342249.jpg,crack__exp6_num_342249.jpg,defective,1,crack,607,trainval,3
data/raw/defective/crack__exp6_num_85665.jpg,crack__exp6_num_85665.jpg,defective,1,crack,581,trainval,0
data/raw/defective/crack__exp6_num_86064.jpg,crack__exp6_num_86064.jpg,defective,1,crack,581,trainval,0
data/raw/defective/crack__exp6_num_88201.jpg,crack__exp6_num_88201.jpg,defective,1,crack,581,trainval,0
data/raw/defective/fray__exp0_num_797.jpg,fray__exp0_num_797.jpg,defective,1,fray,152,trainval,1
data/raw/defective/fray__exp1_num_135544.jpg,fray__exp1_num_135544.jpg,defective,1,fray,608,trainval,3
data/raw/defective/fray__exp1_num_136254.jpg,fray__exp1_num_136254.jpg,defective,1,fray,609,trainval,0
data/raw/defective/fray__exp1_num_20362.jpg,fray__exp1_num_20362.jpg,defective,1,fray,610,test,-1
data/raw/defective/fray__exp1_num_258511.jpg,fray__exp1_num_258511.jpg,defective,1,fray,611,test,-1
data/raw/defective/fray__exp1_num_331149.jpg,fray__exp1_num_331149.jpg,defective,1,fray,214,trainval,4
data/raw/defective/fray__exp1_num_77531.jpg,fray__exp1_num_77531.jpg,defective,1,fray,548,trainval,2
data/raw/defective/fray__exp2_num_135572.jpg,fray__exp2_num_135572.jpg,defective,1,fray,608,trainval,3
data/raw/defective/fray__exp2_num_136286.jpg,fray__exp2_num_136286.jpg,defective,1,fray,609,trainval,0
data/raw/defective/fray__exp2_num_20390.jpg,fray__exp2_num_20390.jpg,defective,1,fray,612,trainval,2
data/raw/defective/fray__exp2_num_258536.jpg,fray__exp2_num_258536.jpg,defective,1,fray,613,trainval,0
data/raw/defective/fray__exp2_num_77559.jpg,fray__exp2_num_77559.jpg,defective,1,fray,614,trainval,4
data/raw/defective/fray__exp3_num_135593.jpg,fray__exp3_num_135593.jpg,defective,1,fray,608,trainval,3
data/raw/defective/fray__exp3_num_136351.jpg,fray__exp3_num_136351.jpg,defective,1,fray,615,trainval,1
data/raw/defective/fray__exp3_num_20409.jpg,fray__exp3_num_20409.jpg,defective,1,fray,616,trainval,1
data/raw/defective/fray__exp3_num_258558.jpg,fray__exp3_num_258558.jpg,defective,1,fray,617,trainval,4
data/raw/defective/fray__exp4_num_135615.jpg,fray__exp4_num_135615.jpg,defective,1,fray,608,trainval,3
data/raw/defective/fray__exp4_num_136676.jpg,fray__exp4_num_136676.jpg,defective,1,fray,618,trainval,2
data/raw/defective/fray__exp4_num_20426.jpg,fray__exp4_num_20426.jpg,defective,1,fray,619,trainval,2
data/raw/defective/fray__exp4_num_258590.jpg,fray__exp4_num_258590.jpg,defective,1,fray,620,trainval,0
data/raw/defective/fray__exp4_num_77613.jpg,fray__exp4_num_77613.jpg,defective,1,fray,621,test,-1
data/raw/defective/fray__exp5_num_135651.jpg,fray__exp5_num_135651.jpg,defective,1,fray,608,trainval,3
data/raw/defective/fray__exp5_num_136716.jpg,fray__exp5_num_136716.jpg,defective,1,fray,618,trainval,2
data/raw/defective/fray__exp5_num_20449.jpg,fray__exp5_num_20449.jpg,defective,1,fray,622,trainval,0
data/raw/defective/fray__exp5_num_258619.jpg,fray__exp5_num_258619.jpg,defective,1,fray,623,test,-1
data/raw/defective/fray__exp5_num_77692.jpg,fray__exp5_num_77692.jpg,defective,1,fray,621,test,-1
data/raw/defective/fray__exp6_num_135686.jpg,fray__exp6_num_135686.jpg,defective,1,fray,608,trainval,3
data/raw/defective/fray__exp6_num_136770.jpg,fray__exp6_num_136770.jpg,defective,1,fray,624,trainval,4
data/raw/defective/fray__exp6_num_20496.jpg,fray__exp6_num_20496.jpg,defective,1,fray,625,trainval,1
data/raw/defective/fray__exp6_num_258703.jpg,fray__exp6_num_258703.jpg,defective,1,fray,626,trainval,4
data/raw/defective/fray__exp6_num_77744.jpg,fray__exp6_num_77744.jpg,defective,1,fray,627,trainval,2
data/raw/defective/fray__exp6_num_972.jpg,fray__exp6_num_972.jpg,defective,1,fray,152,trainval,1
data/raw/defective/uneven__exp0_num_461.jpg,uneven__exp0_num_461.jpg,defective,1,uneven,628,trainval,3
data/raw/defective/uneven__exp1_num_109232.jpg,uneven__exp1_num_109232.jpg,defective,1,uneven,629,trainval,1
data/raw/defective/uneven__exp1_num_124236.jpg,uneven__exp1_num_124236.jpg,defective,1,uneven,630,trainval,2
data/raw/defective/uneven__exp1_num_129031.jpg,uneven__exp1_num_129031.jpg,defective,1,uneven,631,trainval,0
data/raw/defective/uneven__exp1_num_139798.jpg,uneven__exp1_num_139798.jpg,defective,1,uneven,632,test,-1
data/raw/defective/uneven__exp1_num_155300.jpg,uneven__exp1_num_155300.jpg,defective,1,uneven,633,trainval,1
data/raw/defective/uneven__exp1_num_172241.jpg,uneven__exp1_num_172241.jpg,defective,1,uneven,634,trainval,3
data/raw/defective/uneven__exp1_num_186826.jpg,uneven__exp1_num_186826.jpg,defective,1,uneven,635,trainval,4
data/raw/defective/uneven__exp1_num_24793.jpg,uneven__exp1_num_24793.jpg,defective,1,uneven,636,test,-1
data/raw/defective/uneven__exp1_num_270128.jpg,uneven__exp1_num_270128.jpg,defective,1,uneven,637,trainval,2
data/raw/defective/uneven__exp1_num_274094.jpg,uneven__exp1_num_274094.jpg,defective,1,uneven,638,trainval,0
data/raw/defective/uneven__exp1_num_28341.jpg,uneven__exp1_num_28341.jpg,defective,1,uneven,639,trainval,0
data/raw/defective/uneven__exp1_num_311809.jpg,uneven__exp1_num_311809.jpg,defective,1,uneven,640,trainval,1
data/raw/defective/uneven__exp1_num_313478.jpg,uneven__exp1_num_313478.jpg,defective,1,uneven,641,trainval,0
data/raw/defective/uneven__exp1_num_33365.jpg,uneven__exp1_num_33365.jpg,defective,1,uneven,642,trainval,2
data/raw/defective/uneven__exp1_num_352479.jpg,uneven__exp1_num_352479.jpg,defective,1,uneven,643,trainval,3
data/raw/defective/uneven__exp1_num_45007.jpg,uneven__exp1_num_45007.jpg,defective,1,uneven,644,trainval,4
data/raw/defective/uneven__exp1_num_524.jpg,uneven__exp1_num_524.jpg,defective,1,uneven,645,test,-1
data/raw/defective/uneven__exp2_num_109256.jpg,uneven__exp2_num_109256.jpg,defective,1,uneven,629,trainval,1
data/raw/defective/uneven__exp2_num_124592.jpg,uneven__exp2_num_124592.jpg,defective,1,uneven,646,trainval,4
data/raw/defective/uneven__exp2_num_129056.jpg,uneven__exp2_num_129056.jpg,defective,1,uneven,631,trainval,0
data/raw/defective/uneven__exp2_num_139820.jpg,uneven__exp2_num_139820.jpg,defective,1,uneven,632,test,-1
data/raw/defective/uneven__exp2_num_155333.jpg,uneven__exp2_num_155333.jpg,defective,1,uneven,647,trainval,1
data/raw/defective/uneven__exp2_num_172267.jpg,uneven__exp2_num_172267.jpg,defective,1,uneven,648,trainval,3
data/raw/defective/uneven__exp2_num_186858.jpg,uneven__exp2_num_186858.jpg,defective,1,uneven,635,trainval,4
data/raw/defective/uneven__exp2_num_24815.jpg,uneven__exp2_num_24815.jpg,defective,1,uneven,636,test,-1
data/raw/defective/uneven__exp2_num_270153.jpg,uneven__exp2_num_270153.jpg,defective,1,uneven,637,trainval,2
data/raw/defective/uneven__exp2_num_274120.jpg,uneven__exp2_num_274120.jpg,defective,1,uneven,649,trainval,4
data/raw/defective/uneven__exp2_num_28359.jpg,uneven__exp2_num_28359.jpg,defective,1,uneven,639,trainval,0
data/raw/defective/uneven__exp2_num_311834.jpg,uneven__exp2_num_311834.jpg,defective,1,uneven,640,trainval,1
data/raw/defective/uneven__exp2_num_313494.jpg,uneven__exp2_num_313494.jpg,defective,1,uneven,650,trainval,2
data/raw/defective/uneven__exp2_num_33380.jpg,uneven__exp2_num_33380.jpg,defective,1,uneven,642,trainval,2
data/raw/defective/uneven__exp2_num_352504.jpg,uneven__exp2_num_352504.jpg,defective,1,uneven,643,trainval,3
data/raw/defective/uneven__exp2_num_45028.jpg,uneven__exp2_num_45028.jpg,defective,1,uneven,644,trainval,4
data/raw/defective/uneven__exp2_num_542.jpg,uneven__exp2_num_542.jpg,defective,1,uneven,628,trainval,3
data/raw/defective/uneven__exp3_num_109271.jpg,uneven__exp3_num_109271.jpg,defective,1,uneven,629,trainval,1
data/raw/defective/uneven__exp3_num_124629.jpg,uneven__exp3_num_124629.jpg,defective,1,uneven,651,trainval,4
data/raw/defective/uneven__exp3_num_129069.jpg,uneven__exp3_num_129069.jpg,defective,1,uneven,652,trainval,3
data/raw/defective/uneven__exp3_num_139838.jpg,uneven__exp3_num_139838.jpg,defective,1,uneven,653,trainval,1
data/raw/defective/uneven__exp3_num_155360.jpg,uneven__exp3_num_155360.jpg,defective,1,uneven,654,trainval,4
data/raw/defective/uneven__exp3_num_172286.jpg,uneven__exp3_num_172286.jpg,defective,1,uneven,655,test,-1
data/raw/defective/uneven__exp3_num_186885.jpg,uneven__exp3_num_186885.jpg,defective,1,uneven,656,trainval,0
data/raw/defective/uneven__exp3_num_24829.jpg,uneven__exp3_num_24829.jpg,defective,1,uneven,636,test,-1
data/raw/defective/uneven__exp3_num_270169.jpg,uneven__exp3_num_270169.jpg,defective,1,uneven,637,trainval,2
data/raw/defective/uneven__exp3_num_274138.jpg,uneven__exp3_num_274138.jpg,defective,1,uneven,657,trainval,4
data/raw/defective/uneven__exp3_num_28373.jpg,uneven__exp3_num_28373.jpg,defective,1,uneven,639,trainval,0
data/raw/defective/uneven__exp3_num_311847.jpg,uneven__exp3_num_311847.jpg,defective,1,uneven,640,trainval,1
data/raw/defective/uneven__exp3_num_313507.jpg,uneven__exp3_num_313507.jpg,defective,1,uneven,658,trainval,0
data/raw/defective/uneven__exp3_num_33395.jpg,uneven__exp3_num_33395.jpg,defective,1,uneven,642,trainval,2
data/raw/defective/uneven__exp3_num_352516.jpg,uneven__exp3_num_352516.jpg,defective,1,uneven,643,trainval,3
data/raw/defective/uneven__exp3_num_45042.jpg,uneven__exp3_num_45042.jpg,defective,1,uneven,644,trainval,4
data/raw/defective/uneven__exp3_num_557.jpg,uneven__exp3_num_557.jpg,defective,1,uneven,659,trainval,1
data/raw/defective/uneven__exp4_num_109286.jpg,uneven__exp4_num_109286.jpg,defective,1,uneven,629,trainval,1
data/raw/defective/uneven__exp4_num_124690.jpg,uneven__exp4_num_124690.jpg,defective,1,uneven,651,trainval,4
data/raw/defective/uneven__exp4_num_129083.jpg,uneven__exp4_num_129083.jpg,defective,1,uneven,660,trainval,3
data/raw/defective/uneven__exp4_num_139856.jpg,uneven__exp4_num_139856.jpg,defective,1,uneven,632,test,-1
data/raw/defective/uneven__exp4_num_155384.jpg,uneven__exp4_num_155384.jpg,defective,1,uneven,661,trainval,3
data/raw/defective/uneven__exp4_num_172304.jpg,uneven__exp4_num_172304.jpg,defective,1,uneven,662,trainval,2
data/raw/defective/uneven__exp4_num_186909.jpg,uneven__exp4_num_186909.jpg,defective,1,uneven,635,trainval,4
data/raw/defective/uneven__exp4_num_24843.jpg,uneven__exp4_num_24843.jpg,defective,1,uneven,636,test,-1
data/raw/defective/uneven__exp4_num_270184.jpg,uneven__exp4_num_270184.jpg,defective,1,uneven,637,trainval,2
data/raw/defective/uneven__exp4_num_274154.jpg,uneven__exp4_num_274154.jpg,defective,1,uneven,663,trainval,3
data/raw/defective/uneven__exp4_num_28388.jpg,uneven__exp4_num_28388.jpg,defective,1,uneven,639,trainval,0
data/raw/defective/uneven__exp4_num_311863.jpg,uneven__exp4_num_311863.jpg,defective,1,uneven,640,trainval,1
data/raw/defective/uneven__exp4_num_313519.jpg,uneven__exp4_num_313519.jpg,defective,1,uneven,658,trainval,0
data/raw/defective/uneven__exp4_num_33407.jpg,uneven__exp4_num_33407.jpg,defective,1,uneven,642,trainval,2
data/raw/defective/uneven__exp4_num_352527.jpg,uneven__exp4_num_352527.jpg,defective,1,uneven,643,trainval,3
data/raw/defective/uneven__exp4_num_45057.jpg,uneven__exp4_num_45057.jpg,defective,1,uneven,644,trainval,4
data/raw/defective/uneven__exp4_num_573.jpg,uneven__exp4_num_573.jpg,defective,1,uneven,628,trainval,3
data/raw/defective/uneven__exp5_num_109313.jpg,uneven__exp5_num_109313.jpg,defective,1,uneven,629,trainval,1
data/raw/defective/uneven__exp5_num_124744.jpg,uneven__exp5_num_124744.jpg,defective,1,uneven,651,trainval,4
data/raw/defective/uneven__exp5_num_129103.jpg,uneven__exp5_num_129103.jpg,defective,1,uneven,631,trainval,0
data/raw/defective/uneven__exp5_num_139883.jpg,uneven__exp5_num_139883.jpg,defective,1,uneven,632,test,-1
data/raw/defective/uneven__exp5_num_155415.jpg,uneven__exp5_num_155415.jpg,defective,1,uneven,664,trainval,1
data/raw/defective/uneven__exp5_num_172332.jpg,uneven__exp5_num_172332.jpg,defective,1,uneven,665,trainval,0
data/raw/defective/uneven__exp5_num_186953.jpg,uneven__exp5_num_186953.jpg,defective,1,uneven,635,trainval,4
data/raw/defective/uneven__exp5_num_24876.jpg,uneven__exp5_num_24876.jpg,defective,1,uneven,636,test,-1
data/raw/defective/uneven__exp5_num_270218.jpg,uneven__exp5_num_270218.jpg,defective,1,uneven,637,trainval,2
data/raw/defective/uneven__exp5_num_274174.jpg,uneven__exp5_num_274174.jpg,defective,1,uneven,663,trainval,3
data/raw/defective/uneven__exp5_num_28404.jpg,uneven__exp5_num_28404.jpg,defective,1,uneven,639,trainval,0
data/raw/defective/uneven__exp5_num_311887.jpg,uneven__exp5_num_311887.jpg,defective,1,uneven,666,trainval,2
data/raw/defective/uneven__exp5_num_313536.jpg,uneven__exp5_num_313536.jpg,defective,1,uneven,667,trainval,4
data/raw/defective/uneven__exp5_num_33487.jpg,uneven__exp5_num_33487.jpg,defective,1,uneven,642,trainval,2
data/raw/defective/uneven__exp5_num_352540.jpg,uneven__exp5_num_352540.jpg,defective,1,uneven,643,trainval,3
data/raw/defective/uneven__exp5_num_45084.jpg,uneven__exp5_num_45084.jpg,defective,1,uneven,644,trainval,4
data/raw/defective/uneven__exp5_num_592.jpg,uneven__exp5_num_592.jpg,defective,1,uneven,659,trainval,1
data/raw/defective/uneven__exp6_num_109350.jpg,uneven__exp6_num_109350.jpg,defective,1,uneven,629,trainval,1
data/raw/defective/uneven__exp6_num_124787.jpg,uneven__exp6_num_124787.jpg,defective,1,uneven,668,test,-1
data/raw/defective/uneven__exp6_num_129148.jpg,uneven__exp6_num_129148.jpg,defective,1,uneven,669,trainval,2
data/raw/defective/uneven__exp6_num_139916.jpg,uneven__exp6_num_139916.jpg,defective,1,uneven,632,test,-1
data/raw/defective/uneven__exp6_num_155478.jpg,uneven__exp6_num_155478.jpg,defective,1,uneven,664,trainval,1
data/raw/defective/uneven__exp6_num_172365.jpg,uneven__exp6_num_172365.jpg,defective,1,uneven,670,trainval,1
data/raw/defective/uneven__exp6_num_187011.jpg,uneven__exp6_num_187011.jpg,defective,1,uneven,671,trainval,0
data/raw/defective/uneven__exp6_num_25007.jpg,uneven__exp6_num_25007.jpg,defective,1,uneven,636,test,-1
data/raw/defective/uneven__exp6_num_270255.jpg,uneven__exp6_num_270255.jpg,defective,1,uneven,637,trainval,2
data/raw/defective/uneven__exp6_num_274218.jpg,uneven__exp6_num_274218.jpg,defective,1,uneven,672,test,-1
data/raw/defective/uneven__exp6_num_28424.jpg,uneven__exp6_num_28424.jpg,defective,1,uneven,639,trainval,0
data/raw/defective/uneven__exp6_num_311924.jpg,uneven__exp6_num_311924.jpg,defective,1,uneven,673,trainval,2
data/raw/defective/uneven__exp6_num_313568.jpg,uneven__exp6_num_313568.jpg,defective,1,uneven,658,trainval,0
data/raw/defective/uneven__exp6_num_33541.jpg,uneven__exp6_num_33541.jpg,defective,1,uneven,642,trainval,2
data/raw/defective/uneven__exp6_num_352572.jpg,uneven__exp6_num_352572.jpg,defective,1,uneven,643,trainval,3
data/raw/defective/uneven__exp6_num_45116.jpg,uneven__exp6_num_45116.jpg,defective,1,uneven,644,trainval,4
data/raw/defective/uneven__exp6_num_628.jpg,uneven__exp6_num_628.jpg,defective,1,uneven,628,trainval,3
